Date,Open,High,Low,Close,Volume
1996-01-01,0.46735647661558893,0.4683900773525238,0.4650600572261304,0.4683900773525238,204800
1996-01-02,0.46735645486382055,0.46965350492491714,0.4664957225322723,0.4664957225322723,204800
1996-01-03,0.46965363621711725,0.46965363621711725,0.46965363621711725,0.46965363621711725,102400
1996-01-04,0.46505990801380515,0.4673563266664683,0.46505990801380515,0.46655264496803284,307200
1996-01-05,0.46104106307029724,0.46104106307029724,0.46104106307029724,0.46104106307029724,51200
1996-01-08,0.461040918322408,0.4650600287225951,0.4616153472846529,0.4639118015766144,358400
1996-01-09,0.46391170816255484,0.45931880050346774,0.4535771052377137,0.4587444067001343,870400
1996-01-10,0.4587444897901447,0.45587364163728583,0.4535771873917974,0.4547254145145416,358400
1996-01-11,0.45817006689085593,0.4650600254535675,0.45472542052037757,0.4650600254535675,819200
1996-01-12,0.46276363471685583,0.46276363471685583,0.45931895283016005,0.46247670054435724,358400
1996-01-15,0.4564480722099042,0.461615375023327,0.4564480722099042,0.457309365272522,307200
1996-01-16,0.45730935081149937,0.4593189060688019,0.4191281513552667,0.4593189060688019,358400
1996-01-17,0.4593190757320523,0.46046730333485353,0.45357737702581497,0.4549554884433747,768000
1996-01-18,0.45495531099983977,0.4564480483531952,0.45242897296481155,0.4564480483531952,204800
1996-01-19,0.45357712322161814,0.45357712322161814,0.4515675683464951,0.45185446739196783,512000
1996-01-22,0.45357720011977654,0.4564480483531952,0.45357720011977654,0.4564480483531952,204800
1996-01-23,0.4512807705112302,0.45931892172797517,0.4512807705112302,0.45501235127449036,665600
1996-01-24,0.4550124556720605,0.4530028998851776,0.44266829186164214,0.4530028998851776,409600
1996-01-25,0.4532901732381288,0.4532901732381288,0.4512806534767151,0.4512806534767151,102400
1996-01-26,0.4512806534767151,0.4512806534767151,0.4512806534767151,0.4512806534767151,0
1996-01-29,0.45013245430013515,0.45013245430013515,0.44869673252105713,0.44869673252105713,102400
1996-01-30,0.44869677339597486,0.4558736307828665,0.45357717659205704,0.45415097475051874,1433600
1996-01-31,0.45415100768350386,0.4593189060688019,0.4512807551260949,0.4593189060688019,460800
1996-02-01,0.45931889746119203,0.47654283046722407,0.45931889746119203,0.47654283046722407,819200
1996-02-02,0.4765429696931733,0.4937675034667589,0.4765429696931733,0.4937104880809784,2355200
1996-02-05,0.4937102759461668,0.4949155183067006,0.48234210676271067,0.4937672913074493,819200
1996-02-06,0.4937673247742375,0.5196044314736148,0.4937673247742375,0.5052507519721985,1382400
1996-02-07,0.5052509685132246,0.4960645872675296,0.4903228887293897,0.49181562662124634,972800
1996-02-08,0.4995090203216,0.5224746465682983,0.4995090203216,0.5224746465682983,768000
1996-02-09,0.5224746025861581,0.5454408576779732,0.48802614859437343,0.5423977375030518,1382400
1996-02-12,0.5423980225376734,0.5500340192767132,0.5339583085991134,0.5362547636032104,819200
1996-02-13,0.5511825727956525,0.5626654028892517,0.5511825727956525,0.5626654028892517,2048000
1996-02-14,0.5626654334521926,0.5885019076959127,0.5592201567093922,0.5839090347290039,972800
1996-02-15,0.5839090082420476,0.5913727637659516,0.5626654079288766,0.5894208550453186,2201600
1996-02-16,0.5894207576240015,0.5971143605171916,0.5675456816598804,0.5910857319831848,2764800
1996-02-19,0.5910859318797068,0.5798900338337223,0.5775929838004934,0.5788564682006836,1024000
1996-02-20,0.578856337742857,0.5770190555715013,0.569555300439217,0.5696699619293213,614400
1996-02-21,0.5696699619293213,0.5696699619293213,0.5696699619293213,0.5696699619293213,0
1996-02-22,0.569670018557454,0.5718518110646443,0.5651341259016045,0.5652487874031067,307200
1996-02-23,0.5652489466939168,0.5707037448883057,0.5649620475565881,0.5707037448883057,153600
1996-02-26,0.5707036161034292,0.5741482973098755,0.5681196671579927,0.5741482973098755,204800
1996-02-27,0.5741482696605366,0.5597945909536203,0.5454409122467041,0.5454409122467041,153600
1996-02-28,0.5454412065138887,0.5465894341468811,0.5465894341468811,0.5465894341468811,51200
1996-02-29,0.5465891829726015,0.5396992246052804,0.5374028054378351,0.5385510325431824,460800
1996-03-01,0.5385509797106641,0.545440902358826,0.528216376084388,0.5425700545310974,512000
1996-03-04,0.5454409906971932,0.5511826872825623,0.5454409906971932,0.5511826872825623,153600
1996-03-05,0.5511826872825623,0.5511826872825623,0.5511826872825623,0.5511826872825623,0
1996-03-06,0.5602535846653306,0.5602535846653306,0.5356799364089966,0.5356799364089966,204800
1996-03-07,0.5356801835972193,0.5511826872825623,0.5396422436983812,0.5511826872825623,307200
1996-03-08,0.5511828599262999,0.5557181239128113,0.5465893890808142,0.5557181239128113,256000
1996-03-11,0.5557179528699678,0.5511826902793521,0.5477950591383695,0.5500338673591614,153600
1996-03-12,0.5500338643686178,0.5511826872825623,0.5396992590685727,0.5511826872825623,409600
1996-03-13,0.5511826107832127,0.5456707986926792,0.5379771590232849,0.5379771590232849,870400
1996-03-14,0.5379772336898327,0.5511826872825623,0.5508951924472513,0.5511826872825623,307200
1996-03-15,0.551182573892982,0.5489431704097782,0.5488855242729187,0.5488855242729187,153600
1996-03-18,0.5488856950591018,0.5511827453938939,0.5488856950591018,0.5496894121170044,1228800
1996-03-19,0.5496893541631153,0.5511826872825623,0.5454409906971932,0.5511826872825623,256000
1996-03-20,0.5511826872825623,0.5511826872825623,0.5511826872825623,0.5511826872825623,0
1996-03-21,0.5511826745180309,0.5554310378855675,0.5494600534439087,0.5494600534439087,256000
1996-03-22,0.5494599621997271,0.5592201366743539,0.5535360522699944,0.5565791726112366,768000
1996-03-25,0.5565792809532845,0.5510674680677916,0.5414219181695601,0.5500338673591614,409600
1996-03-26,0.550033949705587,0.5488857223487722,0.5426848530769348,0.5426848530769348,204800
1996-03-27,0.542684983606298,0.5511829053710965,0.5465894341468811,0.5465894341468811,716800
1996-03-28,0.5465890493948963,0.5581294894218445,0.5569236515093967,0.5581294894218445,307200
1996-03-29,0.5581296072771286,0.5786841543628846,0.562665465138023,0.5775359272956848,716800
1996-04-01,0.5775359272956848,0.5775359272956848,0.5775359272956848,0.5775359272956848,0
1996-04-02,0.5775357693367295,0.5798898339271545,0.5729999127164147,0.5798898339271545,614400
1996-04-03,0.5798898699674562,0.5821863236164891,0.5752964019775391,0.5752964019775391,512000
1996-04-04,0.5752965243786909,0.5741482973098755,0.5741482973098755,0.5741482973098755,51200
1996-04-05,0.5741482973098755,0.5741482973098755,0.5741482973098755,0.5741482973098755,0
1996-04-08,0.5741482700637067,0.577478289604187,0.5741482700637067,0.577478289604187,256000
1996-04-09,0.5774783248218385,0.6085973603767265,0.5810382282763618,0.6068747043609619,2099200
1996-04-10,0.6068747502464364,0.6683085834453147,0.6373623788528049,0.6401755809783936,4505600
1996-04-11,0.6401757547607352,0.6384531682336102,0.6258221052299074,0.6327114701271057,1536000
1996-04-12,0.6327112640062627,0.6430464293694776,0.6293241937818126,0.6423574090003968,1587200
1996-04-15,0.6423575036125349,0.688978418660465,0.6430465240831007,0.6820884943008423,3174400
1996-04-16,0.6820885641802445,0.7176858562111237,0.6774950939058747,0.7094178199768068,2918400
1996-04-17,0.7094176546627798,0.7521341848861476,0.71194399263846,0.7442112565040587,4249600
1996-04-18,0.7442112322421307,0.7749857227429162,0.7240011598740539,0.7359431982040405,3532800
1996-04-19,0.735943352487326,0.7475414087183974,0.7262977663163531,0.7303168773651123,1587200
1996-04-22,0.7303167969704513,0.7291685697655778,0.7119440403084017,0.7130922675132751,1689600
1996-04-23,0.7130923294695631,0.7176857993801928,0.7062024049496615,0.7160778045654297,3276800
1996-04-24,0.716077730359233,0.7463930867246129,0.7245750881212423,0.7303743958473206,1280000
1996-04-25,0.7303742709914507,0.7389286076184013,0.7292260440020909,0.7292830944061279,1484800
1996-04-26,0.7292831850255005,0.7395031283915765,0.719178463865679,0.727503478527069,1382400
1996-04-29,0.7275033533625326,0.7257237172567819,0.7198673603979118,0.7222784757614136,460800
1996-04-30,0.7263201528676378,0.7329600896396457,0.7234332054505893,0.7280523777008057,1075200
1996-05-01,0.7280523777008057,0.7309393251178543,0.7263201528676378,0.7280523777008057,358400
1996-05-02,0.7280523759535271,0.7621166216175845,0.7320939754660836,0.7413317561149597,1280000
1996-05-03,0.7413317625098973,0.7482602390136677,0.7332486338937302,0.7416203022003174,1638400
1996-05-06,0.7416205225894928,0.7491260102258537,0.7361357296093264,0.7464129328727721,2150400
1996-05-07,0.7464128088663868,0.7505696415901183,0.739311094851906,0.7505696415901183,1536000
1996-05-08,0.7505696264401875,0.7667358854645748,0.744795801408777,0.7606155872344972,1638400
1996-05-09,0.760615468609866,0.8135016763209322,0.7471629228392331,0.780996561050415,4864000
1996-05-10,0.7809963316150961,0.8007997045751118,0.7563425474911663,0.7941597700119019,3328000
1996-05-13,0.7941600871505192,0.806746521866942,0.7864813647002072,0.7936983108520508,1587200
1996-05-14,0.7936985591386727,0.7966428773132043,0.7782831759424301,0.7897723317146301,1536000
1996-05-15,0.7897720694912111,0.7952573544184706,0.7713544407440696,0.7793222665786743,1894400
1996-05-16,0.7793221205152833,0.8002222862525852,0.7863658990997775,0.7872893810272217,972800
1996-05-17,0.7872895742112296,0.7972202317668792,0.7655806604837095,0.7752227783203125,1177600
1996-05-20,0.7752226160972843,0.7736636280050246,0.7638487689757265,0.764599084854126,870400
1996-05-21,0.764599244351344,0.7759736576749595,0.7603844078084029,0.7693337202072142,2355200
1996-05-22,0.769333779302832,0.7736638488213561,0.7673129439353943,0.7673129439353943,1024000
1996-05-23,0.767312817725883,0.7647150442610641,0.7569783182422619,0.7619433999061584,460800
1996-05-24,0.7619433835040675,0.764425924282575,0.7517241873519767,0.7632712721824646,819200
1996-05-27,0.7632713078450065,0.7563428310912389,0.7485488057136536,0.7485488057136536,614400
1996-05-28,0.7485490302982487,0.7563430580142494,0.7390227066773805,0.7551884055137634,921600
1996-05-29,0.7551882140737121,0.7652921080589294,0.7577866220329688,0.7652921080589294,512000
1996-05-30,0.7652920996475773,0.7563428579685033,0.7450842414205684,0.750800132751465,563200
1996-05-31,0.7508001181089616,0.7505695823550409,0.7459504098353317,0.7471050620079042,409600
1996-06-03,0.7471053161379142,0.7702000589333636,0.7603846311442843,0.7695650458335876,819200
1996-06-04,0.7695645532674295,0.7744717001914977,0.7678902623081877,0.7744717001914977,460800
1996-06-05,0.7753960222002978,0.7782829699488558,0.7713544926926246,0.771932065486908,460800
1996-06-06,0.7794376956074488,0.7875208258628844,0.7794376956074488,0.7875208258628844,512000
1996-06-07,0.7872318052779741,0.79906799739936,0.7853269070961423,0.7988368272781373,1331200
1996-06-10,0.8232590914902447,0.8232590914902447,0.8106147257850544,0.8129819631576538,819200
1996-06-11,0.8083052564435235,0.8163883823057544,0.8038019526385106,0.8150025606155396,1382400
1996-06-12,0.8198527738424146,0.8302452086741934,0.8175434691752412,0.8199686408042908,1638400
1996-06-13,0.8140792412687459,0.8197371979214715,0.8083054176927019,0.81633061170578,460800
1996-06-14,0.8186399455009792,0.8210071829477826,0.8152339229902114,0.8198525309562684,819200
1996-06-17,0.8314001785300733,0.8325548305215876,0.8198525309562684,0.8198525309562684,1126400
1996-06-18,0.8111925865627141,0.8314004477709933,0.8083057089737089,0.8169084787368774,1331200
1996-06-19,0.8198525309562684,0.8198525309562684,0.8198525309562684,0.8198525309562684,102400
1996-06-20,0.8083056383298214,0.8198527248045203,0.8083056383298214,0.8140794634819031,307200
1996-06-21,0.8152341157464266,0.8198527248045203,0.8140794634819031,0.8140794634819031,1177600
1996-06-24,0.8083057055897931,0.8083057055897931,0.8025318799572653,0.8053034543991089,768000
1996-06-25,0.8014931769157478,0.8048418312065606,0.8003379606069331,0.8042641878128052,716800
1996-06-26,0.8082474422683711,0.8210071103396968,0.8025315524507445,0.8192753791809083,14745600
1996-06-27,0.8071509395280165,0.8198526775349047,0.8065732962749859,0.8189291954040527,819200
1996-06-28,0.8186978513255683,0.8186978513255683,0.8124048818944662,0.8163885474205017,460800
1996-07-01,0.8198526918492457,0.8221625601149083,0.8149449794305252,0.817543387413025,563200
1996-07-02,0.8140795916162072,0.8198528538475229,0.8140795916162072,0.816042423248291,972800
1996-07-03,0.809460414924212,0.8197375475874323,0.8054188142235325,0.8115391135215759,1689600
1996-07-04,0.8071509689071775,0.8140794461764996,0.797624647435597,0.8083056211471558,768000
1996-07-05,0.8083053641170281,0.8083053641170281,0.8059960603713988,0.8059960603713988,256000
1996-07-08,0.8059961639207666,0.8083054679630809,0.8010884523391724,0.8010884523391724,307200
1996-07-09,0.807151071397597,0.807151071397597,0.7967586360887295,0.8025318980216981,512000
1996-07-10,0.8059961432287661,0.8198525309562684,0.8059961432287661,0.8198525309562684,409600
1996-07-11,0.8198527488409468,0.8259150434205152,0.8152341396474447,0.8154646754264832,614400
1996-07-12,0.8197373061010531,0.8233171293448359,0.8154072373819082,0.8185826539993286,614400
1996-07-15,0.8169656666375049,0.8169656666375049,0.8117694854736329,0.8117694854736329,307200
1996-07-16,0.8038022622521134,0.8038022622521134,0.7909846576764941,0.7987213134765625,614400
1996-07-17,0.7987213134765625,0.7987213134765625,0.7987213134765625,0.7987213134765625,0
1996-07-18,0.8025315790520761,0.8028206825256348,0.7967583194137143,0.8028206825256348,563200
1996-07-19,0.8083056693581627,0.8083056693581627,0.7984902437493916,0.8062849044799805,665600
1996-07-22,0.8140794461764996,0.8140794461764996,0.8083056211471558,0.8083056211471558,256000
1996-07-23,0.808305384417119,0.808305384417119,0.7979129534715144,0.8013195395469664,716800
1996-07-24,0.7909845113754272,0.7909845113754272,0.7598072172322128,0.7909845113754272,1177600
1996-07-25,0.7898299277193972,0.8083054881786739,0.7875206236193276,0.8026475310325624,1331200
1996-07-26,0.8058806206832346,0.8059964876602986,0.787520920242128,0.7921395301818847,921600
1996-07-29,0.7956038504738665,0.7967585026671073,0.7869430780410767,0.7869430780410767,358400
1996-07-30,0.7852114781284085,0.7852114781284085,0.7344033946877159,0.7384449243545532,1126400
1996-07-31,0.7413892893805524,0.7621167898178101,0.7413892893805524,0.7621167898178101,870400
1996-08-01,0.7736636823788231,0.8083054996906807,0.7736636823788231,0.8082475662231444,1331200
1996-08-02,0.8129247914941391,0.8129247914941391,0.7967585325241089,0.7967585325241089,256000
1996-08-05,0.7967585728626004,0.7967585728626004,0.7898300952633178,0.7909268140792847,409600
1996-08-06,0.7852111885442482,0.8013768783776217,0.7852111885442482,0.7943331003189087,870400
1996-08-07,0.779437776900201,0.7852116030647042,0.779437776900201,0.7828443646430969,204800
1996-08-08,0.7908693955005611,0.7967585235690516,0.7904076191855651,0.79560387134552,307200
1996-08-09,0.7909848380845989,0.7909848380845989,0.7852115759490268,0.7865968346595764,614400
1996-08-12,0.781804683488329,0.7852112697853147,0.7748182743345564,0.7756270170211792,614400
1996-08-13,0.7701997903186455,0.773663746806549,0.7696221470832825,0.7696221470832825,204800
1996-08-14,0.7736632325731848,0.7748178839683533,0.7736632325731848,0.7748178839683533,153600
1996-08-15,0.7748178839683533,0.7748178839683533,0.7748178839683533,0.7748178839683533,0
1996-08-16,0.7564586915806204,0.7564586915806204,0.7297846976621651,0.7482602596282959,512000
1996-08-19,0.7355580799155179,0.7471051670948615,0.7344034275805335,0.7349810004234314,614400
1996-08-20,0.7344033122062683,0.7390224846500362,0.7344033122062683,0.7344033122062683,665600
1996-08-21,0.7344031690562519,0.7447956002422719,0.7343452355956374,0.7432365417480469,1280000
1996-08-22,0.7494149029546437,0.7505695550852652,0.7436410784721375,0.7436410784721375,512000
1996-08-23,0.7546108739844958,0.7596912573694341,0.7528786495957962,0.7592294812202454,921600
1996-08-26,0.7736638646876182,0.7736638646876182,0.7540336472729988,0.7564588189125061,563200
1996-08-27,0.7459505535557673,0.7621168147453332,0.7459505535557673,0.7591145634651184,1382400
1996-08-28,0.7621165927923141,0.7713543730917929,0.7563427686691284,0.7563427686691284,819200
1996-08-29,0.7621168293228612,0.7759737859874057,0.7621168293228612,0.7668513059616088,460800
1996-08-30,0.7794375839668822,0.7794375839668822,0.7736637592315675,0.7736637592315675,153600
1996-09-02,0.7864234240418889,0.7864234240418889,0.773086673440981,0.7733752131462096,716800
1996-09-03,0.7713543034377647,0.7714122368996824,0.7656963467597961,0.7656963467597961,870400
1996-09-04,0.7702001693350111,0.7740685343742371,0.7702001693350111,0.7740685343742371,307200
1996-09-05,0.7782829999923706,0.7782829999923706,0.7748184793157907,0.7782829999923706,358400
1996-09-06,0.7759736646080418,0.8083056187186516,0.7736637963055727,0.7967585325241089,4864000
1996-09-09,0.7875207035319818,0.7909846600335868,0.7759736180305481,0.7759736180305481,3993600
1996-09-10,0.769045132961388,0.773663741580729,0.769045132961388,0.7721626162528992,153600
1996-09-11,0.7632712902846528,0.7690451147515243,0.7632712902846528,0.7655805945396424,153600
1996-09-12,0.7665048560049459,0.7666201591491699,0.7665048560049459,0.7666201591491699,153600
1996-09-13,0.7580749246945251,0.7655804795499478,0.7580749246945251,0.7622318267822266,256000
1996-09-16,0.7598074851032707,0.7621167898178101,0.7598074851032707,0.7621167898178101,256000
1996-09-17,0.7735484184556872,0.7735484184556872,0.7563428120339472,0.7619433999061584,409600
1996-09-18,0.7667360305786133,0.7736639453321541,0.7667360305786133,0.7667360305786133,256000
1996-09-19,0.7667358461444982,0.7736637592315675,0.7667358461444982,0.7736637592315675,256000
1996-09-20,0.7736636190647843,0.7759734868380793,0.7736636190647843,0.7739527225494385,1024000
1996-09-23,0.762116597399344,0.7852113302023316,0.762116597399344,0.7800145149230958,3020800
1996-09-24,0.7680058014428349,0.7747610417688783,0.7678904983256765,0.7736637592315675,307200
1996-09-25,0.7736639408388968,0.7781672475035425,0.7736639408388968,0.7761464118957518,307200
1996-09-26,0.7713540226437211,0.7713540226437211,0.76800537109375,0.76800537109375,102400
1996-09-27,0.7563430307891833,0.7667360305786133,0.7563430307891833,0.7667360305786133,563200
1996-09-30,0.7598072619135743,0.7650034426703456,0.7563427420299412,0.7615389227867125,2560000
1996-10-01,0.7563429459840907,0.7574981621430447,0.7447958588600159,0.7447958588600159,1075200
1996-10-02,0.7447958588600159,0.7447958588600159,0.7447958588600159,0.7447958588600159,0
1996-10-03,0.7332488670320202,0.7502806782722473,0.7315165711586054,0.7502806782722473,1740800
1996-10-04,0.7344034801053644,0.744737982207843,0.7338258367424657,0.7419089674949646,2150400
1996-10-07,0.7384450927405681,0.7384450927405681,0.719391951387636,0.724069058895111,1382400
1996-10-08,0.717082366771949,0.7344032758778033,0.7150615317867718,0.7297846674919128,1587200
1996-10-09,0.7251656533201375,0.7505696964672711,0.7251656533201375,0.7496456503868103,1484800
1996-10-10,0.7909848145175601,0.8013772498814957,0.7736639009678251,0.7856153249740601,2611200
1996-10-11,0.7967585082889503,0.7967585082889503,0.785499962158296,0.7898879647254944,3225600
1996-10-14,0.7852108741829493,0.7852108741829493,0.7736632325731848,0.7748178839683533,460800
1996-10-15,0.7767819081751807,0.7788600427460135,0.7586528164236306,0.7642528414726257,1843200
1996-10-16,0.7713542290294589,0.7736635327156894,0.7678902735001132,0.772105038166046,716800
1996-10-17,0.7736640976586954,0.7736640976586954,0.7678908342273816,0.7712968587875366,768000
1996-10-18,0.7736638780080665,0.7736638780080665,0.7707769299578523,0.7716430425643921,256000
1996-10-21,0.7716430425643921,0.7716430425643921,0.7716430425643921,0.7716430425643921,0
1996-10-22,0.7943331919892284,0.8025316228515207,0.7938714157673522,0.7979130148887633,1280000
1996-10-23,0.8140796175100107,0.8198528799249594,0.8025319650209712,0.8071511387825013,819200
1996-10-24,0.8314007169723642,0.8314007169723642,0.7969321161486124,0.797162652015686,409600
1996-10-25,0.7852114941244285,0.7956039287150367,0.7852114941244285,0.7955459952354431,307200
1996-10-28,0.7984974688739183,0.7984974688739183,0.7869826758631259,0.7953725457191467,665600
1996-10-29,0.7594979018672229,0.7996545959771233,0.7594979018672229,0.796934962272644,921600
1996-10-30,0.796934962272644,0.796934962272644,0.796934962272644,0.796934962272644,0
1996-10-31,0.7892391925410174,0.7915535361259438,0.7707233137420506,0.786808729171753,460800
1996-11-01,0.786808860966787,0.7927108407020568,0.786808860966787,0.7927108407020568,409600
1996-11-04,0.7754682283783255,0.7869249582290649,0.7754682283783255,0.7869249582290649,153600
1996-11-05,0.7771461736215047,0.7892393021353629,0.7771461736215047,0.7869249582290649,460800
1996-11-06,0.7810229786628577,0.7869249582290649,0.7810229786628577,0.7869249582290649,409600
1996-11-07,0.7927109394511721,0.7983237504959106,0.7927109394511721,0.7983237504959106,460800
1996-11-08,0.8088545178375001,0.8088545178375001,0.8031842112541199,0.8031842112541199,153600
1996-11-11,0.7996542198711912,0.7996542198711912,0.7931159138679503,0.7931159138679503,358400
1996-11-12,0.7931159138679503,0.7931159138679503,0.7931159138679503,0.7931159138679503,0
1996-11-13,0.7962404328631452,0.8042831420898436,0.7962404328631452,0.8042831420898436,358400
1996-11-14,0.8042831643474353,0.812383933701396,0.8042831643474353,0.8079288601875305,409600
1996-11-15,0.810069739818573,0.810069739818573,0.810069739818573,0.810069739818573,102400
1996-11-18,0.8089123976302416,0.809780400247199,0.8044567591663379,0.8064244389533995,307200
1996-11-19,0.8043410789429074,0.8170130393308446,0.8043410789429074,0.8114582896232605,1126400
1996-11-20,0.8078124599967558,0.8123836517333984,0.8078124599967558,0.8123836517333984,153600
1996-11-21,0.8112268002296683,0.8112268002296683,0.8089124560356139,0.8089124560356139,153600
1996-11-22,0.8089124720854464,0.8100696442054334,0.8089124720854464,0.8094907402992249,307200
1996-11-25,0.7984973486944978,0.8031260371208191,0.7984973486944978,0.8031260371208191,102400
1996-11-26,0.8008114855306017,0.803125829144443,0.7998859882354737,0.7998859882354737,256000
1996-11-27,0.7960669900599603,0.7996546266705418,0.7960669900599603,0.799075722694397,460800
1996-11-28,0.7984970201401724,0.8042828782923904,0.7984970201401724,0.802836537361145,512000
1996-11-29,0.7929999556932673,0.8042831420898436,0.7929999556932673,0.8042831420898436,153600
1996-12-02,0.79849717217492,0.804283031428772,0.7949095368324197,0.8038783073425293,921600
1996-12-03,0.8100696038734159,0.8100696038734159,0.793868064880371,0.793868064880371,716800
1996-12-04,0.7811384249339972,0.786924848956091,0.7811384249339972,0.786808729171753,1075200
1996-12-05,0.7637797319838548,0.784609954751101,0.7637797319838548,0.7844944000244141,1126400
1996-12-06,0.7847261855701391,0.7984972596168518,0.7846100657672339,0.7984972596168518,716800
1996-12-09,0.7984972596168518,0.7984972596168518,0.7984972596168518,0.7984972596168518,153600
1996-12-10,0.7892393617036711,0.7969929017390981,0.7892393617036711,0.7955459952354431,256000
1996-12-11,0.8100693413838167,0.8158557648805975,0.8089121696964058,0.815276861190796,307200
1996-12-12,0.8123839582333047,0.8158560395240785,0.8123839582333047,0.8158560395240785,768000
1996-12-13,0.8100696140793999,0.8158560395240785,0.8100696140793999,0.8158560395240785,409600
1996-12-16,0.8158553708838061,0.8215256718684618,0.8158553708838061,0.8200212717056274,409600
1996-12-17,0.8239564864394923,0.8308995161821322,0.8216996380159554,0.8293951153755187,768000
1996-12-18,0.8609884420678042,0.8609884420678042,0.8447869053875926,0.8505727648735046,512000
1996-12-19,0.8621457440266203,0.867931604385376,0.8518461850733956,0.867931604385376,665600
1996-12-20,0.8725608226490622,0.8829759359359741,0.8679315694882729,0.8829759359359741,1177600
1996-12-23,0.8852903246879578,0.8887624059988408,0.8806616363533405,0.8852903246879578,1843200
1996-12-24,0.8748751889365131,0.8910767278212389,0.8748751889365131,0.8795044422149658,1382400
1996-12-25,0.8795044422149658,0.8795044422149658,0.8795044422149658,0.8795044422149658,0
1996-12-26,0.8957050968056615,0.896862268447876,0.8957050968056615,0.896862268447876,153600
1996-12-27,0.896862268447876,0.896862268447876,0.896862268447876,0.896862268447876,0
1996-12-30,0.896862268447876,0.896862268447876,0.896862268447876,0.896862268447876,0
1996-12-31,0.9026487275203693,0.9026487275203693,0.8910764455795288,0.8910764455795288,972800
1997-01-01,0.9142211576197297,0.9373662903120336,0.9142211576197297,0.9143372774124144,665600
1997-01-02,0.9256778739794027,0.9304226812094386,0.9153783169132391,0.9227846264839173,921600
1997-01-03,0.9154365642310415,0.9246364461567433,0.9154365642310415,0.9211649298667908,768000
1997-01-06,0.9362091775973795,0.9362091775973795,0.9257940649986267,0.9257940649986267,921600
1997-01-07,0.914279586204136,0.9292658968540909,0.914279586204136,0.9277614951133728,819200
1997-01-08,0.9373664085711935,0.9373664085711935,0.9258516181387563,0.9276456832885741,870400
1997-01-09,0.9257940706131769,0.9367874514068152,0.9257940706131769,0.9367300271987915,972800
1997-01-10,0.9483599300385639,0.9605111209661986,0.9431524079585,0.9501540660858153,2150400
1997-01-13,0.9603955517653427,0.9638670682907106,0.9571551447655198,0.9638670682907106,614400
1997-01-14,0.9662973818146716,0.9662973818146716,0.9570975006993871,0.9649665951728822,921600
1997-01-15,0.9934920959527954,1.006800454051044,0.992913827920981,1.0066848993301392,2918400
1997-01-16,1.0241590909664817,1.0241590909664817,0.938754975795746,0.938754975795746,716800
1997-01-17,0.9431524344800932,0.9605111479759215,0.9431524344800932,0.9605111479759215,2713600
1997-01-20,0.9673965968013464,0.9743982544765438,0.9558823704719542,0.9558823704719542,614400
1997-01-21,0.9374237290528404,0.9535677696288832,0.9315798101279877,0.9347046613693236,2867200
1997-01-22,0.9500954208562831,0.968032956123352,0.9443095634581434,0.968032956123352,409600
1997-01-23,0.968032956123352,0.968032956123352,0.968032956123352,0.968032956123352,0
1997-01-24,0.955997987501094,0.955997987501094,0.9454673179380068,0.9469136595726013,2252800
1997-01-27,0.9904832256074589,1.0068003127396885,0.9836557507514955,0.9836557507514955,921600
1997-01-28,0.9697688577180391,0.9697688577180391,0.9570974611423199,0.9625941514968873,921600
1997-01-29,0.9686115384101868,0.9686115384101868,0.9686115384101868,0.9686115384101868,358400
1997-01-30,0.958196653690395,0.9645613471466902,0.9561714790063544,0.9583702683448792,512000
1997-01-31,0.9570393361566564,0.9662972761620163,0.9570393361566564,0.9651401042938232,768000
1997-02-03,0.9570395835319501,0.9720839518267542,0.9570395835319501,0.9664130806922913,614400
1997-02-04,0.9662970959917577,0.9975424257865907,0.9662970959917577,0.9694794416427613,2508800
1997-02-05,1.0056435901177525,1.0065115928071604,0.9894420504570007,0.9894420504570007,665600
1997-02-06,0.9778697642964349,0.9929141318471235,0.9778697642964349,0.9894420504570007,307200
1997-02-07,0.9975429177284242,1.0010149994577036,0.9975429177284242,0.9975429177284242,204800
1997-02-10,1.006800681323919,1.006800681323919,1.0010148212385392,1.0021719932556152,256000
1997-02-11,1.0068004858934234,1.0299456169218928,1.0056433141009666,1.0298875570297241,1075200
1997-02-12,1.047304517245609,1.047304517245609,1.025606288405482,1.0415180921554565,256000
1997-02-13,1.0404761260477504,1.044989257812929,1.0380462281044416,1.0442373752593994,2201600
1997-02-14,1.0981647033470567,1.0981647033470567,1.0357315278930543,1.0361367464065552,1075200
1997-02-17,1.0588766788059027,1.0588766788059027,1.0357315462059764,1.0426170825958252,870400
1997-02-18,1.0403609871273503,1.0472465247639589,1.0357317337452228,1.039724588394165,1382400
1997-02-19,0.9969645765208193,1.0530905723571777,0.9969645765208193,1.0530905723571777,972800
1997-02-20,1.0507758661157072,1.0554051184634254,1.0473043506497628,1.0531482696533203,614400
1997-02-21,1.0473620672061472,1.0658204555511475,1.0473620672061472,1.0658204555511475,3993600
1997-02-24,1.0496187468180094,1.053090262457673,1.047419957791524,1.047940731048584,307200
1997-02-25,1.0530902750982254,1.070448983624546,1.0485771422577919,1.060207486152649,1382400
1997-02-26,1.0646632121929782,1.0924370351197517,1.0646632121929782,1.0905274152755737,2457600
1997-02-27,1.0879811245485012,1.1103737354278564,1.0878075099456515,1.1103737354278564,2048000
1997-02-28,1.168814724537334,1.1908020483938206,1.168814724537334,1.1873306035995483,1024000
1997-03-03,1.3412433203622658,1.3594119687752955,1.2961114337123802,1.3593546152114868,1894400
1997-03-04,1.3596439293228257,1.3597594840643674,1.2903252108943373,1.3152639865875244,3276800
1997-03-05,1.3886906564790051,1.3886906564790051,1.3077410550747093,1.3256205320358276,4249600
1997-03-06,1.3606272722749977,1.3655456935384847,1.2347773076946504,1.2632455825805664,3993600
1997-03-07,1.2632455825805664,1.2632455825805664,1.2632455825805664,1.2632455825805664,0
1997-03-10,1.1803871343451602,1.2278339382683148,1.1803871343451602,1.1804451942443848,3430400
1997-03-11,1.2151042900764735,1.2151042900764735,1.135254358405213,1.1616973876953125,3174400
1997-03-12,1.2035320839849681,1.215104366604499,1.1763365346941117,1.1993656158447268,3379200
1997-03-13,1.2023744452316336,1.2266768213285608,1.2012173439457836,1.2093180418014526,5222400
1997-03-14,1.2093179384738846,1.226097812761948,1.2058464936479847,1.2064248323440552,3430400
1997-03-17,1.1491418637669366,1.2197333112070947,1.1491418637669366,1.203532338142395,1638400
1997-03-18,1.205904228610957,1.2093181792829375,1.1688149679298985,1.1843221187591553,10496000
1997-03-19,1.201217338414985,1.2035322473008256,1.183858629600282,1.1859419345855713,972800
1997-03-20,1.116854455306371,1.1908023659143314,1.116854455306371,1.186173677444458,2560000
1997-03-21,1.1838587522506714,1.1861735907438546,1.1688724456075745,1.1838587522506714,8550400
1997-03-24,1.1838587522506714,1.1838587522506714,1.1838587522506714,1.1838587522506714,0
1997-03-25,1.1861736897231712,1.2324634002007577,1.1787093185171762,1.2157411575317383,2304000
1997-03-26,1.197861258109909,1.227833867073059,1.197861258109909,1.227833867073059,1126400
1997-03-27,1.2532353393667452,1.2729665226174736,1.2394062061336684,1.2724456787109375,2816000
1997-03-28,1.2724456787109375,1.2724456787109375,1.2724456787109375,1.2724456787109375,0
1997-03-31,1.1833958625793457,1.1833958625793457,1.1833958625793457,1.1833958625793457,51200
1997-04-01,1.0994381309189438,1.197687775599372,1.0993800710166812,1.1683521270751953,2969600
1997-04-02,1.2151042512899275,1.2463495102829134,1.2151042512899275,1.2433408498764038,2150400
1997-04-03,1.2498217485037704,1.3227274521067445,1.2498217485037704,1.3084356784820557,2355200
1997-04-04,1.4000318050384521,1.4000318050384521,1.3400865786477227,1.4000318050384521,8448000
1997-04-07,1.4008418321609497,1.4008418321609497,1.4008418321609497,1.4008418321609497,870400
1997-04-08,1.4008418321609497,1.4008418321609497,1.4008418321609497,1.4008418321609497,0
1997-04-09,1.4988603317686975,1.4988603317686975,1.459861452481198,1.4691768884658813,12697600
1997-04-10,1.4650686572967413,1.4696973441146202,1.3664137480729002,1.3836562633514404,15155200
1997-04-11,1.32862943252767,1.3829042659133564,1.3238851911456382,1.3770023584365845,9523200
1997-04-14,1.3770023584365845,1.3770023584365845,1.3770023584365845,1.3770023584365845,0
1997-04-15,1.3944769641024932,1.4176220995435962,1.3886911746696171,1.4101577997207642,5632000
1997-04-16,1.4101577997207642,1.4101577997207642,1.4101577997207642,1.4101577997207642,0
1997-04-17,1.4183165852703015,1.4349809079380609,1.4124146759180671,1.4333604574203491,2969600
1997-04-18,1.4333604574203491,1.4333604574203491,1.4333604574203491,1.4333604574203491,0
1997-04-21,1.4523384910893424,1.4795341083657965,1.4523384910893424,1.4765253067016602,3225600
1997-04-22,1.48127010972479,1.5102010252904263,1.48127010972479,1.5044727325439453,8345600
1997-04-23,1.4974709652205547,1.4986280661418954,1.4882130277305066,1.498454451560974,2560000
1997-04-24,1.5076551679606467,1.5076551679606467,1.494115065903014,1.5021003484725952,1996800
1997-04-25,1.4941156262122157,1.5333461827380175,1.4941156262122157,1.5305691957473753,3174400
1997-04-28,1.5368182373390182,1.637729457260889,1.521773800377292,1.6374977827072144,11161600
1997-04-29,1.6548566294178593,1.7242914736210782,1.55649128291069,1.6294552087783813,8960000
1997-04-30,1.6664291196590237,1.733549040158121,1.6664291196590237,1.6798529624938965,16896000
1997-05-01,1.6798529624938965,1.6798529624938965,1.6798529624938965,1.6798529624938965,0
1997-05-02,1.671057912232132,1.6774226048114917,1.6432840918205747,1.6611055135726926,7475200
1997-05-05,1.6444414138862804,1.6583286084867255,1.6212968429654036,1.6273144483566284,10086400
1997-05-06,1.627082838705145,1.643284378032004,1.6155105527830693,1.639870285987854,7270400
1997-05-07,1.6374975689589997,1.6658502926786312,1.6288185327573577,1.6534100770950317,7936000
1997-05-08,1.678001496624998,1.7092467618351086,1.6664292128010567,1.6950130462646484,18227200
1997-05-09,1.6953599866720521,1.7115609565912986,1.688416390958221,1.6965172290802004,7424000
1997-05-12,1.693045305481194,1.6953602144032702,1.66642929157833,1.672793984413147,5734400
1997-05-13,1.672214478562552,1.6844812170673464,1.672214478562552,1.681530475616455,2713600
1997-05-14,1.6780013952758526,1.6803157388888936,1.654856263966087,1.6784061193466189,3942400
1997-05-15,1.6785796138305809,1.6785796138305809,1.6607580532925672,1.665676474571228,1843200
1997-05-16,1.6664292599450754,1.6687436037633736,1.6571713196120472,1.6641724109649658,2764800
1997-05-19,1.6710584997113997,1.6915995616122204,1.6652720025614396,1.6757452487945557,3328000
1997-05-20,1.668743953528321,1.6780018958017928,1.668743953528321,1.675687551498413,2150400
1997-05-21,1.6780021638947187,1.6780021638947187,1.6652720674398536,1.6682814359664917,2611200
1997-05-22,1.6664293987794543,1.6664293987794543,1.594680213955924,1.6160893440246582,16947200
1997-05-23,1.617830529085062,1.6826481786287462,1.6015824466749633,1.653227686882019,20326400
1997-05-26,1.6491657942280957,1.67701941087959,1.6491657942280957,1.6670385599136353,9011200
1997-05-27,1.681545200960812,1.729244907381347,1.6724347771909043,1.7027840614318848,20377600
1997-05-28,1.6665743967779172,1.6792244672945393,1.64812120628972,1.6713328361511233,4915200
1997-05-29,1.6711581684575696,1.678759938589899,1.6677342693081765,1.6756260395050047,819200
1997-05-30,1.682822009186377,1.7234415708655142,1.682822009186377,1.7182191610336304,3174400
1997-06-02,1.7037122684534176,1.7408504167214287,1.7037122684534176,1.7378911972045896,2150400
1997-06-03,1.7407919757108565,1.8128054974808705,1.7407919757108565,1.7880852222442627,4556800
1997-06-04,1.7779888801299863,1.7953973902161968,1.7756678871226428,1.7895944118499756,2406400
1997-06-05,1.7988788958265316,1.8104849938766427,1.7820508115927225,1.7851841449737547,1587200
1997-06-06,1.773346014060877,1.810484150481,1.743809079924557,1.8027082681655884,5939200
1997-06-09,1.8081627605102328,1.9288040551283219,1.8046812015670222,1.910930871963501,14694400
1997-06-10,1.9039098159580976,2.0447447299957275,1.9039098159580976,2.0447447299957275,18534400
1997-06-11,2.101727466623935,2.147047929431796,2.007779946441363,2.027625322341919,19148800
1997-06-12,2.028612119141428,2.0832169817263972,2.007780286500531,2.0255370140075684,7526400
1997-06-13,1.9857290742370663,2.0135826752786095,1.984568649197743,1.99901807308197,4147200
1997-06-16,1.9265405845395718,1.9845687822628295,1.8627092695354124,1.880756139755249,16025600
1997-06-17,1.9613579018423144,2.012422561645508,1.9613579018423144,2.012422561645508,4659200
1997-06-18,2.147048455025532,2.153315544128418,2.147048455025532,2.153315544128418,1894400
1997-06-19,2.2631043617784092,2.2631043617784092,2.100625327093864,2.200550079345703,9267200
1997-06-20,2.222484293578514,2.222484293578514,2.159233710370492,2.175597667694092,3788800
1997-06-23,2.1528515702184445,2.158654689508565,2.1122320019203897,2.143625259399414,3225600
1997-06-24,2.10178680913088,2.1342824057391705,2.0309920718549948,2.0607025623321533,4352000
1997-06-25,2.089021163094904,2.181866548121344,2.089021163094904,2.111651659011841,3328000
1997-06-26,2.1191953351752275,2.1632970256522275,2.1122317910613555,2.1499505043029785,2048000
1997-06-27,2.1313808212016503,2.131960679560285,2.1013221142564897,2.1087496280670166,3328000
1997-06-30,2.1064282817739635,2.1586540737549114,2.1064282817739635,2.154533863067627,4352000
1997-07-01,2.1760628689165133,2.292119287028721,2.1760628689165133,2.2451744079589844,15104000
1997-07-02,2.2573023845038946,2.261944368568393,2.201595175631718,2.229564666748047,4812800
1997-07-03,2.2259669716403887,2.309527791535589,2.1992737902808748,2.2866649627685547,6246400
1997-07-04,2.3072059269621072,2.3791610502210707,2.274710348186588,2.3254849910736084,9574400
1997-07-07,2.4255847776123383,2.4883131980895996,2.344345086575605,2.4883131980895996,9881600
1997-07-08,2.5404808447937617,2.5474442466981984,2.3211339681455554,2.4478094577789307,8601600
1997-07-09,2.3222942670390916,2.611275288671051,2.3222942670390916,2.5999016761779785,9267200
1997-07-10,2.61127539973367,2.6925153709931116,2.5822615088188243,2.6404638290405273,6144000
1997-07-11,2.553247058789412,2.8251676438772724,2.553247058789412,2.802884817123413,17254400
1997-07-14,2.8306223079600623,2.9347831947986123,2.808571818600414,2.898805618286133,12032000
1997-07-15,2.9234672869107903,2.9234672869107903,2.756345662886372,2.780717849731445,7270400
1997-07-16,2.814375630414103,2.92462952109012,2.7400993251165766,2.773406982421875,8857600
1997-07-17,2.760176503059715,2.824820033763105,2.7204267966035798,2.7992875576019287,5990400
1997-07-18,2.7992875576019287,2.7992875576019287,2.7992875576019287,2.7992875576019287,0
1997-07-21,2.729653522970954,2.729653522970954,2.6033837795257573,2.6033837795257573,307200
1997-07-22,2.4211747646331787,2.6681435022851234,2.4211747646331787,2.4211747646331787,5836800
1997-07-23,2.4081753495402993,2.4894152927861914,2.396569967181112,2.438582420349121,5478400
1997-07-24,2.422219349539434,2.4545990572920156,2.3919284358290303,2.412238359451294,2048000
1997-07-25,2.3745193264649425,2.412817890463173,2.315330559374537,2.340108633041382,2764800
1997-07-28,2.2807459027447226,2.343184317761756,2.2807459027447226,2.322932481765747,1689600
1997-07-29,2.357110750919979,2.357110750919979,2.2921190060722343,2.3094117641448975,3430400
1997-07-30,2.3443444987116053,2.3443444987116053,2.303724805049745,2.310687780380249,1689600
1997-07-31,2.3312313772409854,2.472472071485424,2.3211344988393567,2.3894917964935303,9113600
1997-08-01,2.518429937228221,2.5567870140075684,2.5081010049597325,2.5567870140075684,2355200
1997-08-04,2.7342961642647707,2.7358049583617388,2.698318579427845,2.726288080215454,1484800
1997-08-05,2.766326903389318,2.767952150450928,2.611275330291413,2.660599708557129,2099200
1997-08-06,2.7447412263090443,2.7505440624816675,2.6228816666839623,2.6459193229675297,819200
1997-08-07,2.692515688722657,2.692515688722657,2.612436274983723,2.6373884677886963,2252800
1997-08-08,2.622881310056802,2.622881310056802,2.5300359439188065,2.564040899276733,1740800
1997-08-11,2.553246822540624,2.690193130884826,2.553246822540624,2.638838052749634,1689600
1997-08-12,2.628741804299968,2.6693038481010034,2.5416411932556726,2.5757620334625244,2252800
1997-08-13,2.5242324309681066,2.5996698458568277,2.5021819432956693,2.5885860919952393,1126400
1997-08-14,2.4371902189244046,2.5532471928500264,2.4075954794839314,2.544020175933838,7731200
1997-08-15,2.544020175933838,2.544020175933838,2.544020175933838,2.544020175933838,0
1997-08-18,2.5126262032200013,2.7221084576423284,2.5126262032200013,2.709458112716675,8396800
1997-08-19,2.7563459682950993,2.791163260499525,2.6228810509955935,2.669477701187134,14899200
1997-08-20,2.509145158956977,2.8410675498365805,2.509145158956977,2.8019559383392334,9574400
1997-08-21,2.820177184222825,2.843388807078001,2.7598279848289367,2.8197133541107178,6323200
1997-08-22,2.8317834216988973,2.8317834216988973,2.7992872630263794,2.822962999343872,3251200
1997-08-25,2.8085719897080406,2.9130227413146,2.785360931950023,2.885517358779907,5273600
1997-08-26,2.90141752324655,3.015152817923222,2.90141752324655,3.003547430038452,7961600
1997-08-27,3.0290795868107026,3.1219249468153696,3.017474200151672,3.0672624111175537,8448000
1997-08-28,3.045328104877558,3.0755025664775997,2.929271110222046,2.9818451404571533,8755200
1997-08-29,2.929270786561263,2.973372331987692,2.9060597302046918,2.950857162475586,6809600
1997-09-01,2.978014255710769,2.978014255710769,2.9421531332883952,2.9684982299804688,2560000
1997-09-02,2.9483028874324146,3.051593311100274,2.9483028874324146,2.9846286773681645,8166400
1997-09-03,2.982656875477901,2.9919414113808407,2.924628809426076,2.9560797214508057,4633600
1997-09-04,2.9548036858389026,2.971051909309529,2.927530074423573,2.965945243835449,2867200
1997-09-05,2.975693940420743,3.059254776657439,2.961767417722888,3.0398733615875244,4403200
1997-09-08,2.996814707719533,3.2527196407318115,2.994261517890649,3.2527196407318115,9292800
1997-09-09,3.3633220692722374,3.4804231379158796,3.3633220692722374,3.4765934944152836,12288000
1997-09-10,3.4584893377676678,3.4584893377676678,3.2310184916671347,3.4319121837615967,10393600
1997-09-11,3.347073586177895,3.365410310662306,3.2385606157201776,3.3043646812438965,7091200
1997-09-12,3.272799417056982,3.4095140147478555,3.2286975774688575,3.352182388305664,6425600
1997-09-15,3.263513963911783,3.3865337766615853,3.263513963911783,3.3207299709320073,5299200
1997-09-16,3.3563587599117604,3.388854912275068,3.284403338021962,3.361697196960449,4940800
1997-09-17,3.319221068344087,3.330826454064395,3.2942688798611357,3.304133415222168,537600
1997-09-18,3.0406840927021643,3.151866142069077,3.0406840927021643,3.1086931228637695,5094400
1997-09-19,3.1219241219457405,3.3308258434190208,3.0934902379570652,3.243319511413574,9728000
1997-09-22,3.2727974359909457,3.367963611154909,3.219527543895838,3.299374580383301,5273600
1997-09-23,3.2960114794840876,3.4555892167160454,3.2960114794840876,3.414505243301392,6630400
1997-09-24,3.377250116284724,3.562940875485711,3.377250116284724,3.517562866210937,11494400
1997-09-25,3.509670635698126,3.655785630190207,3.509670635698126,3.615398406982422,8422400
1997-09-26,3.6627496405653965,3.7695221016634632,3.6325748946776963,3.7016289234161377,10649600
1997-09-29,3.6673906365261684,3.7833311322367216,3.6673906365261684,3.7219367027282715,6579200
1997-09-30,3.7090568375632023,3.8043389574100392,3.6697134369704445,3.7590768337249756,14976000
1997-10-01,3.67899799171188,3.7251883427506116,3.61180125958304,3.709056854248047,7577600
1997-10-02,3.709056854248047,3.709056854248047,3.709056854248047,3.709056854248047,0
1997-10-03,3.709056854248047,3.709056854248047,3.709056854248047,3.709056854248047,0
1997-10-06,3.709056854248047,3.709056854248047,3.709056854248047,3.709056854248047,0
1997-10-07,3.709056854248047,3.709056854248047,3.709056854248047,3.709056854248047,0
1997-10-08,3.709056854248047,3.709056854248047,3.709056854248047,3.709056854248047,0
1997-10-09,3.435278014062264,3.5165171301441953,3.391176188648316,3.4280819892883305,13363200
1997-10-10,3.4700951539711844,3.737025877363104,3.4700951539711844,3.650911569595337,28544000
1997-10-13,3.7091714438669645,3.736792708779342,3.597757024025909,3.694896697998047,15948800
1997-10-14,3.7184568529216633,3.7184568529216633,3.5745468101407036,3.6127290725708012,9548800
1997-10-15,3.481701859405269,3.713815316698953,3.3122584688976335,3.5919551849365234,31974400
1997-10-16,3.597757988432692,3.597757988432692,3.4262261019036497,3.471604108810425,18764800
1997-10-17,3.479262702170203,3.5397283438599803,3.400460332297955,3.4481594562530518,9830400
1997-10-20,3.3658773044475523,3.504913043522016,3.3658773044475523,3.4566333293914795,5606400
1997-10-21,3.456168251650716,3.4817010090587,3.3795711127929784,3.417289257049561,13721600
1997-10-22,3.41670874127456,3.439919794490621,3.307615176112462,3.32560396194458,7910400
1997-10-23,3.298330946892434,3.3192211517285393,3.1845956705707303,3.2526047229766846,12620800
1997-10-24,3.2289293021040004,3.2611931227183866,3.114961674617478,3.2275366783142094,7654400
1997-10-27,3.1845959254831073,3.212449534160802,3.1683477037462255,3.195505142211914,4019200
1997-10-28,3.1451358279235935,3.1451358279235935,2.9014170548564957,2.9877634048461914,13132800
1997-10-29,3.1428151074301574,3.221733945635988,3.0801442069905023,3.2071104049682617,11520000
1997-10-30,3.156741572912697,3.1729889407961736,3.1062569190811886,3.1241295337677,2048000
1997-10-31,3.1241295337677,3.1241295337677,3.1241295337677,3.1241295337677,0
1997-11-03,3.1220413091031,3.152100168988525,3.0244374961932055,3.0896615982055664,5555200
1997-11-04,3.1172831701078616,3.172990399953719,3.0418465796998864,3.1293535232543945,4428800
1997-11-05,3.0685372487604607,3.0871063109819543,2.9599084047695636,3.0291938781738286,8115200
1997-11-06,3.008189310074563,3.0360429147974757,2.9803357053516506,3.0251331329345708,10112000
1997-11-07,2.9966998645167546,3.063896863458909,2.9966998645167546,3.0397570133209224,4249600
1997-11-10,3.0360427168374575,3.0380156237083864,2.996815219400628,3.0296590328216553,2048000
1997-11-11,3.0174740457208666,3.203164756226766,3.0174740457208666,3.1678836345672603,6732800
1997-11-12,3.1799536078061315,3.1799536078061315,3.0546126428834954,3.0565855503082275,7347200
1997-11-13,3.0476477411901026,3.061574257656091,3.0035462084664926,3.040916681289673,5555200
1997-11-14,3.040916681289673,3.040916681289673,3.040916681289673,3.040916681289673,0
1997-11-17,3.0871076331357896,3.0871076331357896,3.029195175524778,3.068190336227417,2816000
1997-11-18,3.0755024933134214,3.0755024933134214,2.996583648155795,3.0222322940826416,10214400
1997-11-19,2.9826563539732756,3.196200642403594,2.9826563539732756,3.1698558330535884,12288000
1997-11-20,3.140725890301539,3.3911765967463814,3.140725890301539,3.3737680912017822,25574400
1997-11-21,3.2774406454214438,3.479378702075309,3.2380972608698744,3.261075973510742,13209600
1997-11-24,3.272798681294872,3.4120667223432304,3.1527961659281583,3.197594165802002,16153600
1997-11-25,3.1823917729700466,3.3888568883290615,3.1613853891954533,3.347076177597046,10137600
1997-11-26,3.354039377722217,3.354039377722217,3.256551436411939,3.313535690307617,10752000
1997-11-27,3.286725688876498,3.3401112032980347,3.286725688876498,3.3243279457092285,4172800
1997-11-28,3.249588010463875,3.3145797706731526,3.1963175250886575,3.216279506683349,17920000
1997-12-01,3.2379816590488604,3.305178664491042,3.175311602008172,3.293225049972534,9984000
1997-12-02,3.2913681861172246,3.337790872569394,3.2580596819145193,3.271174430847168,6400000
1997-12-03,3.261192378291849,3.3145787336743213,3.256549827816351,3.272913932800293,17049600
1997-12-04,3.2611927763872384,3.272798445638942,3.1335304146184964,3.2133774757385254,9164800
1997-12-05,3.219412313653993,3.2355446484124077,3.1742666537189352,3.1910948753356934,14745600
1997-12-08,3.191560002096429,3.1985236903154366,3.0360445265192273,3.0702812671661377,14233600
1997-12-09,3.073181054428026,3.077823038540325,3.008189310074563,3.0251331329345708,23116800
1997-12-10,2.9989048524507673,3.0731811336260186,2.9989048524507673,3.031400442123413,8729600
1997-12-11,3.015152453378818,3.026758689885094,2.7282606353596903,2.833408117294312,30924800
1997-12-12,2.787681969743967,2.8317838041335333,2.558237904249497,2.569843292236328,36582400
1997-12-15,2.5995540123339307,2.7157268996078505,2.5718168535965686,2.6612961292266846,30054400
1997-12-16,2.7110838269884137,2.7110838269884137,2.555567604941262,2.611738920211792,42470400
1997-12-17,2.717026747520005,2.7983751459474893,2.6821632697881013,2.7451496124267583,13977600
1997-12-18,2.7565397956596818,2.768160675849554,2.7081956403074243,2.7181899547576904,5196800
1997-12-19,2.723186188681471,2.737829248976292,2.7170272002317226,2.733297109603882,2022400
1997-12-22,2.7867544987663506,2.8007001789809443,2.7423619937217634,2.7744362354278564,7500800
1997-12-23,2.777456589906792,2.8075555636429184,2.6567131383075884,2.6763525009155273,8704000
1997-12-24,2.6961088034068696,2.765835471499423,2.6798388975976524,2.740152597427368,4582400
1997-12-25,2.740152597427368,2.740152597427368,2.740152597427368,2.740152597427368,0
1997-12-26,2.7518904562597193,2.782105185995571,2.7264396640514015,2.761303424835205,13363200
1997-12-29,2.7681591756460873,2.889019214806828,2.750727439228673,2.8621745109558105,11673600
1997-12-30,2.8843713253714913,2.8843713253714913,2.7729242424435228,2.7911694049835205,8780800
1997-12-31,2.812320396587172,2.915981369299882,2.812320396587172,2.8844876289367676,6451200
1998-01-01,2.8934356126694247,2.893668262821612,2.8611287344018512,2.874957799911499,3097600
1998-01-02,2.847184541495597,2.913309126647779,2.847184541495597,2.889020442962647,5632000
1998-01-05,2.9006414112508696,3.0540404329338458,2.9006414112508696,2.990240097045898,13081600
1998-01-06,2.979780932600412,3.044743381802731,2.940152950544327,2.9579336643218994,14745600
1998-01-07,2.9866387162029,3.056365413026032,2.9773417854638407,3.000003337860107,14924800
1998-01-08,2.9636285332678307,2.9831518593775184,2.868218675236992,2.8757727146148686,7782400
1998-01-09,2.825453026009364,2.8703108314796935,2.708079556096471,2.7696714401245117,8422400
1998-01-12,2.744453111532077,2.744453111532077,2.672866372573328,2.6864633560180664,5299200
1998-01-13,2.717027977155372,2.740270022442167,2.6728675520427725,2.705174446105957,10854400
1998-01-14,2.784430572408266,2.819061413676407,2.7384106501128787,2.777806282043457,5632000
1998-01-15,2.8006997383931846,2.8006997383931846,2.690182658789803,2.7277190685272217,4966400
1998-01-16,2.7309727397419703,2.754215349480337,2.707730697443204,2.726324558258057,3251200
1998-01-19,2.712377863992556,2.712377863992556,2.64497542747958,2.6878573894500732,3788800
1998-01-20,2.4985499539995457,2.730973258319476,2.4985499539995457,2.6968071460723877,6553600
1998-01-21,2.707730276121183,2.765836082126353,2.6822797628590647,2.7410826683044434,3942400
1998-01-22,2.705406294156582,2.7606065254593544,2.7030814945056028,2.709473133087158,2278400
1998-01-23,2.7193515587591146,2.730972436759341,2.68448778987936,2.698549509048462,7526400
1998-01-26,2.698549509048462,2.698549509048462,2.698549509048462,2.698549509048462,0
1998-01-27,2.68448716198776,2.68448716198776,2.6054635644948876,2.6665906906127934,7552000
1998-01-28,2.6310303075837544,2.667055331811815,2.6031395269379902,2.609531164169311,17664000
1998-01-29,2.5450336879592843,2.579897454629703,2.510170772448117,2.5150516033172607,3712000
1998-01-30,2.5183036459522077,2.5747825710555614,2.5183036459522077,2.5653696060180664,2585600
1998-02-02,2.5798971514472995,2.6147606303009074,2.56827599182943,2.5945396423339844,1766400
1998-02-03,2.59860769909813,2.6054643552219545,2.5729248164217164,2.582221746444702,15206400
1998-02-04,2.603372143023414,2.621733917840787,2.57873533848269,2.5814082622528076,14950400
1998-02-05,2.582221734196598,2.60314039408867,2.5764117203993666,2.6016290187835693,998400
1998-02-06,2.6110423681127872,2.6124371344842325,2.5869863365623194,2.5963993072509766,1664000
1998-02-09,2.6031399055401976,2.6147607821130543,2.5868699974108376,2.6077880859375,716800
1998-02-10,2.588032868147606,2.667753880770725,2.588032868147606,2.628009557723999,2176000
1998-02-11,2.6705420396201642,2.6728662714072313,2.603255642872458,2.6263816356658936,1100800
1998-02-12,2.556655189025681,2.6147607050565393,2.4404433058047883,2.5961668491363525,1382400
1998-02-13,2.6142957183922917,2.6333540195846656,2.5984905469019073,2.6282408237457275,896000
1998-02-16,2.6282408237457275,2.6282408237457275,2.6282408237457275,2.6282408237457275,0
1998-02-17,2.74491763229406,2.7960504511588486,2.724696644221992,2.763627529144287,3660800
1998-02-18,2.761188116442574,2.786405414029603,2.75886331658177,2.7599093914031982,1536000
1998-02-19,2.777455964030247,2.777455964030247,2.75711950665754,2.7625811100006104,844800
1998-02-20,2.7774566576918653,2.8212686576331056,2.768159729741635,2.798840045928955,2764800
1998-02-23,2.8307986248592294,3.078794382251184,2.8204556208610874,3.0770509243011475,12339200
1998-02-24,3.1140061773583705,3.1958190459738414,3.067986828876867,3.0810024738311763,6681600
1998-02-25,3.1958177923276216,3.211739005313833,3.049623855791109,3.188031673431396,5324800
1998-02-26,3.179550904833606,3.18419908734888,3.1307414419249433,3.149916648864746,2457600
1998-02-27,3.149333934539963,3.302733537175306,3.149333934539963,3.250206232070923,6220800
1998-03-02,3.3213268579954103,3.3817565992474403,3.277166455131459,3.369322299957276,4377600
1998-03-03,3.3236518467802103,3.3236518467802103,3.160955872363606,3.2056970596313477,5094400
1998-03-04,3.258573804697614,3.3120311542222933,3.233006962509491,3.3016884326934814,1920000
1998-03-05,3.2771664671282554,3.323651101892056,3.2353305795605296,3.2438135147094727,1766400
1998-03-06,3.2421875674831626,3.271356513676167,3.222431875935097,3.232309579849243,1177600
1998-03-09,3.2638026404973637,3.416620900968985,3.2608970666545907,3.382105827331543,5248000
1998-03-10,3.3366670883661906,3.370136085605503,3.3122623688685944,3.350264072418213,2304000
1998-03-11,3.3608403430658953,3.3608403430658953,3.24288552853659,3.262060165405274,2201600
1998-03-12,3.2354478438483683,3.28646463629706,3.230683053496208,3.273681640625,1356800
1998-03-13,3.273681640625,3.273681640625,3.273681640625,3.273681640625,0
1998-03-16,3.307380541281919,3.5371310300967655,3.307380541281919,3.4841387271881104,8908800
1998-03-17,3.4979700100205164,3.625803095172706,3.4731008330479645,3.595123052597046,12697600
1998-03-18,3.660663325267102,3.823359781995882,3.6490424537717714,3.764440298080445,24601600
1998-03-19,3.776876405696505,3.823361041873935,3.7072657765086845,3.7350399494171143,14592000
1998-03-20,3.7190029702581926,3.776179299629903,3.6979688426573585,3.7633960247039795,8217600
1998-03-23,3.7744364106526636,3.804767753761287,3.7572373196826083,3.797795057296753,2457600
1998-03-24,3.834983831335274,3.8768203054011536,3.6908816816409065,3.7141237258911133,15513600
1998-03-25,3.8047674763238475,3.8698459719140854,3.779200924484825,3.8058135509490967,4992000
1998-03-26,3.723421093836882,3.7884996197866876,3.723421093836882,3.740155458450318,2432000
1998-03-27,3.7489872988291166,3.9976804972003643,3.707150823859515,3.9473605155944824,22400000
1998-03-30,3.9953553600246168,4.16676780177263,3.9953553600246168,4.036494731903076,18483200
1998-03-31,4.0627588557228,4.369557579381501,4.0627588557228,4.3001790046691895,47462400
1998-04-01,4.334691974621105,4.520630516533847,4.281815985484368,4.4990153312683105,34611200
1998-04-02,4.418365493544431,4.590358406835467,4.397912418726361,4.5002946853637695,30873600
1998-04-03,4.432310875828324,4.513659298255183,4.393031856691108,4.501224994659424,11084800
1998-04-06,4.555493452994288,4.683325610001261,4.5206296989711126,4.663569927215576,20070400
1998-04-07,4.678679544912854,4.938993857846169,4.664733866770924,4.759446620941162,16153600
1998-04-08,4.759446620941162,4.759446620941162,4.759446620941162,4.759446620941162,0
1998-04-09,5.055203533890015,5.19233320836286,4.88088671852495,5.170834064483643,19737600
1998-04-10,5.224874999045752,5.224874999045752,4.799540423945497,4.831498622894287,35302400
1998-04-13,4.764675985059604,4.764675985059604,4.357935303748699,4.38071346282959,21145600
1998-04-14,4.38071346282959,4.38071346282959,4.38071346282959,4.38071346282959,0
1998-04-15,4.715868690954643,4.715868690954643,4.578738937625024,4.674032211303711,8704000
1998-04-16,4.718192130303342,5.113311975788641,4.595007796341161,4.865199565887451,32537600
1998-04-17,4.7879192777343755,5.194659425636274,4.7879192777343755,5.1577043533325195,47334400
1998-04-20,5.229521978122687,5.38524610580783,5.148173849636164,5.191288471221924,34918400
1998-04-21,5.183036590628094,5.296923954191013,5.113310200784106,5.174437046051025,20172800
1998-04-22,5.64788476635573,5.668802860184601,5.259737914197778,5.303898334503174,37913600
1998-04-23,5.236494131236596,5.285302430533098,5.049625558126968,5.110287666320801,24140800
1998-04-24,5.05753002014875,5.183038010194473,4.823014615791152,5.032079219818115,30233600
1998-04-27,5.043583866461761,5.087744850603687,4.904129918980618,4.951196193695068,11801600
1998-04-28,4.985478015763702,5.03173000907401,4.883792290660028,5.010927677154541,18432000
1998-04-29,5.020340240492649,5.043581988981503,4.941315798897393,4.962001800537109,10214400
1998-04-30,4.962234256136106,5.072868451947777,4.9272971416692615,5.0553998947143555,22809600
1998-05-01,5.0553998947143555,5.0553998947143555,5.0553998947143555,5.0553998947143555,0
1998-05-04,5.077528197073001,5.26385950705733,5.077528197073001,5.245574951171875,37836800
1998-05-05,5.259201705009097,5.333734243873894,5.217277720535794,5.310791969299316,26598400
1998-05-06,5.27550644998557,5.322089288396039,5.205631623731702,5.287268161773682,27520000
1998-05-07,5.287268161773682,5.287268161773682,5.287268161773682,5.287268161773682,0
1998-05-08,5.322088232666241,5.426899029660566,5.27084655194125,5.359354496002197,48281600
1998-05-11,5.357027453642778,5.485129715417701,5.357027453642778,5.474299430847168,53913600
1998-05-12,5.380316704051489,5.391962412433934,5.193985369932369,5.314518451690675,76774400
1998-05-13,5.282491539550082,5.33140349824962,5.0081180602890845,5.109319686889648,56908800
1998-05-14,5.007652257118203,5.322086840396606,5.007652257118203,5.301124572753906,67328000
1998-05-15,5.305782985229662,5.410478335112103,5.287149855979907,5.337226390838623,36352000
1998-05-18,5.36401307923378,5.454849610830396,5.359355364200303,5.407801628112793,28416000
1998-05-19,5.408266199155232,5.5223941369768825,5.408266199155232,5.509584426879883,27520000
1998-05-20,5.543358557613898,5.87875504177205,5.543358557613898,5.823321342468262,89984000
1998-05-21,5.855461283765859,5.881082409435135,5.548014599391427,5.600769996643066,64563200
1998-05-22,5.5992563400116255,5.741333975927062,5.589939773722089,5.703019142150879,26777600
1998-05-25,5.555003647804188,5.806550982799095,5.555003647804188,5.722236156463624,43212800
1998-05-26,5.708726451349038,5.778601279717784,5.624877339672358,5.672741889953613,46873600
1998-05-27,5.741335448287956,5.938729678531031,5.7063977471043685,5.7810468673706055,27110400
1998-05-28,5.778600600776284,5.846145141941681,5.718042347486745,5.737607479095459,8908800
1998-05-29,5.706397481856778,5.752980323085309,5.404307870217398,5.685435771942138,13696000
1998-06-01,5.745991954516589,6.055768366518932,5.745991954516589,5.832869052886963,24576000
1998-06-02,5.811208372959387,5.8461455008647825,5.617890167187678,5.662609577178955,14156800
1998-06-03,5.752979965818249,5.762296533485386,5.275506441515699,5.467544078826904,23321600
1998-06-04,5.473481332356135,5.5200641570454465,5.312771155816006,5.355044841766357,12902400
1998-06-05,5.326745842600289,5.326745842600289,4.85625984583818,4.898183822631836,27161600
1998-06-08,4.867905937653389,4.912160201803282,4.40941470191595,4.489537239074707,22297600
1998-06-09,4.616359282575522,4.937664031982422,4.4882561848461275,4.937664031982422,15488000
1998-06-10,5.030946021220001,5.08917456313227,4.602383952745705,4.780097007751465,19328000
1998-06-11,4.730485229566773,5.2265928760076275,4.532508511006692,5.13994836807251,49331200
1998-06-12,5.247556844950984,5.475812188787375,5.217277999418644,5.326864242553711,23808000
1998-06-15,5.240569712637003,5.263861704747606,4.795237809573621,4.822256088256836,32896000
1998-06-16,4.704866001789197,4.972716715431193,4.378786179883015,4.693686008453369,33356800
1998-06-17,4.887934805355641,5.162191149349206,4.887934805355641,5.144606590270996,7142400
1998-06-18,5.205629608528594,5.331170650628263,4.947328096991481,5.009865760803223,12928000
1998-06-19,4.846942646824631,4.865575775692769,4.607040828328359,4.76821756362915,16153600
1998-06-22,4.542057799092122,4.630332299697636,4.355493377871463,4.552655220031738,16768000
1998-06-23,4.483596519440087,5.0053244318328645,4.413721999218354,4.972949028015137,22041600
1998-06-24,5.077525661424196,5.343047076915971,4.961068082203325,5.3210368156433105,36915200
1998-06-25,5.354696413120302,5.485128353519811,5.12434451726285,5.287966728210449,46924800
1998-06-26,5.27550540897228,5.27550540897228,5.147402059983907,5.199458599090576,17792000
1998-06-29,5.16207557384549,5.387303999689767,5.077528196854169,5.313237190246581,34534400
1998-06-30,5.333732879827352,5.354695151022194,5.124110736516931,5.143442153930664,39833600
1998-07-01,5.17069406076425,5.203301472689573,5.005325016478546,5.104779243469238,17049600
1998-07-02,5.044921106537669,5.158816493849903,5.0309468228900585,5.085565090179443,9779200
1998-07-03,5.100819403356626,5.27783416037562,5.054236572562154,5.0850982666015625,34790400
1998-07-06,5.100817821907446,5.391960424107523,5.0984892497277405,5.345494747161865,20736000
1998-07-07,5.401277677066304,5.699407739787367,5.382644548146237,5.620916366577148,36044800
1998-07-08,5.7063951127297425,5.948392644986437,5.7063951127297425,5.901693820953369,48358400
1998-07-09,5.915671009149674,5.994162405191341,5.686948830215154,5.818545341491699,116940800
1998-07-10,5.869435977487311,5.869435977487311,5.711520086270171,5.817146301269531,34892800
1998-07-13,5.857791308027713,5.91602042414764,5.752979922560531,5.791993618011475,33689600
1998-07-14,5.7180421907878545,5.939310647873584,5.7180421907878545,5.838575839996338,32409600
1998-07-15,5.997538321972623,6.044121148307464,5.892726962719234,5.923937797546387,41369600
1998-07-16,6.020833026211925,6.167568995516123,5.974482751867794,6.139153003692627,40780800
1998-07-17,6.160578089789879,6.160578089789879,6.020829626505421,6.086977005004883,19532800
1998-07-20,6.05576862288594,6.055884625064338,5.904606980308716,5.934420108795166,15769600
1998-07-21,5.916252635546017,5.983565173503611,5.776387559315904,5.807948112487793,12800000
1998-07-22,5.874094381702136,5.91601949796357,5.804220704301267,5.88608980178833,17459200
1998-07-23,5.869437250152942,5.869437250152942,5.664472774750776,5.713617324829102,16281600
1998-07-24,5.683104594315757,5.764623968629012,5.608572075046042,5.726891994476318,16153600
1998-07-27,5.7087244754955195,5.855227228569088,5.7073273319673845,5.785702705383301,13158400
1998-07-28,5.781045699823473,6.24675746886979,5.776271414250407,6.116791248321533,30156800
1998-07-29,6.11399772312954,6.200175408112613,6.041793752808686,6.117141723632812,10060800
1998-07-30,6.118654856475621,6.130301133954848,5.997656623982349,6.0881428718566895,9548800
1998-07-31,6.148934223054365,6.148934223054365,6.004526865844511,6.070208549499513,7372800
1998-08-03,6.011514029069713,6.146603663332112,5.941639217552129,6.083135128021241,23833600
1998-08-04,6.072070556724553,6.1256408044742034,5.999983750110774,6.0582122802734375,9625600
1998-08-05,5.9160182747270325,6.07672900738694,5.892842866338901,6.056232452392578,13132800
1998-08-06,6.086046198575292,6.1489330134859435,6.011629679353945,6.073818206787109,15078400
1998-08-07,6.12540883897973,6.491084647249174,6.112482557712159,6.378470420837402,57318400
1998-08-10,6.393494337452591,6.486660010858093,6.360885783122521,6.405372619628906,32000000
1998-08-11,6.390465124012193,6.428430242432427,6.346910293705928,6.371482849121095,19276800
1998-08-12,6.2933399098326035,6.3118570400960765,5.999868642687071,6.081621170043945,51916800
1998-08-13,6.079058593631593,6.183869958498311,5.953285524429578,6.083368301391602,36019200
1998-08-14,6.0744013615299695,6.1116676275516255,5.986126552708315,6.0717225074768075,36198400
1998-08-17,6.055766827160035,6.077660525926121,5.857789266095688,5.883992671966553,31590400
1998-08-18,5.881082868633309,5.881082868633309,5.741566937814345,5.7928080558776855,36684800
1998-08-19,5.866755570264103,6.044119402858856,5.84148473545809,5.900993824005127,25984000
1998-08-20,5.939078400807301,6.09303548338852,5.939078400807301,6.071956634521484,22860800
1998-08-21,6.055768130925696,6.055768130925696,5.971919033728263,5.995908737182617,11520000
1998-08-24,6.02083230489146,6.076731715072271,5.974249463074118,6.0561180114746085,10316800
1998-08-25,6.076729979284634,6.265389866116907,6.065084272156837,6.212635040283203,18380800
1998-08-26,6.212635040283203,6.212635040283203,6.212635040283203,6.212635040283203,0
1998-08-27,6.218804474933451,6.27470384611162,6.1559176823580115,6.177346229553223,8678400
1998-08-28,6.1269236868798105,6.1269236868798105,5.9393111956565185,5.9878740310668945,14592000
1998-08-31,5.962602365440818,5.997538920037749,5.874560132522918,5.977159500122069,8678400
1998-09-01,5.871766938036671,5.874095511381053,5.636523597797995,5.680660724639893,20992000
1998-09-02,5.84614608330638,5.892728925154544,5.741567830812534,5.766722679138184,13568000
1998-09-03,5.79490245565879,5.8340321358072185,5.674368847599526,5.735276222229004,15027200
1998-09-04,5.778134601564786,5.8181951547645445,5.618471262337893,5.686366081237793,23168000
1998-09-07,5.7413325394928885,5.776269654337673,5.706977709895518,5.766603946685791,7910400
1998-09-08,5.7343467862174915,5.764043914065402,5.663425097764698,5.742499351501465,15436800
1998-09-09,5.776272905930347,5.878755167164596,5.683107213899213,5.717462062835694,17075200
1998-09-10,5.659812216430562,5.70290189474908,5.549294586680169,5.625108242034913,19814400
1998-09-11,5.592269630810924,5.601586198292492,5.369253728082749,5.399649143218994,39270400
1998-09-14,5.438543737526446,5.496772831926324,5.361682083520696,5.464397430419922,16256000
1998-09-15,5.438546248602428,5.508421080417177,5.387188551440031,5.428414821624756,21990400
1998-09-16,5.473482253298713,5.519831944207962,5.403608573146123,5.418747425079345,12032000
1998-09-17,5.415252808567914,5.468473907711594,5.3826442660289215,5.404887676239014,6348800
1998-09-18,5.38031880184688,5.458811361859425,5.336065092738994,5.423408508300781,12185600
1998-09-21,5.466494610321791,5.49211516718952,5.406286642865472,5.422939777374268,8166400
1998-09-22,5.445533788412605,5.468825778595098,5.375660092418009,5.396272659301758,11289600
1998-09-23,5.473482222165316,5.718042091541639,5.46882450757719,5.682523250579833,23040000
1998-09-24,5.71571323415337,5.771612635647663,5.697662954392288,5.7231669425964355,9267200
1998-09-25,5.706977972925072,5.934651515156855,5.673903714437297,5.8483567237854,20582400
1998-09-28,5.869436577690972,5.997538791502516,5.846144594062074,5.895639419555664,17280000
1998-09-29,5.927665076762499,6.009185028702258,5.825764568199742,5.891330242156982,16384000
1998-09-30,5.825183901493756,5.939311286143559,5.755309075740517,5.88446044921875,16153600
1998-10-01,5.88446044921875,5.88446044921875,5.88446044921875,5.88446044921875,0
1998-10-02,5.88446044921875,5.88446044921875,5.88446044921875,5.88446044921875,0
1998-10-05,5.648167615916124,5.706395579400962,5.413739204406738,5.413739204406738,16281600
1998-10-06,5.29879730055264,5.331405856078132,4.985528280880403,5.287268161773682,24755200
1998-10-07,5.368671062000325,5.6994085804789965,5.368671062000325,5.676000595092773,28595200
1998-10-08,5.703600068527138,5.741332035519813,5.298794717693786,5.368669509887695,29107200
1998-10-09,5.375658203759772,5.4711529985406,5.310442246348475,5.425618171691894,23270400
1998-10-12,5.517734992533478,5.587608653433747,5.320106583896483,5.376588821411133,37913600
1998-10-13,5.333732243001945,5.37099849845445,5.054235327108152,5.097790718078613,41241600
1998-10-14,5.193985881061343,5.494445186895978,5.147403042947445,5.471386909484863,66483200
1998-10-15,5.5035304144356525,5.543358977400865,5.364014441846667,5.439711570739746,34892800
1998-10-16,5.50609085534349,5.568977111195355,5.333850375579944,5.3857903480529785,29004800
1998-10-19,5.433886860919295,5.433886860919295,5.311024084002867,5.333617210388184,11724800
1998-10-20,5.3546956281236815,5.3546956281236815,5.124111193073427,5.2750396728515625,29721600
1998-10-21,5.2750396728515625,5.2750396728515625,5.2750396728515625,5.2750396728515625,0
1998-10-22,5.354696704904672,5.4711543695311535,5.310443577067275,5.4367995262146,19942400
1998-10-23,5.409429881890072,5.561989199509585,5.376006478131291,5.51692008972168,25344000
1998-10-26,5.587608973243446,5.699407746903433,5.555001566230585,5.60379695892334,15718400
1998-10-27,5.589938380728461,5.727357130616765,5.54102585125915,5.68042516708374,21452800
1998-10-28,5.764623478843271,5.764623478843271,5.558494497751519,5.570723056793213,9369600
1998-10-29,5.50841942958769,5.694750742216448,5.50841942958769,5.67576789855957,13644800
1998-10-30,5.694751024725626,5.751814992049053,5.659813333236482,5.681591033935547,13977600
1998-11-02,5.729685824619147,5.735392105310408,5.61555736760475,5.694631576538086,15385600
1998-11-03,5.673789504980798,5.7529797586617635,5.6481689448187336,5.707561492919922,9548800
1998-11-04,5.707561492919922,5.707561492919922,5.707561492919922,5.707561492919922,0
1998-11-05,5.773941021342399,5.773941021342399,5.65049652587287,5.700223922729491,11929600
1998-11-06,5.68892677940357,5.694517059433975,5.627205106599138,5.639083385467529,8166400
1998-11-09,5.680659482246126,5.694401189482572,5.5480144204389825,5.604146957397461,14617600
1998-11-10,5.601585937251191,5.665869908695398,5.58528137628011,5.6600470542907715,6784000
1998-11-11,5.65981201461905,5.706394834234334,5.620566330275934,5.637452602386475,8652800
1998-11-12,5.609708100398695,5.63535571674269,5.560746125126734,5.596418380737305,9318400
1998-11-13,5.57473452915203,5.61262277941048,5.555149740185636,5.5833611488342285,3942400
1998-11-16,5.572403071103877,5.595719136732917,5.530668560232805,5.551302433013916,6272000
1998-11-17,5.543259052773573,5.565408204263213,5.54232609141839,5.561794757843018,2124800
1998-11-18,5.567741974207128,5.688982586710801,5.551653936012308,5.656923770904542,16256000
1998-11-19,5.681404560941054,5.695860628020761,5.570073604583741,5.570073604583741,8985600
1998-11-20,5.5494348649236604,5.663331816317748,5.542673601355289,5.575898170471191,11699200
1998-11-23,5.542326442618576,5.549088278274763,5.47914121814614,5.4861364364624015,8089600
1998-11-24,5.497793882392366,5.560746296484254,5.4494142238380485,5.512249946594238,16409600
1998-11-25,5.512249946594238,5.512249946594238,5.512249946594238,5.512249946594238,0
1998-11-26,5.479140281677246,5.54558943667756,5.455825357920582,5.479140281677246,14745600
1998-11-27,5.474479417345222,5.485903784690989,5.416423480625634,5.465153217315674,7270400
1998-11-30,5.381215524823306,5.444166783660787,5.299844116642921,5.4336748123168945,8601600
1998-12-01,5.420854440439042,5.560747458256824,5.406864569431117,5.522276878356934,12800000
1998-12-02,5.502457842136446,5.560746590464162,5.469815573846867,5.523441791534423,8243200
1998-12-03,5.509570169105837,5.572288645838263,5.503624601867357,5.54827356338501,6118400
1998-12-04,5.544426649283069,5.674993480332908,5.544426649283069,5.656341075897217,13952000
1998-12-07,5.677324986459077,5.891827635790923,5.6610047019317715,5.840766906738281,17792000
1998-12-08,5.856852516245156,6.119734160875335,5.852188847882049,6.097001552581787,21606400
1998-12-09,6.038715141818625,6.103998554911001,5.9968639247707145,6.048041343688965,17561600
1998-12-10,6.07368662346316,6.07368662346316,5.989750839031424,6.030552387237549,6937600
1998-12-11,6.03638139275797,6.097001107893458,5.992081384960238,6.085343360900878,13414400
1998-12-14,6.085342760072449,6.204252336882311,6.085342760072449,6.13197374343872,18022400
1998-12-15,6.13197639732285,6.13197639732285,5.992083386679147,6.045709609985351,15232000
1998-12-16,6.024724891954024,6.024724891954024,5.871192104613772,5.9512810707092285,13516800
1998-12-17,5.869676033675835,5.98730202623484,5.849857862360544,5.9641032218933105,11648000
1998-12-18,5.97576361827617,6.274202095061307,5.97576361827617,6.234565734863281,43622400
1998-12-21,6.724188546661259,6.733397483825684,6.236894147250789,6.733397483825684,11571200
1998-12-22,7.251119606638197,7.251119606638197,6.761494697751226,6.901387691497803,38041600
1998-12-23,6.970751396280812,7.106564759884631,6.7265220906388326,6.873409748077393,61184000
1998-12-24,6.847764406562362,6.850095388036342,6.717197567349733,6.81512212753296,17817600
1998-12-25,6.81512212753296,6.81512212753296,6.81512212753296,6.81512212753296,0
1998-12-28,6.847762696778596,6.92004075043884,6.799965919358113,6.873409748077393,14617600
1998-12-29,6.831440868258802,6.96667133624737,6.813954243418824,6.819783687591552,17228800
1998-12-30,6.909546417979025,6.989984876240734,6.889728247102953,6.929365158081055,5768704
1998-12-31,6.948021602116505,6.982994295988119,6.8926466996518725,6.920042991638184,3701760
1999-01-01,6.948018158793618,6.959558646825106,6.896723495777861,6.917707443237305,2982656
1999-01-04,6.95850812225613,7.029619798876766,6.934026288066748,6.952678680419922,4163840
1999-01-05,6.943354207387136,7.085578734376189,6.868744619458452,7.083247184753418,6856960
1999-01-06,7.087908482206041,7.192594797558833,7.041277505349422,7.078582286834717,8738048
1999-01-07,7.064595204111016,7.411529922270592,7.064595204111016,7.300081729888917,9680384
1999-01-08,7.314070451277869,7.612508773803712,7.314070451277869,7.612508773803712,6855424
1999-01-11,7.6824543648648405,7.7524014130050745,7.514582815470445,7.554219722747802,7362304
1999-01-12,7.519249769990933,8.158560752868652,7.484275946020637,8.158560752868652,6443008
1999-01-13,8.451867337436184,8.811275482177734,8.451867337436184,8.811275482177734,13330944
1999-01-14,8.78994003410682,9.51621818899269,8.65237862943928,9.442773818969727,20356352
1999-01-15,9.384487756046134,9.909086450483496,9.186306027036464,9.346949577331543,16755200
1999-01-18,9.529394063937286,9.531376109067216,9.209621649662276,9.328531265258789,7147008
1999-01-19,9.337856703800616,10.074858665466309,9.337856703800616,10.074858665466309,14387456
1999-01-20,10.074858665466309,10.074858665466309,10.074858665466309,10.074858665466309,0
1999-01-21,10.380060081533493,10.880876541137695,10.375396981766407,10.880876541137695,8440320
1999-01-22,11.652850762940753,11.652850762940753,11.030560442721118,11.391950607299805,14387968
1999-01-25,11.389618662012605,11.517853877245091,10.55026088958179,10.77175807952881,11099648
1999-01-26,10.77175807952881,10.77175807952881,10.77175807952881,10.77175807952881,0
1999-01-27,11.186777232394139,11.422146528816409,10.841707822141048,10.897665023803711,12838144
1999-01-28,10.958286001347469,11.179783271587471,10.375398448084306,10.497221946716307,11460352
1999-01-29,10.543268402358507,11.025899220423128,10.543268402358507,10.993257522583008,14515200
1999-02-01,10.958285557789996,10.990927259451498,10.491975534054252,10.573579788208008,9889280
1999-02-02,10.505961042440966,10.771757660026024,10.305447804613642,10.305563926696777,15393024
1999-02-03,10.50362953757132,10.839372634887695,10.494303340423642,10.839372634887695,9877504
1999-02-04,10.841705754903046,11.028229724879873,10.655181784926219,10.690155029296875,7339520
1999-02-05,10.70647346894664,11.545364379882812,10.655179388738272,11.545364379882812,28004608
1999-02-08,11.890902468172845,12.007479943351012,10.621840528764102,10.888336181640625,20967424
1999-02-09,10.841707791406808,11.716039064907356,10.841707791406808,11.66008186340332,18319616
1999-02-10,11.774326168110088,11.855930408879168,11.331331718220797,11.433919906616211,9707008
1999-02-11,11.531845598251788,11.56448729626544,11.338326960027992,11.489877700805664,3226752
1999-02-12,11.587804867375281,11.797644392136604,11.47122735361899,11.564489364624022,6187904
1999-02-15,11.774326183249451,11.774326183249451,11.471224717146,11.494540214538574,3529344
1999-02-16,11.471225581187246,11.587803076931019,11.429257682719488,11.536042213439941,2247424
1999-02-17,11.494538788656586,12.122657982804768,11.424592305155633,12.007479667663574,13272320
1999-02-18,12.096080006327831,12.352550476778113,12.007481116535915,12.23130989074707,10742144
1999-02-19,12.352551953155936,12.352551953155936,12.007482551671021,12.189343452453612,2495360
1999-02-22,12.263951286673546,12.352083408980251,11.89090333878994,11.93753433227539,5559552
1999-02-23,11.914219650313084,12.077428138673536,11.797642158627045,11.984166145324707,3792768
1999-02-24,11.984399698303266,12.194006962006586,11.881579250169324,12.055279731750488,5499648
1999-02-25,12.077427600746724,12.813264923185326,12.012144208310255,12.497106552124023,13617792
1999-02-26,12.590368541318979,12.706946027812673,12.361876667791337,12.497106552124023,5950848
1999-03-01,14.339025956299144,14.576610565185547,13.919347147822096,14.576610565185547,8554112
1999-03-02,14.576610565185547,14.576610565185547,14.576610565185547,14.576610565185547,0
1999-03-03,15.742627596125338,15.742859840393066,15.50947256656187,15.742859840393066,8929536
1999-03-04,15.714646393739725,15.85453938834275,14.483588041233112,14.735395431518556,17416448
1999-03-05,14.82865694431072,15.108442924392056,14.129191994107385,14.898603439331055,20790912
1999-03-08,15.155074035237764,15.378902820988968,14.222454094607748,14.34369468688965,18941440
1999-03-09,14.222924021606707,15.061816594901956,14.222924021606707,14.945239067077637,20236416
1999-03-10,15.271649865365893,15.504804825142472,14.59573272621203,14.75870895385742,17222656
1999-03-11,14.688765187071324,15.360251595623156,14.642134186477447,14.926583290100098,20278784
1999-03-12,16.12033286753527,16.120798494353284,15.434857330500941,15.929145812988281,29203840
1999-03-15,16.041061275550355,16.041061275550355,15.621382346829561,15.668478965759277,10044544
1999-03-16,15.178384908587667,15.341593348464954,14.618813114722684,14.625807762145996,20958720
1999-03-17,15.15507860617204,15.15507860617204,14.087694079115117,14.362351417541502,25989376
1999-03-18,14.26908510173866,14.35768399616122,13.807438230800056,14.01727771759033,8580352
1999-03-19,14.217789938541058,14.222453037897747,13.29099894139936,13.653554916381836,16324480
1999-03-22,12.823759130010092,13.518328887910354,12.823759130010092,13.448382377624512,8837504
1999-03-23,13.51366068932318,13.686195349607845,12.916784026716773,13.010046005249023,22317824
1999-03-24,13.406409994464056,13.406409994464056,12.124057734124015,12.473790168762209,21507840
1999-03-25,12.124520911720214,12.935434369428442,12.124520911720214,12.706942558288574,19840384
1999-03-26,12.888808366694724,13.10331096614044,12.385193567996087,12.660316467285156,20060160
1999-03-29,12.660316467285156,12.660316467285156,12.660316467285156,12.660316467285156,0
1999-03-30,13.056678693909275,13.672207832336426,12.945696697320638,13.672207832336426,29875712
1999-03-31,14.222452811413659,14.339030293474426,13.63956540110982,13.662880897521974,24011008
1999-04-01,13.5227592074059,13.54630809460679,13.173260023154624,13.261858940124513,16733952
1999-04-02,13.261858940124513,13.261858940124513,13.261858940124513,13.261858940124513,0
1999-04-05,12.26512122050123,13.01005159403039,12.26512122050123,12.81420135498047,17392768
1999-04-06,12.63700149272092,12.91678750362987,12.450477485448285,12.800209999084474,16358016
1999-04-07,13.010044903330678,13.568684335113874,12.98672941067238,13.219417572021484,30448000
1999-04-08,13.289834233672412,13.383096228294674,13.010048249805624,13.178152084350586,17703040
1999-04-09,13.299158372338661,13.313147669364264,12.124057422188121,12.180014610290527,39910656
1999-04-12,12.077426766462798,12.846838124171818,11.42925598633217,12.667308807373047,25665408
1999-04-13,12.497572178998787,12.823523514306366,12.403844562929068,12.497106552124023,21564288
1999-04-14,12.497106552124023,12.497106552124023,12.497106552124023,12.497106552124023,0
1999-04-15,12.427161286648055,12.54373878464663,12.098179359605652,12.40384578704834,9872640
1999-04-16,12.287268954939323,13.396154403686525,12.287268954939323,13.396154403686525,11803904
1999-04-19,12.590600747962757,12.786218680477107,12.366539730352038,12.64166259765625,8974720
1999-04-20,12.590373229980468,12.823528289794922,12.322244911193847,12.823528289794922,8896512
1999-04-21,12.697615277387515,12.870149895552531,12.623005712775615,12.711836814880371,3072256
1999-04-22,12.623012226959109,12.841944553408208,12.375867916641845,12.613219261169434,8255872
1999-04-23,12.80020857209209,12.823524070401913,12.361877203867444,12.63700008392334,7758592
1999-04-26,11.914683316481181,12.31990729396783,11.914217689662303,12.007479667663574,9414272
1999-04-27,12.007479667663574,12.007479667663574,12.007479667663574,12.007479667663574,0
1999-04-28,12.007482760958874,12.217322265519321,11.709044354472907,12.119397163391113,6228352
1999-04-29,12.217316507839884,12.291926074299976,12.152033137187304,12.263947486877441,5271680
1999-04-30,12.170689495702698,12.473790958239356,12.170689495702698,12.35744571685791,2413824
1999-05-03,12.44114928236427,12.450475481226613,12.02613343299005,12.194005012512207,2635648
1999-05-04,12.259290242065319,13.074633755196333,12.249964041805095,12.846840858459473,9123712
1999-05-05,13.874354527278355,13.874587909979303,13.010049586393396,13.709514617919924,16496896
1999-05-06,13.868060738545008,14.806276321411133,13.802777332243855,14.806276321411133,19347072
1999-05-07,15.266989473783054,15.476828974797176,14.828890315904069,15.15507507324219,18561664
1999-05-10,15.107978692364311,15.290306375337684,14.875290435293445,15.015183448791504,8571264
1999-05-11,14.955027149228192,15.052486621141435,14.857102050391768,14.921919822692873,9383296
1999-05-12,15.038493456481698,15.201701912598553,14.805338519171903,15.024736404418945,12447744
1999-05-13,15.248340639420865,15.383570571697074,14.893944954834938,14.945239067077637,11407232
1999-05-14,15.015185583772228,15.141089313822492,14.875292550383046,14.945239067077637,13733760
1999-05-17,14.875287235477147,14.968549224414307,14.180485417895298,14.418303489685059,13644544
1999-05-18,14.362348237624305,14.968551247653902,14.315717236852798,14.782027244567873,19741568
1999-05-19,14.968317580398034,15.108443962742914,14.712546090647901,14.87528896331787,12166656
1999-05-20,14.945350646972654,15.216235127449034,14.82859009504318,14.945350646972654,15785216
1999-05-21,15.127491223406748,15.22557004887496,14.781880124137807,14.852169036865236,11502976
1999-05-24,14.851934438653814,14.99204702769772,14.71182184960991,14.924325942993164,6969984
1999-05-25,14.758994559267595,15.062105521977504,14.758994559267595,14.99204921722412,6000128
1999-05-26,15.1695336031057,15.365691365214825,14.898649074478813,15.076125144958498,17682304
1999-05-27,15.155519640445707,15.220905549526213,14.851942205429076,14.945350646972654,12986240
1999-05-28,14.805226119490712,14.931327414514765,14.501648927766139,14.842822074890137,19985920
1999-05-31,14.945346814696139,15.35937916957623,14.945346814696139,15.202219963073729,8236800
1999-06-01,15.08545846109417,15.174196452041784,14.870619114589424,14.978038787841797,6269696
1999-06-02,14.945342738518669,15.108807424721217,14.69547528960906,14.99695110321045,16216064
1999-06-03,15.038751224045686,15.066773741854467,14.879956956462596,14.924325942993164,4792704
1999-06-04,14.99672059305422,15.062106481656762,14.805233347861066,14.94557857513428,12052608
1999-06-07,14.851936806331983,14.945345213918976,14.683801672675393,14.795891761779785,9071616
1999-06-08,14.711828231811525,14.781884556724913,14.254359517935368,14.711828231811525,16247040
1999-06-09,15.202215977192706,15.318976468568994,14.851934503063843,14.967527389526367,15828352
1999-06-10,15.108110439112314,15.202220104857505,14.898642744852669,14.984811782836914,8081792
1999-06-11,14.992048320098545,15.038752520472684,14.75432325605062,14.792621612548826,4944384
1999-06-14,14.109340972293671,14.688473140636741,14.081318448019006,14.662084579467773,5679104
1999-06-15,14.709487197158007,14.71182240706389,14.207417067393127,14.292418479919432,11062784
1999-06-16,14.24945046428355,14.52500522580198,14.17729270817105,14.453313827514647,5465600
1999-06-17,14.618413968253675,14.725833623611448,14.520335152492228,14.600432395935059,3652736
1999-06-18,14.707148463775706,14.707148463775706,14.390026350388021,14.439066886901855,3204480
1999-06-21,14.59506726392019,15.594303721029297,14.49978998067754,15.537558555603027,10575488
1999-06-22,15.645908607535464,16.393175884313276,15.645908607535464,16.126028060913086,15855488
1999-06-23,16.206365077937793,16.393181966444278,15.92613974517806,16.006237030029297,7011968
1999-06-24,15.949486073914521,16.341801397548142,15.810774812534795,16.180204391479492,8440704
1999-06-25,16.11295029633025,17.373029941754904,16.11295029633025,17.097707748413086,26430080
1999-06-28,17.285231979448334,17.60749110038374,17.18715311655495,17.279861450195312,14229632
1999-06-29,17.392649118417634,17.392649118417634,17.056378781004618,17.166601181030273,9319808
1999-06-30,17.23384587393459,17.252527549678693,16.953620737773054,17.004995346069336,5262080
1999-07-01,17.04703106110217,17.280552034541927,17.005463643686415,17.1175537109375,8567168
1999-07-02,17.17779806346454,17.271206427050533,17.028344681726946,17.07318115234375,6398336
1999-07-05,17.210495733601284,17.742923552768325,17.210495733601284,17.26910972595215,5593088
1999-07-06,17.322588157827653,17.444019080476217,17.09373757283613,17.332862854003906,9654656
1999-07-07,17.415993555865548,17.74712582787688,17.373959782198938,17.543262481689453,7298816
1999-07-08,17.558443053808972,17.558443053808972,17.28568985620823,17.388206481933594,4732672
1999-07-09,17.50006739367869,18.779295242661245,17.50006739367869,17.95683479309082,22137728
1999-07-12,18.443492737349285,19.393455923384867,18.214642105764046,19.39158821105957,28203008
1999-07-13,19.667135714832007,20.479788674789447,19.4990006196684,20.06342124938965,13993088
1999-07-14,20.316329267470636,21.66864861720927,20.08304085024231,21.643428802490234,22441984
1999-07-15,22.90841134494593,23.300726646266103,22.203177886620374,22.458183288574215,22147584
1999-07-16,22.65153734182656,24.23948016578966,22.65153734182656,23.807933807373047,16752896
1999-07-19,24.146075018700394,25.7127685546875,24.146075018700394,25.7127685546875,6877568
1999-07-20,25.712768167485212,25.712768167485212,23.655913097821323,23.65965080261231,18154240
1999-07-21,21.955649385609902,23.141936333907054,21.857570543427855,22.379022598266605,23183872
1999-07-22,22.031777219359803,22.183800799120366,21.13365612644316,21.60209846496582,20959360
1999-07-23,21.600930663360348,22.184500704613345,20.83007855633169,21.168916702270508,21220736
1999-07-26,21.203706645128616,21.694100741546787,20.596552049563257,21.2915096282959,12089728
1999-07-27,21.040246842358517,21.43723263183698,20.689965263406933,20.8167667388916,18631040
1999-07-28,21.9276280388095,22.359174511528582,21.530642227670246,22.207853317260742,18416512
1999-07-29,22.408675996225522,23.959255494088566,22.408675996225522,22.814302444458008,15396992
1999-07-30,22.534780193325922,22.765731131890394,22.021734016144787,22.623050689697266,10296832
1999-08-02,22.69824020880416,24.388932174974347,22.324606625120143,23.87868881225586,28495232
1999-08-03,23.814472146542972,23.907880548765142,23.282044253876585,23.409313201904297,12061696
1999-08-04,23.58562113703829,24.42115882379727,23.58562113703829,23.990312576293945,16642688
1999-08-05,24.053134041959,24.262835474759612,23.548261109477952,23.67412757873535,7390848
1999-08-06,24.005969482623733,24.466938773467334,23.73508500208051,24.144681930541992,16282624
1999-08-09,23.828487202559362,24.14607582070402,23.585625318095804,23.685104370117188,6105216
1999-08-10,23.50621972905257,23.74441110719318,22.889724397394527,23.51369285583496,15756160
1999-08-11,22.88505400708441,25.033446832239274,22.88505400708441,24.665651321411133,19464704
1999-08-12,25.0306583019513,25.663967958254517,24.84664413792794,25.407562255859375,18495232
1999-08-13,25.64013957048457,25.89280976108147,25.360381854738886,25.470369338989258,10773632
1999-08-16,26.000230991287168,26.252433698944706,25.734017022093102,25.84026908874512,5970304
1999-08-17,25.96753407711122,26.33182682135846,25.832792009842038,26.044361114501953,10378240
1999-08-18,26.387874437534062,26.504634943894835,25.902383339894527,26.041095733642578,6395392
1999-08-19,26.060944457209214,26.503231877470036,25.500961536885686,25.617019653320312,4527360
1999-08-20,25.383731500191924,25.52384409356925,25.224937227697623,25.407316207885746,2692096
1999-08-23,25.56588119970375,26.378534347081985,25.56588119970375,25.85708236694336,4193664
1999-08-24,26.06094795693923,26.1543563725555,25.598576299638697,25.70412826538086,4795264
1999-08-25,26.57001573155237,26.807507012037085,25.687306472761126,26.219966888427734,8925056
1999-08-26,25.921302181272583,26.481285162745273,25.920834683110453,26.097843170166016,4655232
1999-08-27,26.173041094925093,26.383210054466783,26.037598876553783,26.120031356811523,3212928
1999-08-30,26.289802632699008,26.33650684771535,25.921306832315917,26.03643226623535,2241920
1999-08-31,25.930173615139974,26.05160454345295,25.734483459839026,25.923635482788086,4726656
1999-09-01,26.341170907622033,26.341170907622033,25.453791036620583,25.582927703857422,3288192
1999-09-02,25.780715729339523,25.780715729339523,25.249220620110737,25.506328582763672,2763904
1999-09-03,25.64060999577568,26.0375957607376,25.453793165205365,25.9652042388916,3062144
1999-09-06,26.201067548778237,27.438729384861347,26.04694362202072,27.31216049194336,12411008
1999-09-07,27.60219418241004,27.7329659991795,26.62607597866661,26.88621711730957,4962432
1999-09-08,27.696059063722878,28.531129276646315,27.6722394647967,27.968111038208008,5560832
1999-09-09,27.695827155018463,27.952467682777016,27.560852453882443,27.754674911499023,2109056
1999-09-10,27.742292462468708,28.20466400350985,27.555475678209657,27.967405319213867,6237952
1999-09-13,27.967405319213867,27.967405319213867,27.967405319213867,27.967405319213867,0
1999-09-14,28.139289023713626,28.139289023713626,27.321965276136883,27.3901538848877,5766912
1999-09-15,27.760974150819926,28.604917605724918,27.644213660616277,28.242259979248043,8206720
1999-09-16,28.022757386369275,28.797814629699104,28.022524777521024,28.53276824951172,9296000
1999-09-17,28.512914091629494,30.810760730954918,28.512914091629494,30.570701599121097,16051968
1999-09-20,31.293225138609134,32.97317671128965,31.293225138609134,32.793365478515625,15663488
1999-09-21,32.982512404545865,35.416969299316406,32.982512404545865,35.416969299316406,7432320
1999-09-22,35.7053641518325,36.896321360297804,35.02815319015615,36.00263595581055,22486272
1999-09-23,36.19574977200068,37.176305221563766,35.98558090235681,36.41899490356445,16110976
1999-09-24,36.24036290182612,36.24036290182612,35.261677132801964,35.6070556640625,9369472
1999-09-27,35.50453053921176,35.86882327560461,32.7585563659668,32.7585563659668,18954368
1999-09-28,32.75856223011403,33.58032363515755,31.903642663666375,32.59159469604492,15646976
1999-09-29,34.56110814270156,35.19908797343146,33.893238079943956,34.08892822265625,13825280
1999-09-30,34.19681888076285,34.607815884519624,33.160685637355265,33.31504440307617,9083008
1999-10-01,33.81384517591233,34.911394017948155,33.81384517591233,34.06464767456055,18394240
1999-10-04,34.266860374034124,34.266860374034124,33.25337956428008,33.704307556152344,8724224
1999-10-05,33.860090886683246,34.794642754204126,33.860090886683246,34.565792083740234,21926272
1999-10-06,36.19576107147354,36.87297208506885,35.406459959076244,35.608455657958984,23435904
1999-10-07,36.14906431355398,38.45718765258789,36.14906431355398,38.45718765258789,20937216
1999-10-08,39.693898196122426,41.449976054899,37.36335869737374,38.4149055480957,32706048
1999-10-11,38.92794897638638,40.39913121124682,37.97518333857201,38.20076370239258,15590016
1999-10-12,38.367491383605376,38.53095604561709,36.95071934975972,37.364986419677734,18227712
1999-10-13,35.73339797301981,38.29745959727649,35.73339797301981,37.14433288574219,14667520
1999-10-14,36.66279873756088,37.83040379289721,36.66279873756088,37.20199966430664,7520256
1999-10-15,37.316653265137184,37.316653265137184,35.611950080935046,35.966434478759766,7726208
1999-10-18,35.78055710627123,36.798241224723974,34.91139143987964,35.28315734863281,12191872
1999-10-19,35.28315734863281,35.28315734863281,35.28315734863281,35.28315734863281,0
1999-10-20,36.662327544270155,37.36219039999575,35.966902499499014,36.29056167602539,9482624
1999-10-21,36.51802093117505,36.51965603458199,34.33693437600703,34.54173278808594,13757312
1999-10-22,34.00066460013558,34.04736880975115,33.24405640436333,33.5565071105957,7973120
1999-10-25,34.08939998891062,34.21083092461574,33.01987367058475,33.71039581298828,11998464
1999-10-26,33.83719249103904,35.67733794879879,33.83719249103904,35.2418212890625,17267200
1999-10-27,36.798250330633905,36.798250330633905,35.02816061425997,35.22922134399414,9428992
1999-10-28,35.03742320309651,35.03742320309651,34.00484945621235,34.444976806640625,7144320
1999-10-29,34.20108020507623,34.551501108816765,31.98174781471951,32.60012435913086,23359872
1999-11-01,33.12646304320831,34.29453296715783,30.837045992267257,31.122055053710938,17923456
1999-11-02,30.930480435151935,33.611900329589844,30.83703487492489,33.611900329589844,11051648
1999-11-03,34.42956842986719,35.62613996076111,33.76260036699523,34.978328704833984,21494272
1999-11-04,35.25233280665489,35.60275360990196,34.808466455875276,35.4831428527832,10679296
1999-11-05,35.59808818601491,37.49363011381894,35.51398717704415,37.122886657714844,21151104
1999-11-08,37.122886657714844,37.122886657714844,37.122886657714844,37.122886657714844,0
1999-11-09,37.845452128690866,38.02767097227345,36.77082817935767,37.35976791381836,12857088
1999-11-10,37.61184920658276,38.195884132150816,37.284789648264656,37.98609924316406,15993472
1999-11-11,38.02301409639331,39.12567216062885,37.14929774888464,37.46677780151367,14318592
1999-11-12,37.49503782525212,37.9389043166414,37.14928918985416,37.49690628051758,9048320
1999-11-15,37.84545685194293,38.03234799689079,37.23338835223867,37.44480895996094,10479232
1999-11-16,37.68191748820346,38.45284326446553,37.19156105917229,37.889366149902344,18548992
1999-11-17,38.54630535977867,38.92008771478259,38.04637145996094,38.04637145996094,10408832
1999-11-18,38.42950920114332,40.64417027851012,38.42950920114332,40.025093078613274,19834752
1999-11-19,40.345114001341756,41.069316974151015,40.345114001341756,40.659324645996094,13349376
1999-11-22,40.835710162268334,43.38420513752393,40.835710162268334,42.96253204345703,19514368
1999-11-23,42.96253204345703,42.96253204345703,42.96253204345703,42.96253204345703,0
1999-11-24,43.40079612387739,43.76523385642798,42.42428989178671,42.59132385253906,16322688
1999-11-25,42.89151118456964,45.662171983311445,42.89151118456964,44.58684539794921,32123520
1999-11-26,44.84453598968364,45.40988177575905,44.66698937918062,45.011802673339844,15648640
1999-11-29,44.67163460697157,44.67163460697157,42.52705974193654,42.957374572753906,14984832
1999-11-30,42.616327439038876,43.536301113169664,42.09723900296831,43.109020233154304,19893248
1999-12-01,42.75134587667923,45.18093056038122,42.19534476637051,43.32323455810547,20949248
1999-12-02,43.63909891906348,44.38666378277334,43.21859368322668,43.3910026550293,8741376
1999-12-03,43.66245384769268,44.339934404987005,43.335394268309216,43.522518157958984,7236608
1999-12-06,43.82597734136827,44.29320524479437,43.51340004886721,43.91825485229492,11953920
1999-12-07,44.036224870452465,46.46580969089122,44.036224870452465,44.450889587402344,15384832
1999-12-08,46.48916034535035,46.71810193901087,45.08747711885738,46.07099151611328,22782080
1999-12-09,45.55470480940882,46.60596722808748,44.5735265519754,46.1754150390625,19315456
1999-12-10,46.34899930798369,47.37222822415792,46.34899930798369,46.60247039794922,16516864
1999-12-13,46.676050029780285,47.40025300822032,45.43789655051184,47.0425910949707,19993728
1999-12-14,47.30683310285234,47.42364009816802,45.95654423700302,46.450172424316406,19234304
1999-12-15,45.736931151497735,46.2555540300161,42.76068994774822,45.505653381347656,11230720
1999-12-16,45.32111402610523,46.572819608698396,45.204307031192585,46.37611389160156,8111744
1999-12-17,46.48916850997671,48.82530763108107,46.48916850997671,47.1671142578125,13785600
1999-12-20,47.65256895294183,48.12446908670466,47.21337476904374,47.444652557373054,6485120
1999-12-21,47.88619676078214,51.24042833070224,47.751636012032236,51.21893310546875,16071040
1999-12-22,53.75596072016446,55.31650161743164,53.75596072016446,55.31650161743164,2171008
1999-12-23,59.74187469482422,59.74187469482422,58.89408858795894,59.74187469482422,2854784
1999-12-24,59.571541280569974,62.48704259500728,58.473556009908485,59.709373474121094,12998400
1999-12-27,58.870727497893604,60.26773920597854,56.53925979777861,58.7840576171875,6448640
1999-12-28,57.188709294509245,58.87073015611246,55.600134036328434,58.1916160583496,6875904
1999-12-29,60.73026751560926,62.84704208374024,59.85187927950105,62.84704208374024,8247296
1999-12-30,67.23408904252528,67.87489387751474,65.41190038883627,67.59735870361328,5480064
1999-12-31,67.59735870361328,67.59735870361328,67.59735870361328,67.59735870361328,0
2000-01-03,73.00434417285591,73.00527954101562,73.00434417285591,73.00527954101562,657536
2000-01-04,78.49427284365024,78.84586177409575,75.93853669808614,78.75545501708984,7191808
2000-01-05,73.35945018919759,75.92453127663595,72.45513153076172,72.45513153076172,21069440
2000-01-06,71.28331608776715,71.48585752564777,66.65869140625,66.65869140625,10495616
2000-01-07,61.325992584228516,61.325992584228516,61.325992584228516,61.325992584228516,971392
2000-01-10,61.32598679384302,66.23187884622466,56.42009474146139,64.2779312133789,30230400
2000-01-11,61.674063783128325,64.47743031872507,59.13584899902344,59.13584899902344,15658368
2000-01-12,55.833739106870446,62.370258019883984,54.974039693007335,61.10196685791016,25993472
2000-01-13,61.20684591791272,61.435787555315606,56.21381387217978,56.49064636230469,20038400
2000-01-14,57.2307461617287,57.455015556435455,52.343542268744116,56.89154052734375,16040064
2000-01-17,57.00180617710374,60.20231742557227,54.75911216357835,55.46416091918945,18092928
2000-01-18,54.85115155553436,56.85695990309996,52.91355665236314,55.76668548583984,20290944
2000-01-19,58.618417938004185,60.22801820738427,58.02971072772294,60.224979400634766,19994752
2000-01-20,61.67407539210014,63.31404512411735,58.922103391649614,59.55776596069335,19778560
2000-01-21,60.272394912172544,63.49626719817247,58.417500278053744,62.70291519165039,20786048
2000-01-24,63.54298136680052,67.69663654585094,63.54298136680052,64.84561157226562,25256320
2000-01-25,64.4774525556294,66.57997818244341,62.608773588754296,65.92305755615234,20469632
2000-01-26,65.92305755615234,65.92305755615234,65.92305755615234,65.92305755615234,0
2000-01-27,70.73828206963796,71.01861872248989,68.1498403083051,69.06327056884766,12953792
2000-01-28,69.3926757826658,71.94373967825803,69.3926757826658,71.12655639648438,17281536
2000-01-31,70.41590137556743,70.4953301011586,66.59865026921491,67.48358154296875,7598272
2000-02-01,67.74806132077335,69.61697335720848,66.81360530255579,69.31233978271484,7055424
2000-02-02,70.92518289541614,71.95308409679899,68.6778170869382,68.83013153076172,9491520
2000-02-03,69.29924736976596,70.17763588820691,68.86939766925231,69.53099060058594,6032064
2000-02-04,69.8505578501228,74.28922206133463,69.8505578501228,73.79349517822266,20176704
2000-02-07,73.81266957133094,79.69740544454854,73.81266957133094,79.39324188232422,16988608
2000-02-08,79.38199292271511,85.50267630875142,79.38199292271511,83.14971923828125,14902784
2000-02-09,87.82948351444266,87.82948351444266,80.36318312843993,81.3887481689453,10595520
2000-02-10,82.22277731620498,86.6707875449257,82.22277731620498,86.05404663085938,18777728
2000-02-11,86.61469299732175,92.9386215209961,86.61469299732175,92.9386215209961,2100224
2000-02-14,100.3741226196289,100.3741226196289,100.3741226196289,100.3741226196289,1518912
2000-02-15,100.37410367265005,100.37410367265005,92.34432686288272,93.08815002441406,21339968
2000-02-16,93.91280302451182,96.24894240323101,90.03481165583794,93.79926300048828,12720448
2000-02-17,93.44557542492934,100.92122145892368,93.44557542492934,96.2330551147461,12125248
2000-02-18,97.36095526526158,98.11786450573439,91.34305957557653,92.18032836914062,10628288
2000-02-21,92.04387149119349,98.11783255406412,90.65153272447391,95.82608032226562,17751552
2000-02-22,96.61336606192968,96.61336606192968,91.10942248803698,91.85791778564453,12066560
2000-02-23,98.1178304498973,98.1178304498973,84.50935641936904,86.10961151123047,11944576
2000-02-24,87.74539424358316,90.16563461728796,83.98888215775564,86.87635040283203,8260480
2000-02-25,87.83883061283012,88.67843535948114,82.69932456633474,83.98139953613281,4929856
2000-02-28,83.16654148161341,83.16654148161341,77.26311871970225,79.51936340332031,7616384
2000-02-29,80.36316465567815,85.88112381023372,78.02702614824564,82.03958129882812,16031808
2000-03-01,85.02610887716605,88.6027374267578,84.10099790026317,88.6027374267578,6285824
2000-03-02,94.70475433541361,95.69107055664062,92.811076103576,95.69107055664062,1607040
2000-03-03,103.34659576416017,103.34659576416017,103.34659576416017,103.34659576416017,1708224
2000-03-06,111.57071954484871,111.61463165283202,98.67850061327702,111.61463165283202,1385792
2000-03-07,119.61032887093816,120.54385375976562,119.61032887093816,120.54385375976562,3477312
2000-03-08,125.68428846969628,130.18743402426668,111.99451281110112,115.07868194580078,22432768
2000-03-09,118.5824387857295,121.4792517111492,108.67720749235886,110.81290435791016,8334720
2000-03-10,113.05981235134689,119.09639709214945,106.77606221516557,109.00240325927734,10259648
2000-03-13,109.33133934616319,113.99427424648245,100.28253936767578,100.28253936767578,7513664
2000-03-14,95.40794977508148,95.40794977508148,92.26023864746092,92.26023864746092,8390592
2000-03-15,85.32514977693123,95.78170903663838,84.87941258391535,93.13673400878908,16262144
2000-03-16,89.70775330762422,89.70775330762422,85.68585205078124,85.68585205078124,5725568
2000-03-17,85.68585205078124,85.68585205078124,85.68585205078124,85.68585205078124,0
2000-03-20,85.68585205078124,85.68585205078124,85.68585205078124,85.68585205078124,0
2000-03-21,85.92320583672769,92.54102325439453,79.53152853468073,92.54102325439453,14633344
2000-03-22,90.64221024443239,99.94471749168316,88.7732986930008,99.93350219726564,9580544
2000-03-23,102.41636481844102,107.83620894204466,94.84727216306355,95.91301727294922,14267456
2000-03-24,94.47348125014605,103.53770249768726,94.47348125014605,101.14035797119139,12254144
2000-03-27,98.11784739130398,102.78078128161452,96.24893601242199,96.87828826904297,8076992
2000-03-28,94.38935290064751,95.31446387353772,90.27915391020014,92.95589447021484,8920448
2000-03-29,95.31447532039788,99.79986239429894,94.8565920566038,95.21075439453125,6539904
2000-03-30,92.51111535052468,92.51111535052468,87.6519456553456,91.06925201416016,7659648
2000-03-31,89.70773182845798,89.70773182845798,83.7837491082817,83.82206726074219,8080640
2000-04-03,79.43808950711522,84.1010240635263,77.1164321899414,77.1164321899414,3743552
2000-04-04,70.94715118408203,70.94715118408203,70.94715118408203,70.94715118408203,400192
2000-04-05,65.8884657276594,76.61601623898446,65.8884657276594,72.8655776977539,28349120
2000-04-06,73.3734582807693,78.6951832541389,68.22460760416412,78.63724517822266,30059968
2000-04-07,84.9284896850586,84.9284896850586,84.9284896850586,84.9284896850586,222400
2000-04-10,91.72290802001953,91.72290802001953,91.72290802001953,91.72290802001953,210624
2000-04-11,91.72291157964484,99.06072552488358,84.57759187310506,99.04483795166016,27174080
2000-04-12,97.08992281496684,98.79997631594269,93.35210095491037,94.16507720947266,16391936
2000-04-13,92.5115860161497,92.5115860161497,86.63198852539062,86.63198852539062,3314176
2000-04-14,86.63198852539062,86.63198852539062,86.63198852539062,86.63198852539062,0
2000-04-17,79.70159149169922,79.70159149169922,79.70159149169922,79.70159149169922,220096
2000-04-18,79.70159154597275,82.22275101461838,73.32579803466797,73.32579803466797,14944384
2000-04-19,79.18578608776059,79.18578608776059,67.45976633260206,67.7485122680664,25509632
2000-04-20,63.56168267730302,73.05575348002867,62.33754559545552,71.05181121826172,36772800
2000-04-21,71.05181121826172,71.05181121826172,71.05181121826172,71.05181121826172,0
2000-04-24,72.86883404484989,73.81263402414328,67.3742361455973,68.8824462890625,17368064
2000-04-25,67.43031939673386,69.09365044615441,63.37198035238558,67.02243041992188,16440064
2000-04-26,72.35350798590554,72.35397338867188,71.49520946656712,72.35397338867188,4330048
2000-04-27,74.66301282634907,76.38241136953408,72.35397180498478,74.64665985107422,24835072
2000-04-28,75.71936812408049,79.34641933792534,74.36389795395806,75.9217529296875,19109696
2000-05-01,75.9217529296875,75.9217529296875,75.9217529296875,75.9217529296875,0
2000-05-02,77.1215489717775,79.1781236110249,72.40077536805052,73.69361114501953,25582336
2000-05-03,68.70830459879627,73.84039428923698,64.85035483995084,71.50244140625,32888000
2000-05-04,71.88664482241462,76.9346016760042,70.57791526778028,76.4629898071289,25117504
2000-05-05,76.93460291244148,81.60723124940436,76.93460291244148,80.07555389404297,30822080
2000-05-08,80.38406323753426,81.70214126015229,70.48445596127554,71.02477264404297,48399424
2000-05-09,70.11985606963167,74.27039814334402,65.43647413510487,73.62538146972656,31215296
2000-05-10,74.31713118721619,74.55083285761624,70.57790446081538,72.54988098144531,24130816
2000-05-11,71.13878739750066,71.13878739750066,64.59747774160039,66.00623321533203,31749632
2000-05-12,66.8387131539237,68.24092391939064,63.12285462543635,64.13618469238281,32175744
2000-05-15,63.613597833105445,67.21260373549275,56.56609082441877,64.8690414428711,43260224
2000-05-16,65.42712466575117,66.37127948661714,62.81901382395312,64.16419982910156,30106112
2000-05-17,66.99386407909766,69.29769266590337,64.32405498376149,65.08919525146484,24953152
2000-05-18,64.96909893127224,65.3897621617625,63.11818071711514,64.48159790039062,16329728
2000-05-19,64.50307144855306,64.50307144855306,58.908722810142955,60.354400634765625,35789312
2000-05-22,58.50021882706729,58.50021882706729,54.50859315765889,55.518184661865234,27676736
2000-05-23,54.219266619095414,57.66636711634169,51.648547604199884,56.24125671386719,34424576
2000-05-24,55.16293554277316,57.350382910508955,53.28397434228216,56.53055572509766,38866432
2000-05-25,56.92975710086343,59.06111746523073,56.08843064124476,56.45440673828125,34255680
2000-05-26,56.88299503642129,57.37844265136465,54.4524973027369,55.886024475097656,36218496
2000-05-29,55.265782985516125,55.714490289864024,52.16315985022457,55.07274627685547,26640576
2000-05-30,55.387318257539675,59.17328684729555,54.70724612197241,58.58389282226563,26278080
2000-05-31,62.43575931527951,65.61410310434898,62.43575931527951,65.4248046875,21896192
2000-06-01,64.96909384175586,66.58023480121841,63.87536952816084,65.37713623046875,26854272
2000-06-02,65.81040414536785,71.8866488462896,65.81040414536785,70.43022155761719,39140928
2000-06-05,71.04531486587071,78.88179823113667,71.04531486587071,74.80277252197266,27895872
2000-06-06,75.27064177977758,76.37371377804058,72.91492869874132,74.51952362060547,28894656
2000-06-07,73.38233565019148,75.4015183891012,71.9801254148375,73.25707244873047,28549120
2000-06-08,73.3355859099496,74.77518823373956,72.91492289325772,73.91423034667969,20242496
2000-06-09,74.31623371699274,76.46582461348613,73.56932370686891,74.17741394042969,32154624
2000-06-12,73.14860648122875,74.57886038431221,72.17640774972105,72.58024597167969,14581632
2000-06-13,71.99085580769876,73.33557598190843,69.6524380677119,72.63867950439453,19440384
2000-06-14,71.87728799222235,74.30778544026212,71.87728799222235,73.03738403320312,15804032
2000-06-15,72.93362475174287,78.51442121121357,72.46622136317748,77.42396545410156,47780928
2000-06-16,76.66349863506436,79.36509003922649,76.17739914365802,78.43636322021484,32008768
2000-06-19,78.52373968750503,81.02902090610638,77.13087811447667,80.07271575927736,39349376
2000-06-20,79.78576385402467,83.66521224294326,79.78576385402467,81.59882354736328,25223040
2000-06-21,83.19778372826823,83.19778372826823,78.80419290216868,79.46556854248047,27506944
2000-06-22,79.45858821889932,80.32795865470611,78.53312936787921,79.57637023925781,21713344
2000-06-23,79.42117795364855,79.42117795364855,76.33631581561842,77.20802307128906,22021824
2000-06-26,76.65461675806705,76.65461675806705,73.3832633741225,75.56182861328125,17510144
2000-06-27,76.45785757118013,77.67217540524871,74.83129353922202,76.25687408447266,19903872
2000-06-28,75.71935801172759,77.21504903418146,73.86844037144091,76.81121063232422,12160960
2000-06-29,77.29913914842277,80.85140337340773,77.29913914842277,78.43492889404297,16867520
2000-06-30,77.64505259346522,78.05636758432875,76.1961020574687,77.68618774414062,15405760
2000-07-03,78.43029199501568,80.57099960727534,78.43029199501568,80.23960876464844,21234432
2000-07-04,80.58033895406795,82.24429490926796,80.4027256779511,81.79418182373047,22397056
2000-07-05,82.1508111119274,82.37516471532821,79.98205961238631,80.3975830078125,15825792
2000-07-06,80.06619922454486,80.06619922454486,78.24332603729603,79.16177368164062,13693696
2000-07-07,79.36417280319681,80.57894703822835,79.04820077518924,79.34313964843749,16222208
2000-07-10,79.5520638032742,80.01946723337568,77.25243892717484,77.55718231201172,15590016
2000-07-11,77.89745241013637,79.69228150682977,77.0280820664255,77.33890533447266,26963328
2000-07-12,77.35527123868447,78.51443179863574,75.6258784677894,78.16434478759766,29184832
2000-07-13,78.9724721155632,79.73854805237445,74.31713462579634,75.07572937011719,27476480
2000-07-14,73.85019748334862,75.13976519729516,71.80250516054045,72.63494873046875,54850688
2000-07-17,72.44752790402961,73.1009569524861,71.13879836769877,71.91094970703125,26524928
2000-07-18,71.95208721584311,71.97078335387502,68.91396478565615,69.6856460571289,38106752
2000-07-19,66.37688390964321,69.92353953407607,66.20488039373996,68.47552490234375,30771840
2000-07-20,68.15677303239055,68.93687123859308,67.35283907534959,68.68260192871094,22578560
2000-07-21,68.93685926181554,70.20398800514185,68.25024186758198,68.70175170898438,28321024
2000-07-24,67.88567358761306,67.88567358761306,63.24903160200908,64.05109405517578,33885440
2000-07-25,60.76244722910713,67.72675848844325,59.37893304604438,66.54376220703125,49228288
2000-07-26,67.94174106574657,68.23153110056195,61.707982581345256,62.22166061401368,34172416
2000-07-27,61.697259392787984,64.02492872442498,59.40698233957086,63.44721984863282,39879680
2000-07-28,63.80057719297513,66.04411397338744,62.82837792146313,63.99034118652343,44182464
2000-07-31,64.03424201467426,64.58577782180795,62.173977173664014,63.204601287841804,21621248
2000-08-01,63.94077413145139,64.48296198227364,62.74983138581825,63.0821533203125,23805504
2000-08-02,61.921615925700436,62.23945030696158,60.62223419054459,61.95059585571289,26991616
2000-08-03,61.51028680949924,61.51028680949924,58.89282779632906,60.3006477355957,26974272
2000-08-04,59.93045353511673,61.96833200503647,58.47776493321784,59.12839126586914,45206336
2000-08-07,59.53781463041974,60.66893027970232,59.07975953277638,60.1903076171875,24836928
2000-08-08,60.668954579157436,69.82117771187221,60.668954579157436,69.72956848144531,75971520
2000-08-09,71.8866333090729,73.2888433216036,70.34420229528916,70.78028869628906,45188416
2000-08-10,70.20398017471155,71.73706309730179,67.5051915211624,67.96558380126953,34988928
2000-08-11,67.65196136923397,70.06376267271088,66.6984585283245,67.6384048461914,51963008
2000-08-14,68.19418657301678,68.68028632651875,67.03502562235823,68.05863952636719,30925184
2000-08-15,68.05863952636719,68.05863952636719,68.05863952636719,68.05863952636719,0
2000-08-16,69.40938621748764,72.8120820536042,69.27851330071391,72.31008911132812,42290944
2000-08-17,72.61577785061462,73.13926955499598,70.39093810699383,70.68867492675781,23591296
2000-08-18,70.59849344176696,74.92431267262567,70.59849344176696,74.51252746582031,75263168
2000-08-21,74.77519650218953,75.56978228824856,72.92427902407559,74.46577453613281,43158912
2000-08-22,74.64432743865473,80.42143380773283,74.64432743865473,77.5501708984375,42816704
2000-08-23,76.12131387175769,76.74576295676191,74.7938882829342,75.21315002441406,25796928
2000-08-24,74.78453107503881,77.35524933074326,74.419956486048,76.75743865966797,36830464
2000-08-25,77.3552534459978,77.77498530057439,75.71934174170178,76.2414321899414,35749120
2000-08-28,76.09327693820183,76.65416104339742,72.68123196492866,72.89530181884766,25876480
2000-08-29,72.44800436403168,73.94322990968156,71.70904129420573,73.30242156982422,31858112
2000-08-30,72.92426263354325,74.50408578250733,72.91491456757305,73.40288543701172,24905024
2000-08-31,73.14861964139932,79.17812247446035,73.01353825601173,77.8394775390625,93071232
2000-09-01,77.8394775390625,77.8394775390625,77.8394775390625,77.8394775390625,0
2000-09-04,78.52376562580464,81.32818582672624,78.52376562580464,80.48125457763672,43716224
2000-09-05,80.58034289954526,80.85143686057621,79.2248730943905,79.7586441040039,25474368
2000-09-06,78.63593592602957,79.16877572010753,77.30897605164999,78.15451049804688,26717312
2000-09-07,77.4487324261666,78.97246729465968,76.85138731386206,78.13207244873047,32404992
2000-09-08,78.43029945961769,80.75796865692934,78.43029945961769,80.23167419433594,51575296
2000-09-11,80.39338062473229,82.49669581549563,79.36509319813688,81.15758514404297,53541568
2000-09-12,81.3281887350482,83.32867521657697,80.11387109303595,82.65000915527344,56493952
2000-09-13,82.3377744842014,83.65585193677548,81.0944815679436,81.47868347167969,56983296
2000-09-14,81.56190134264631,82.59018892404357,78.15920425511355,80.31439971923828,83144704
2000-09-15,79.56140749398512,80.61773918788951,78.99117534063849,79.4380111694336,54026048
2000-09-18,79.00984917764586,79.00984917764586,74.4573413038274,74.84668731689453,53970496
2000-09-19,73.89648713053752,74.2704098990665,69.26919286999153,71.43560791015625,52265984
2000-09-20,73.38234404877,74.55085271196697,70.81162498973666,72.88128662109375,22970176
2000-09-21,72.41946683605796,72.55033975921593,70.57789784590649,70.85600280761719,21081664
2000-09-22,70.35357490065448,70.35357490065448,65.20278832474953,65.8216323852539,51416128
2000-09-25,68.51197920325654,71.08737151741907,68.24088527544997,70.49517059326172,36492672
2000-09-26,71.51272469945418,71.51272469945418,67.23224500583123,67.7529296875,33702976
2000-09-27,67.30609027164475,70.29747206149563,65.67952642341334,69.7473373413086,42644736
2000-09-28,69.55897193136494,70.99857436080052,67.78844881741087,68.95882415771484,33791104
2000-09-29,69.29721610972423,70.20397854903939,68.483934334256,68.8134536743164,29249344
2000-10-02,68.8134536743164,68.8134536743164,68.8134536743164,68.8134536743164,0
2000-10-03,68.4745760372496,71.13877455883542,66.83866466434603,69.83565521240234,41659520
2000-10-04,68.24089304951757,71.90533552560126,68.24089304951757,71.52861022949219,44959680
2000-10-05,70.90508515334412,72.2138144772028,69.96093042684606,70.26988220214844,41379840
2000-10-06,69.92354397026456,70.80973893168688,67.6912273067409,70.42974090576172,66243904
2000-10-09,70.1105167650522,70.21428124276183,68.71765449865316,69.11915588378906,32816768
2000-10-10,69.6337494677087,70.4750754781925,67.6332631761139,68.62275695800781,61546048
2000-10-11,66.37128932736715,66.82934470441518,63.426647617772694,63.70195007324219,64735168
2000-10-12,63.47336787847725,64.03331611667308,61.285920443489964,63.5116958618164,69716096
2000-10-13,62.81902197050151,62.81902197050151,60.57595104919763,60.92089843750001,63712512
2000-10-16,61.3139785390488,65.79450574416843,60.482000479897195,60.9620246887207,62009536
2000-10-17,60.54742958324666,61.48223627744531,58.75260073038525,60.42824172973633,63538624
2000-10-18,59.45325523286656,59.7140654537135,57.210649753848074,58.23893737792969,53980160
2000-10-19,58.01411464686823,62.89380653305341,57.210180734584846,62.32684707641601,66756928
2000-10-20,63.566865403510505,67.21074065628771,63.566865403510505,66.59423828125,79272448
2000-10-23,66.50962425850523,66.74519736913177,63.61639756582368,64.2240219116211,51312896
2000-10-24,63.8659894451542,66.26516976631723,62.81900601162708,65.62576293945312,47601344
2000-10-25,67.78828911540337,68.17169646175894,66.86250064493504,67.17109680175781,45920448
2000-10-26,66.76900166618627,67.32914966049918,66.00218680111242,66.78770446777344,9681344
2000-10-27,67.04017211893253,67.78828395733602,66.70352179165097,67.33895111083984,20547520
2000-10-30,67.69476713648173,67.76957831718236,66.07697535383063,66.5029296875,20664064
2000-10-31,66.40522099060743,67.08693707103956,65.23536005123668,66.70306396484375,28122240
2000-11-01,68.73184361478998,68.90110484256876,67.89021774130583,68.29232788085938,28271168
2000-11-02,68.45225783279297,69.64923720473251,68.45225783279297,69.26956939697266,33982400
2000-11-03,69.48088908226991,71.15478937106214,69.01331916919945,70.79008483886719,42469760
2000-11-06,70.78073555573353,71.58495583024708,70.22900304182306,71.06782531738281,36256064
2000-11-07,70.61238162419755,72.35781853777404,70.18735890716661,72.10813903808594,35621504
2000-11-08,72.00575169321802,74.94209013888951,71.78131818144695,74.35762786865234,51512384
2000-11-09,74.07244905444807,75.14692414127026,73.65163599960019,74.09676361083984,34871168
2000-11-10,73.97003864267039,74.24076349508654,72.14604992626184,72.36206817626953,31773312
2000-11-13,72.28630329832136,72.28630329832136,68.40593904579133,68.83470153808594,42099072
2000-11-14,68.51770912930355,71.89356459479811,68.50835772912212,71.52745819091797,33883136
2000-11-15,72.800614159022,73.4084548681211,70.8274697033311,71.14214324951172,32892992
2000-11-16,71.0799800973389,71.95901155756123,70.33186821629863,70.57500457763672,23760768
2000-11-17,70.23835658483036,71.71587759939608,69.03202613622922,71.41149139404297,32750912
2000-11-20,71.81874287972347,72.18344743340957,71.1080365699762,71.59524536132812,21192640
2000-11-21,71.35117012677823,71.7242900114664,70.60399430433499,71.37828826904297,26636928
2000-11-22,72.48270213258027,72.72583853503764,69.34063170082347,69.68429565429688,49501056
2000-11-23,69.25646247552208,69.99522301232552,68.42418794671822,69.54682159423828,23804032
2000-11-24,69.75209224000527,70.20095943768864,69.3032250423219,69.74554443359375,24187200
2000-11-27,70.11678882375405,70.97618146786719,69.90451024266783,70.81674194335938,32601024
2000-11-28,70.69656763690074,70.69656763690074,69.3873719399211,69.72355651855469,27703936
2000-11-29,68.90716090170382,69.47151854452115,68.08751198312807,69.03106689453125,32305216
2000-11-30,69.10685639974584,69.1882154184347,66.9560340760731,67.18186950683594,45687872
2000-12-01,66.86251068824994,68.59111790926603,65.93672207872032,68.15580749511719,54182464
2000-12-04,68.35873677840026,68.442899381821,66.95602672138794,67.16503143310547,29766208
2000-12-05,67.18981913833709,67.68544341312231,66.22007698556644,67.15708923339844,43453632
2000-12-06,71.07060597516507,71.07060597516507,68.08751080331275,68.3082046508789,41569856
2000-12-07,67.89114650119438,68.5831499228319,67.61107031693814,68.14129638671875,23706944
2000-12-08,67.90331520392111,69.3752291346653,67.90331520392111,69.12320709228516,39107712
2000-12-11,69.15360580746152,70.09809724580548,68.84500959493329,69.85262298583984,39128768
2000-12-12,69.9484651519106,70.8836050603586,69.3406242114194,69.70065307617188,34921984
2000-12-13,70.12519973053037,75.20300900249796,69.85400918009378,71.28290557861328,52094400
2000-12-14,71.3044124850646,71.39979857476831,70.13595343370042,70.41976928710938,27747008
2000-12-15,70.46278445616983,70.46278445616983,67.07477476191532,67.35250854492188,50494144
2000-12-18,66.45429153543873,66.75026229518409,64.87998316110776,66.33973693847656,42354176
2000-12-19,66.30140575187204,66.30140575187204,64.16461150443864,64.425048828125,46559552
2000-12-20,63.54275959402566,63.54275959402566,61.3919377093125,62.10404586791993,60485184
2000-12-21,61.73792091629737,61.73792091629737,58.30595833279523,58.692169189453125,57950976
2000-12-22,58.86519179432443,58.86519179432443,54.05155857066502,54.35080337524414,88193152
2000-12-25,54.35080337524414,54.35080337524414,54.35080337524414,54.35080337524414,0
2000-12-26,54.00433871666848,54.939478781026374,51.24567552681268,51.620197296142585,87180288
2000-12-27,51.769351934032365,53.91082259748854,50.703292302442826,51.32282257080078,93331008
2000-12-28,51.71322502217,53.1159345616502,51.35319624037008,51.87593841552735,68453056
2000-12-29,51.61972692960959,53.77054888500999,50.799141596625304,53.247806549072266,89329728
2001-01-01,53.34973216551042,54.23717903186838,51.99377928838526,52.30798721313477,59981248
2001-01-02,52.377187406204726,53.583517914221225,51.43269607822282,53.123897552490234,68767872
2001-01-03,52.367829415260935,52.83539932075434,51.28026364152823,52.50155258178711,64125952
2001-01-04,52.6483594816941,57.88514124186261,52.6483594816941,57.0561408996582,71192960
2001-01-05,57.03418407336476,59.83960385070686,56.650776703794676,59.67501831054687,67941888
2001-01-08,59.02603287928272,59.33462905878467,55.46314971594198,55.96485137939453,76229504
2001-01-09,55.50989411210017,56.80973833069551,54.57662649238801,55.43414688110352,64873024
2001-01-10,56.10932508903567,56.376775989996396,52.66847630495827,52.985958099365234,91550336
2001-01-11,53.06919583434282,53.67703684389917,51.647783011995664,51.88484191894531,68442560
2001-01-12,51.99378433421599,54.705690351648116,51.921310983750125,54.244197845458984,92083584
2001-01-15,54.471903168292776,58.1156751425423,54.42514616986506,57.69205856323242,102845952
2001-01-16,57.884200192211516,58.34335460941225,56.44595743796546,57.02667999267578,41221824
2001-01-17,59.381351034583126,59.465513579356546,58.074027998880034,58.8936767578125,51214528
2001-01-18,59.14759705459113,60.64382085360055,59.14759705459113,60.13229751586913,43274496
2001-01-19,60.29782221157882,63.53948384017445,60.29782221157882,63.12147903442383,56089536
2001-01-22,63.54275882643018,64.75844074658264,63.14064865284129,63.93177795410156,46704576
2001-01-23,63.41230518805379,63.682093974447696,62.46828415660743,63.17852020263671,32817280
2001-01-24,63.49600154579727,64.0570855064376,62.85169104421788,63.85790252685547,40703168
2001-01-25,63.5993213282055,63.96262404108506,62.190068438314725,63.4688720703125,30341568
2001-01-26,63.4688720703125,63.4688720703125,63.4688720703125,63.4688720703125,0
2001-01-29,63.1312825372974,63.1312825372974,60.45678293639872,62.05447006225586,32839808
2001-01-30,62.37380624332065,64.8958793656906,62.37380624332065,64.41802215576172,32835392
2001-01-31,64.0790613784422,64.49660044052328,63.23416154542822,63.5217170715332,32945152
2001-02-01,63.22480699509694,63.41183497023405,62.00211160763815,63.1350326538086,32992448
2001-02-02,62.897488907468336,64.61814575536815,62.89327895286319,64.18470764160156,36933888
2001-02-05,63.91680898423735,63.91680898423735,62.10263766851796,62.325199127197266,27276480
2001-02-06,62.207855057004096,62.934926458512166,62.10265179955116,62.41638946533203,21435776
2001-02-07,62.84139193354544,62.84139193354544,60.41049429859983,60.75088882446289,35805888
2001-02-08,60.36327517169876,61.3358205811266,59.39119550573435,61.11840057373047,34458240
2001-02-09,60.877610294880384,61.17685507666781,59.849422101012436,60.08507919311524,27061504
2001-02-12,59.8676399665793,59.8676399665793,58.77352658387237,59.559043884277344,27284224
2001-02-13,59.75545335606878,60.87762149421091,59.214944195975846,59.60302734375001,29327680
2001-02-14,59.24579934709583,59.84896469440665,58.937668866481516,59.55299377441407,21451776
2001-02-15,59.39352958575555,60.96830859011887,59.381374595354096,60.74293899536133,29909440
2001-02-16,60.99916738262454,61.17684393946493,58.35272182547557,58.86283874511719,40206656
2001-02-19,58.352722277025016,59.306564852707155,57.66633059166835,58.87873840332031,30336704
2001-02-20,58.96054824265945,59.24109010582833,58.31530195737103,58.55516433715821,23045696
2001-02-21,57.97867705713469,57.97867705713469,54.799201218517624,55.260223388671875,65310336
2001-02-22,55.07974482244656,55.07974482244656,51.947025889421155,54.17920684814453,54486912
2001-02-23,54.05109501471331,54.59347624496476,52.27900461587453,52.57918548583985,46992000
2001-02-26,52.74189052177741,54.22876296733815,52.46134855091689,53.52507019042969,40402176
2001-02-27,53.461931875590984,54.22874636112509,51.772132762121885,52.69277954101562,50862080
2001-02-28,52.6034894786787,59.38138138940548,51.947019467424795,58.36815643310547,77895168
2001-03-01,58.44625702360242,58.44625702360242,51.80676222572119,52.95511245727539,63365312
2001-03-02,53.7705437332791,55.126496575248744,45.868611654214604,46.3857421875,74829568
2001-03-05,45.832614364283046,46.71024418986179,43.10995509815072,44.832950592041016,81282816
2001-03-06,44.832950592041016,44.832950592041016,44.832950592041016,44.832950592041016,0
2001-03-07,46.838351662017025,48.81430034573559,45.4197426780149,48.556671142578125,68337792
2001-03-08,49.048093292129295,49.65593429574958,46.89727127931905,47.98390579223633,36073088
2001-03-09,47.13105043521067,47.13105043521067,44.14515059420284,45.914432525634766,31186368
2001-03-12,45.3542824491074,45.690932793059545,40.96099728697702,41.61980056762695,28695744
2001-03-13,40.687939609939896,43.942226666768,35.209421247743876,39.20246887207031,43740032
2001-03-14,40.30452192538337,44.87735515543266,39.557346202448414,44.1530876159668,27935360
2001-03-15,43.20346076256239,46.00888029259892,42.36183490355144,45.559547424316406,26508288
2001-03-16,45.77510283196776,46.71024282853502,43.12865664168238,43.94877624511719,26217472
2001-03-19,43.31567733086865,44.419142340592856,40.595822196643745,41.66655731201172,26609344
2001-03-20,41.5679036782152,42.78264946791781,39.56623402737648,40.82960891723633,21592512
2001-03-21,40.023968584772945,42.717170209168884,37.60195740172244,41.890037536621094,32702976
2001-03-22,41.66047808520652,41.847506045185,39.631224719440006,40.2895622253418,22650624
2001-03-23,40.30451949830255,41.520201060896355,37.40558654134807,39.394630432128906,34882176
2001-03-26,38.85504699940855,40.64116348000711,38.57684299261374,40.3802604675293,20275776
2001-03-27,40.061388391647895,44.475248177095565,39.74671476720019,43.55881118774414,40293184
2001-03-28,45.35429264265369,46.05564768351947,43.689743345665576,44.03480911254883,29183360
2001-03-29,43.556009381525016,43.556009381525016,40.91423938038495,41.247615814208984,31557248
2001-03-30,40.91235669629086,40.91235669629086,37.97601840997421,38.18876266479492,30498944
2001-04-02,37.985376069437834,38.98597558677655,35.1336679016337,38.46089553833008,40333248
2001-04-03,37.929271166683606,39.07014174911344,37.08764532718619,38.102272033691406,28847232
2001-04-04,36.93802468850614,36.93802468850614,35.81585684986798,36.6051139831543,20771456
2001-04-05,36.6051139831543,36.6051139831543,36.6051139831543,36.6051139831543,0
2001-04-06,36.938013629771525,39.53349172305945,36.938013629771525,37.67770767211914,32048448
2001-04-09,36.93801839528355,37.54585920431986,36.02438735892785,37.127384185791016,15911040
2001-04-10,37.40559524985598,37.863813791666715,34.15738595912407,35.79762268066406,35273920
2001-04-11,37.545867791712396,38.325307828332036,30.07036018371582,30.07036018371582,41200640
2001-04-12,27.664714524178223,28.400203549314764,25.259066726001986,26.75809669494629,80036608
2001-04-13,26.75809669494629,26.75809669494629,26.75809669494629,26.75809669494629,0
2001-04-16,26.417692322896873,28.895812133717286,25.959473942782907,28.630699157714847,43891264
2001-04-17,28.720482951113464,29.56912237408898,27.408949297424034,28.57460021972656,40648000
2001-04-18,28.867773486588845,33.146507263183594,28.605934271290987,33.146507263183594,43391808
2001-04-19,35.44179695921301,38.45014339826441,34.0390873170278,35.762550354003906,49591872
2001-04-20,36.23666816993505,37.349484560185964,34.703038859001026,35.70878219604492,31406144
2001-04-23,35.67559503880213,35.79248755203543,34.32899328635455,34.776458740234375,21476224
2001-04-24,34.18450133720826,36.64812653391688,33.39617807712444,35.94817352294922,27698688
2001-04-25,36.479813726238156,37.25597997573258,35.30247102132759,35.96268081665039,26131968
2001-04-26,35.94677667340356,37.2185668991015,33.95726659607094,34.3621826171875,25135680
2001-04-27,34.02437260139508,34.02437260139508,29.985676762452286,30.439678192138672,36926080
2001-04-30,30.7353139277191,35.22098260956403,30.566644522018205,34.75526809692383,35136960
2001-05-01,34.75526809692383,34.75526809692383,34.75526809692383,34.75526809692383,0
2001-05-02,36.32953198779015,38.511460043287386,35.98282250015841,36.96907043457031,42003456
2001-05-03,36.554413133830316,36.825220355004575,35.38403334529769,35.63188552856445,31680704
2001-05-04,35.444008603079226,36.142112672062545,34.40388039291616,35.81133270263672,31076864
2001-05-07,36.07652938185053,37.71543365867834,36.07652938185053,37.421669006347656,30507648
2001-05-08,37.2478393955048,37.82881198481834,36.648125754923086,37.188804626464844,23583936
2001-05-09,37.50318337448057,38.391040610968055,35.88911045643341,36.19880676269531,37691648
2001-05-10,36.006235629599935,36.96577629641505,35.139462227976516,36.16459655761719,33075968
2001-05-11,35.7016995078102,36.676234087550945,35.42995428845941,36.43587875366211,24473280
2001-05-14,36.31171274198678,37.292339358382215,35.66514664719983,36.3454475402832,22221056
2001-05-15,36.320147325807774,36.826155570284975,33.79572933233945,36.56846618652344,29911936
2001-05-16,36.91050120774702,37.36965697296144,35.37373497315181,35.82258224487305,26481280
2001-05-17,35.60798760125315,36.91986082866774,35.60798760125315,36.54457092285156,28624640
2001-05-18,36.91049958071999,37.54769530843996,36.66030700988101,36.9999885559082,34144768
2001-05-21,37.200978098286406,37.472723278349456,36.87300977752066,37.044490814208984,19321984
2001-05-22,37.00420918933194,37.67888709807641,37.00420918933194,37.23284912109375,23764224
2001-05-23,37.191611120587226,39.77787583947916,37.07072998391666,39.56610107421875,55238144
2001-05-24,39.35715103159084,39.96529731360536,38.89705724473056,38.987953186035156,37843072
2001-05-25,39.07696221647214,39.58109459299213,38.75648845563813,39.12474822998047,26164032
2001-05-28,39.21424669606731,40.553760644199755,38.88768294946152,40.143333435058594,30142272
2001-05-29,40.28387726981866,40.48065824741024,39.5632849860139,39.79145812988281,18814912
2001-05-30,39.16879409958998,39.69916672425849,36.60829816951511,36.81210708618164,40161728
2001-05-31,35.13947885251513,35.98282634497549,34.67095246781493,35.34844207763672,33537984
2001-06-01,35.46743088676794,35.889104437601375,35.00358998085116,35.19755935668945,28304768
2001-06-04,35.42057923767879,35.51381549003182,33.734353971991005,33.90114974975586,29582400
2001-06-05,33.73388921917937,36.020297266257074,33.5474144033601,35.53630828857422,48417472
2001-06-06,37.43525236173838,37.43525236173838,35.42152489835487,35.66141128540039,27025280
2001-06-07,35.42058841252313,36.53568101069516,34.68031685575347,36.23816680908203,36873792
2001-06-08,36.535679839145025,37.144764011893024,36.090579866752265,36.94517135620117,36826752
2001-06-11,36.71370998726178,36.73245103370755,35.47961253635296,35.68201446533203,27544128
2001-06-12,35.52365474756962,36.03903354237741,35.13946328234927,35.936893463134766,26409152
2001-06-13,36.07652962272596,36.50757387276372,35.538662277986774,35.95330810546875,30776768
2001-06-14,35.71716980564106,35.879749370923726,35.01110193954641,35.61456298828125,28833856
2001-06-15,35.42995873493845,35.42995873493845,31.58804308264415,31.90336036682129,66734656
2001-06-18,31.67237585947616,32.18775475659781,29.4079870233961,31.23617744445801,50334208
2001-06-19,31.859777816800996,32.68438383088291,31.119506508704738,32.458553314208984,44176448
2001-06-20,32.32830559650715,32.32830559650715,30.97098437253174,31.520566940307617,41332864
2001-06-21,31.62551564907809,32.37515750150068,31.39265723357917,31.918344497680664,32749120
2001-06-22,32.00970888953396,32.30956564728135,31.49433008715563,32.16244888305664,28011200
2001-06-25,31.962852804339512,31.962852804339512,30.566644927515533,31.23382568359375,53216832
2001-06-26,31.016436046241957,34.729975357299395,30.79154345859549,33.637840270996094,57623680
2001-06-27,34.00563111450194,34.00563111450194,32.33767786611909,33.187583923339844,38507200
2001-06-28,33.096695744014625,34.249270369301655,32.656281049799254,33.86367416381836,37874304
2001-06-29,34.10871292691965,35.60799701161942,34.10871292691965,35.1268196105957,40621184
2001-07-02,35.701700867505565,35.701700867505565,33.26536432536608,34.988136291503906,10349184
2001-07-03,33.73387117966437,33.77135325875289,29.985663270812772,30.861806869506836,36732608
2001-07-04,30.21057000148252,33.359066130669284,30.21057000148252,32.498382568359375,37540288
2001-07-05,32.93739224325885,33.3496953040564,31.70985358497523,32.659088134765625,28821504
2001-07-06,32.19712507085157,34.83680160179849,31.739373992865072,34.10121536254883,55840448
2001-07-09,33.44339114290574,33.44339114290574,32.09403605056099,32.82025146484375,34657536
2001-07-10,33.689846349477314,33.893186268494624,32.10341613377456,32.826351165771484,46978176
2001-07-11,32.422014670627156,36.029666592069766,32.3095683769718,35.10573196411133,69567552
2001-07-12,35.74854544704757,36.985454490038464,35.23316667913469,36.54457092285156,60139648
2001-07-13,37.32280107506582,37.38558313502076,33.94004155005985,34.6114387512207,59455168
2001-07-16,34.774017449778334,35.31422728811829,33.88381759590365,34.0234375,39718336
2001-07-17,33.26536759468081,35.37373596335776,33.26536759468081,34.45682907104492,50187776
2001-07-18,34.558488226917184,35.07058638492929,34.071221039335924,34.530845642089844,41571712
2001-07-19,34.108716435120144,34.95206381950498,33.83228590357178,34.64377212524414,35498048
2001-07-20,34.95205164274631,35.607988268749594,33.85851203951163,35.2476921081543,55835008
2001-07-23,34.65220371847705,34.66157424409048,33.49962906802473,33.941917419433594,2029568
2001-07-24,33.780737326070735,34.92394119674497,33.74653354255052,34.647979736328125,32382272
2001-07-25,34.38045784240822,34.75527886004145,33.88381999404419,34.539756774902344,35721088
2001-07-26,34.42730605442792,35.09261327540354,33.31314934976437,34.2174072265625,52569920
2001-07-27,34.13072297615811,34.50226558465194,33.73388270090901,33.90911102294922,35253888
2001-07-30,34.129330606758764,34.521019065646016,33.96862699498283,34.25911331176758,20011712
2001-07-31,34.22255842741168,35.60799132059397,34.06232383910436,35.16617202758789,30586304
2001-08-01,35.37372710687858,36.06714586341077,33.5933275968635,34.175235748291016,42687616
2001-08-02,34.577237975854274,35.935964129377005,34.34297484593656,35.18491744995117,38093376
2001-08-03,35.42058221912282,36.53567462231743,35.33859013065263,36.21051788330078,31857024
2001-08-06,36.2170863313419,36.34827370744509,35.20506942997453,35.54006576538086,20862464
2001-08-07,35.15822796494167,35.41544855154277,34.91459418906521,35.194305419921875,16592640
2001-08-08,34.90521621367686,34.90521621367686,34.24974824863245,34.532737731933594,19657088
2001-08-09,33.83836996030301,34.65875987000073,33.83836996030301,34.509769439697266,16467584
2001-08-10,34.43668160662555,34.642364186159384,34.06420321373756,34.20710372924805,11152384
2001-08-13,34.43668572359585,34.43668572359585,33.66408625245798,33.91521453857422,18800576
2001-08-14,34.01500148636546,35.739177870247346,33.92129624811101,35.498355865478516,37428032
2001-08-15,35.498355865478516,35.498355865478516,35.498355865478516,35.498355865478516,0
2001-08-16,35.04577234583753,35.486187132001795,34.8115091617076,35.20038604736328,19617856
2001-08-17,35.16757984744386,35.41964605143061,34.01500528809518,34.396385192871094,18481984
2001-08-20,31.859783910124126,34.848981282868124,31.859783910124126,34.35655975341797,28190848
2001-08-21,34.57724833545823,35.214444239743095,34.502284111424714,35.055145263671875,20295552
2001-08-22,35.055145263671875,35.055145263671875,35.055145263671875,35.055145263671875,0
2001-08-23,35.02702028485116,35.561140176835245,34.68312249615391,35.28424072265625,17717248
2001-08-24,35.14976755564792,35.879732672121804,34.774010954882215,35.66608428955078,16439680
2001-08-27,33.73623509960599,36.9011301499197,33.73623509960599,36.70669174194336,29598848
2001-08-28,36.07651976175544,37.05105432155351,36.07651976175544,36.86083221435547,25300608
2001-08-29,36.379203442862,36.50757922643632,34.95300716754112,35.198516845703125,36475264
2001-08-30,35.51427167557929,35.933133472361106,33.83694855422607,34.74214172363281,40934464
2001-08-31,34.57724588347082,34.57724588347082,33.012367817741925,33.15901565551758,43462592
2001-09-03,33.3590714042136,33.47807662274523,31.58804205157417,32.0809326171875,51990272
2001-09-04,31.850417025787777,33.40592430036288,31.62552440777692,32.11981964111328,63444928
2001-09-05,31.76607077581879,32.79682823462117,30.99768794289338,31.523841857910156,55561984
2001-09-06,31.391262704548083,31.77545427794703,30.547915348306493,30.822938919067386,33253632
2001-09-07,30.7353278484632,31.578675258939324,30.219948875394458,31.07641410827637,43670400
2001-09-10,31.23195768545264,32.703130009669884,30.639741003567654,32.5443000793457,50323840
2001-09-11,32.74997858495851,33.12479951296948,31.9534841129352,32.832908630371094,46679744
2001-09-12,30.50199351784005,30.89461987462681,29.549949582843688,29.898063659667972,38298368
2001-09-13,29.75142162556244,30.407358480299248,29.095484770825628,29.692855834960938,55163136
2001-09-14,29.423447516377237,29.423447516377237,26.723798439035892,27.241519927978516,55850304
2001-09-17,26.977737037356796,26.977737037356796,24.517505645751953,24.517505645751953,17588032
2001-09-18,23.894839024902325,26.181247151206705,23.576241171236962,24.91716194152832,100096704
2001-09-19,24.72881426637008,25.487826754273062,23.632462894954656,24.17361068725586,40674944
2001-09-20,23.416940355460998,23.517204508481463,21.756483897844994,23.139102935791016,53192960
2001-09-21,21.7414882368279,22.02073029556786,20.825519561767578,20.825519561767578,28133504
2001-09-24,20.380889155223603,22.75163166385421,19.820062393724136,22.493942260742188,47482816
2001-09-25,23.426315886485057,23.86673062515098,22.49863377738025,23.326051712036133,55670016
2001-09-26,23.060862121435626,24.222807226294634,22.686041119868204,23.91029930114746,52010176
2001-09-27,23.707426713448804,23.707426713448804,21.936397603234642,22.240001678466797,40467392
2001-09-28,22.91093785358128,22.93904943376972,21.599064111453927,22.18050575256348,39388544
2001-10-01,22.479894415352835,22.723528118895633,21.43133106477707,21.80334281921387,30558464
2001-10-02,21.80334281921387,21.80334281921387,21.80334281921387,21.80334281921387,0
2001-10-03,22.489261958270575,22.489261958270575,20.217378431739654,20.496618270874023,44075392
2001-10-04,21.19940809258107,22.479891841251305,21.19940809258107,22.201587677001953,59927808
2001-10-05,22.208140667236215,23.463790814666446,21.936395486075938,23.195323944091797,55935552
2001-10-08,22.255008399562517,22.95779813849607,21.31795541431778,22.400720596313477,46894592
2001-10-09,22.507995814557862,23.1798618432342,22.348696926611368,22.737573623657223,38199360
2001-10-10,23.801136444113315,24.12207696506248,22.817231197407843,23.500810623168945,67315392
2001-10-11,24.363367783304895,25.85093879699707,24.08225200118984,25.85093879699707,42996032
2001-10-12,27.174523435746302,28.240420691200146,26.424881409932613,27.649608612060547,77625792
2001-10-15,28.870582443062876,28.870582443062876,26.831086663179114,27.26213073730469,38956224
2001-10-16,27.174519385123084,28.055348634158108,26.705993188827858,27.839826583862305,42279872
2001-10-17,28.111573885634414,29.028011651851244,27.83045814677807,28.158895492553714,43997824
2001-10-18,27.439795323187397,27.440733344423634,26.74464131636923,26.870519638061527,31931328
2001-10-19,27.010960403172103,28.134950711680705,26.913734153243812,27.765296936035156,43506496
2001-10-22,29.06494282643471,29.121306645749062,28.050394078776353,28.25988006591797,42448960
2001-10-23,28.578344113957428,28.839497021243794,28.18238907060619,28.396572113037113,31108096
2001-10-24,28.18189673033305,28.601806532925288,27.872833886787888,28.393260955810547,53390784
2001-10-25,28.651606438848578,28.651606438848578,28.27584766588007,28.36556053161621,31819072
2001-10-26,28.36556053161621,28.36556053161621,28.36556053161621,28.36556053161621,0
2001-10-29,28.463718714310595,28.698567878620086,28.229807570589017,28.339248657226562,22941888
2001-10-30,27.840914970098787,28.26646236974917,27.580702398665192,27.881309509277347,51813248
2001-10-31,27.524339636347776,27.806158813511747,26.63332042050089,27.39611053466797,73453568
2001-11-01,27.386709257302773,28.087970498836878,27.29136137850768,27.771862030029297,45274112
2001-11-02,27.9940386103547,28.17956957094346,26.782216133597732,27.320959091186523,61585280
2001-11-05,26.4097406440609,27.233123629700906,26.409272780241643,26.70940971374512,30546496
2001-11-06,27.157974458971495,28.069189790178772,27.157974458971495,27.710340499877926,26058368
2001-11-07,28.110520925397203,28.172522058043402,26.321909572069895,26.555818557739258,33943424
2001-11-08,26.885535210874973,27.399384778752186,26.540777059418357,26.933443069458008,29282368
2001-11-09,27.467964127980924,27.843722871181757,27.104885866293504,27.54922103881836,25132288
2001-11-12,27.702817686068926,28.125546338450448,27.308270943846175,27.854999542236328,15525248
2001-11-13,27.99403434598924,27.99403434598924,27.111001047827163,27.254259109497074,24560576
2001-11-14,27.71221076648382,27.90009016151083,27.49614946220276,27.756832122802734,8900288
2001-11-15,27.853591290090037,30.532751083374027,27.853121132898696,30.532751083374027,64260928
2001-11-16,30.532751083374027,30.532751083374027,30.532751083374027,30.532751083374027,0
2001-11-19,31.141010874126604,33.58626174926758,30.887373681486658,33.58626174926758,39461696
2001-11-20,34.100105679863184,34.72950156982209,32.64404056130153,33.793861389160156,68126912
2001-11-21,33.36316042919758,33.58344860541581,30.417680163450736,32.968143463134766,48465536
2001-11-22,32.991622396996306,34.14708069848564,32.324650531908965,32.718727111816406,44250048
2001-11-23,32.76616099636582,33.80889146385338,32.694765920851836,33.381465911865234,38425600
2001-11-26,34.28798134996033,36.71961075293921,34.194041675028934,36.68250274658203,41223616
2001-11-27,39.35698389290771,39.35698389290771,35.22739310631774,35.46928787231445,68089856
2001-11-28,35.13345324807271,36.32319881568424,34.992543676222155,35.842227935791016,51204032
2001-11-29,35.15411024686857,37.15314730385434,35.13344397380916,36.569313049316406,75322816
2001-11-30,36.569313049316406,36.569313049316406,36.569313049316406,36.569313049316406,0
2001-12-03,35.061591329536576,36.884021965700846,35.061591329536576,35.68112564086914,37064640
2001-12-04,35.92254467565736,38.04558209634214,35.69427072438933,37.44248962402344,41452224
2001-12-05,38.966190513017594,40.149830822718705,38.62142995313046,39.92343521118164,56921024
2001-12-06,41.314678143979705,43.91586739896639,41.145586691821535,42.41377258300781,74881856
2001-12-07,42.272868889913724,43.29587139966967,41.82524709560383,42.58427810668945,40283968
2001-12-10,42.751962546928276,43.19347918935975,41.15498745728252,41.394065856933594,35611904
2001-12-11,40.206192022913925,41.74680311911904,39.413809727699274,39.73884201049805,44337728
2001-12-12,39.9055839814349,41.75619604460408,39.9055839814349,41.44666290283203,46744128
2001-12-13,41.88771230514376,41.88771230514376,38.515277069093834,40.31328201293945,52044160
2001-12-14,38.759522061258785,39.642555283207,38.57164265233364,39.12494659423828,27590720
2001-12-17,39.12494659423828,39.12494659423828,39.12494659423828,39.12494659423828,0
2001-12-18,39.91498828558573,40.37435261347866,38.72383443321667,39.680606842041016,38919232
2001-12-19,39.42132248623742,39.5392149607574,36.84596454530874,37.48992156982422,39056960
2001-12-20,37.20951935764509,38.98497988745951,36.791957802841694,38.641632080078125,49476032
2001-12-21,38.036189856308425,38.04558382762389,36.75203443617468,37.52891540527344,37109760
2001-12-24,37.34102395936644,38.505876027532835,36.55240077997106,38.1024055480957,29208768
2001-12-25,38.1024055480957,38.1024055480957,38.1024055480957,38.1024055480957,0
2001-12-26,38.27102932039993,38.93800111267985,36.78678223335447,37.14375305175781,32219776
2001-12-27,36.542543840494076,37.434030689300016,36.37533071333092,36.720088958740234,38225728
2001-12-28,36.685803851904446,38.17709669141276,35.625223190288146,37.87554931640625,54474176
2001-12-31,37.951644602136014,39.17286088883841,37.90467474495515,38.36357116699219,37016000
2002-01-01,38.487098323151834,40.19680100677733,37.54159378715384,38.016929626464844,59381504
2002-01-02,37.869905293247434,39.019728402194715,37.449995364195196,37.93894958496094,47854528
2002-01-03,38.88164384668545,40.631270849933856,38.3273995879383,40.16720962524414,51961664
2002-01-04,41.14747144860054,42.507248679458364,41.09862096720537,42.12303161621094,56709376
2002-01-07,43.09953904918164,44.31793892550194,42.7425681503436,43.90882873535156,40557120
2002-01-08,44.621364928977265,45.46682236973684,43.543874555826946,45.249820709228516,54785984
2002-01-09,45.786202417867734,45.786202417867734,41.11411127223061,41.672584533691406,59799296
2002-01-10,40.159210584034426,40.75103052948336,39.36072335604778,39.87222671508789,80367424
2002-01-11,38.04558834805186,38.98498559121363,35.93382288673413,36.9328727722168,72600192
2002-01-14,38.505886924237934,38.94740355889009,37.447186856857755,37.849246978759766,47085248
2002-01-15,37.51951908940946,37.54770100159479,36.16678730451337,36.320377349853516,45791104
2002-01-16,36.82436348072986,37.56648713250988,36.11981571005263,36.50825500488281,60796288
2002-01-17,34.99489155137159,39.163466311702074,34.99489155137159,38.78207015991211,71925696
2002-01-18,39.40770200952663,39.40770200952663,36.73089086211056,37.12825393676758,43093184
2002-01-21,37.33164533255384,37.48194888698787,35.988307314799634,36.7600212097168,39499264
2002-01-22,36.88073525355356,37.9422541235616,36.78022020862338,37.540191650390625,39699968
2002-01-23,37.15597835590656,37.388009008399294,36.18839922830226,36.463172912597656,32495232
2002-01-24,37.47253759935908,37.47253759935908,36.166776073585474,36.25038146972656,27712192
2002-01-25,36.61770565863652,36.72949301661239,35.69709633217516,35.95355224609375,36054912
2002-01-28,37.33164173124363,37.33164173124363,35.228330193214525,35.62804412841797,31417344
2002-01-29,35.61488759708745,36.33587477099486,35.25274960674762,35.45753860473633,38412608
2002-01-30,35.22738886467803,35.22738886467803,34.128294332100076,34.454734802246094,41227072
2002-01-31,35.22739596911086,36.814977280785456,35.060652961523736,36.427005767822266,54036416
2002-02-01,37.117451606501334,37.37860441572079,35.47162861868854,35.92347717285156,40670656
2002-02-04,35.838471741481634,35.838471741481634,34.626179250172314,34.84881591796875,33707712
2002-02-05,34.4382944908523,35.556176936136374,34.204383258584365,35.19075012207031,34441600
2002-02-06,35.28375245422441,37.10618269280789,35.28375245422441,36.81309127807617,33731840
2002-02-07,37.106192139111336,37.200131866045794,34.28800033107756,34.50453186035156,68846912
2002-02-08,34.47587242374173,35.87369572075671,34.381932716865045,34.720115661621094,38923904
2002-02-11,35.69707558575499,35.97607595466963,34.94555820500225,35.18510437011719,38867520
2002-02-12,35.42466338147404,35.76942164622615,35.021660663832854,35.27060317993164,26924736
2002-02-13,35.60315213931156,36.29266873302004,35.34012093617152,35.59046936035156,42209536
2002-02-14,36.33588255397045,36.87133894114117,35.763320437256006,36.017425537109375,21775936
2002-02-15,36.16678749905425,36.39224279774966,35.83799852179013,36.041847229003906,21985472
2002-02-18,35.86618866623987,35.86618866623987,34.82439569166621,35.03294372558594,22691968
2002-02-19,35.229739737079186,35.55618022927664,34.551025332438435,34.8253288269043,26101504
2002-02-20,34.10011170463228,34.6637499146262,33.92162627146754,34.28470230102539,21700800
2002-02-21,34.936187188922,35.16915818869446,34.24103315504724,34.36456298828125,25527616
2002-02-22,34.090725759225265,35.07709285889974,33.93102822880178,34.733272552490234,24593024
2002-02-25,34.748295505090745,35.41244873448134,34.40400512381366,35.19075012207031,24080192
2002-02-26,35.369700146619984,36.23911240390306,35.27435228219832,36.045127868652344,31268096
2002-02-27,36.26073681695039,36.63649574769599,35.69709842083199,36.02541732788086,30092928
2002-02-28,35.978897459505156,35.978897459505156,32.775554369768535,33.191707611083984,54657216
2002-03-01,32.97283231181415,34.27859404723927,32.83192277202007,33.95450210571289,29193024
2002-03-04,34.757684673628525,35.321322803471155,34.026833439909375,34.24101638793945,32084096
2002-03-05,34.99254792899984,36.48571941482374,34.99254792899984,35.99911117553711,57384832
2002-03-06,36.17852450029758,37.12966389806587,35.556174030152896,36.841739654541016,46348032
2002-03-07,37.20106303046336,39.17239104766459,37.106185299817334,38.7623405456543,67763264
2002-03-08,39.26680389609887,39.96195784067096,38.12073928477733,39.7411994934082,67260352
2002-03-11,39.68952364529024,40.34710155183942,38.78770251630849,39.806480407714844,66345920
2002-03-12,39.45467710926692,39.965708200159376,38.84406901114731,39.35932922363281,55556480
2002-03-13,38.890092855568376,39.12447422597744,37.904666386590485,38.09912109375,42688128
2002-03-14,37.57588280960204,38.50588590913969,37.57588280960204,37.950233459472656,36547648
2002-03-15,37.95163060383998,38.4495109063161,37.218901102082675,37.52796173095703,52188032
2002-03-18,38.305788330033,38.305788330033,37.21890653577266,37.50636291503906,29203072
2002-03-19,37.49132470179089,37.6510221510343,36.79617109920193,37.093021392822266,33368640
2002-03-20,37.153156219535575,37.41618741401016,36.47679029088663,36.67453384399414,33572544
2002-03-21,36.53315299350616,36.53315299350616,35.79102928908677,35.92442321777344,21713280
2002-03-22,36.57072397257139,36.7116335178035,35.7445247977171,36.00614547729492,37824896
2002-03-25,36.00614547729492,36.00614547729492,36.00614547729492,36.00614547729492,0
2002-03-26,35.978908576923274,36.213757849618595,34.25135595090653,34.53270721435547,35463232
2002-03-27,37.57587500281092,37.57587500281092,34.39319793138296,34.574031829833984,25979840
2002-03-28,34.66469142432992,36.01554492892585,34.63604164719829,35.21424102783203,47676096
2002-03-29,35.21424102783203,35.21424102783203,35.21424102783203,35.21424102783203,0
2002-04-01,35.546790551757894,35.546790551757894,33.17152378051629,33.50031280517578,37424832
2002-04-02,33.514869196018374,34.100114036099264,33.20674649479835,33.45240020751953,37710784
2002-04-03,33.066782811168515,33.34860198285461,32.8371006449344,33.07147979736328,28006400
2002-04-04,32.99398115931627,34.522850241437055,32.99398115931627,34.29269790649414,39785664
2002-04-05,34.513454507197686,34.87981942983806,33.8652704132955,34.094482421875,25505152
2002-04-08,34.278595239995546,34.757687691965884,33.932896698315254,34.04421615600586,23750016
2002-04-09,33.89343904001415,34.13768222600095,33.00101201429316,33.8192253112793,38507264
2002-04-10,34.00617287779542,35.68769358086873,33.40824528524165,35.4951171875,59726784
2002-04-11,35.94134132532331,36.635555024759995,35.71776430533088,36.47022247314453,50717504
2002-04-12,36.05124848261793,37.09679810022286,35.726686267948445,36.613948822021484,33804032
2002-04-15,36.63648383346446,36.63648383346446,35.69708681209357,35.79243469238281,23741376
2002-04-16,35.68769325044167,36.063452063291805,35.36829825951905,35.8126335144043,24408512
2002-04-17,36.26212588169112,37.369205965235494,36.26212588169112,37.157371520996094,39309184
2002-04-18,37.200125284145635,37.56649015436828,36.73042673257814,37.21515655517578,20418880
2002-04-19,37.10618685645147,37.27340000527941,35.8849705801632,36.17524337768555,29110336
2002-04-22,36.2607371211696,37.294074189389455,35.48103733333098,37.020240783691406,30009600
2002-04-23,34.19406206379048,37.09585943528527,34.19406206379048,36.90892028808594,32510208
2002-04-24,36.58950344892093,36.960095008474994,36.2137447485469,36.4852294921875,19379840
2002-04-25,36.34337904960644,36.3546513510255,35.38049745697592,35.65761947631836,16325056
2002-04-26,35.74404744364081,36.02492616320329,35.4622284099196,35.75203323364258,15962560
2002-04-29,35.60315569660891,35.67830747644344,34.024968320083765,34.147560119628906,25777664
2002-04-30,34.19404436181652,34.96434975678052,34.06440714153517,34.60784912109375,22117888
2002-05-01,34.60784912109375,34.60784912109375,34.60784912109375,34.60784912109375,0
2002-05-02,34.94557605747149,35.556184241271396,34.94557605747149,35.20719909667969,19447552
2002-05-03,34.94275952219219,35.5561863934294,34.80795509761371,35.26356506347656,12833344
2002-05-06,35.27436424479094,35.31945576829455,34.804665652982806,35.02401351928711,11473408
2002-05-07,34.701332013795636,35.152242662594276,34.3819369708966,34.958255767822266,12131328
2002-05-08,35.23866680422821,35.922548414747105,35.2273944966793,35.7572135925293,17206272
2002-05-09,36.69284816255063,37.106182857674085,35.74687580762849,36.098209381103516,19235264
2002-05-10,35.74405162135706,36.15738625245817,35.274823334058304,35.81873321533203,12516096
2002-05-13,35.744070083998615,36.166798902337625,35.41528100306827,35.98032760620117,10276352
2002-05-14,36.37345456151707,36.44343918456349,35.61442127003511,36.085060119628906,16525824
2002-05-15,36.16678754660246,36.99345697623909,36.16678754660246,36.377681732177734,34005760
2002-05-16,36.46739112880201,36.49557303848423,35.5608730340237,35.785858154296875,17889088
2002-05-17,35.79102378913933,36.016479057102416,35.133445924247006,35.5289306640625,19457344
2002-05-20,35.22739310244263,36.06956172949834,35.22739310244263,35.48666763305664,25773184
2002-05-21,34.177509486155564,35.1087156114451,33.74206762120093,34.05733871459961,30125440
2002-05-22,33.74206486547591,34.759981906110376,33.5064359208846,34.411251068115234,31285632
2002-05-23,34.40182515221825,34.59032830373726,33.90229180069289,34.31605529785156,18053120
2002-05-24,35.01683172818299,35.81561417592231,34.85424769014755,35.62569808959961,20045184
2002-05-27,35.54226644067216,35.579967068029006,34.54319981571558,34.742069244384766,19675584
2002-05-28,34.58091248239726,34.58091248239726,32.997485582140314,33.12331008911133,31493312
2002-05-29,33.100212026029965,33.77976684988091,32.51679565627487,33.40888595581055,46020928
2002-05-30,33.129420651515545,33.64780418944822,33.00689363345873,33.41641616821289,21895872
2002-05-31,33.17656206118487,33.41219105309669,31.595963243653223,31.93809700012207,45376704
2002-06-03,32.22461302721438,32.46872368251417,30.972008232912216,31.382946014404293,38760000
2002-06-04,30.961641842843196,31.574277069566122,30.961641842843196,31.4036808013916,28173440
2002-06-05,31.56296287635673,32.78069257147305,31.56296287635673,32.44515609741211,36407872
2002-06-06,32.584661695622586,32.88438223467254,31.91688820961169,32.217552185058594,33779456
2002-06-07,31.57428232035722,31.57428232035722,30.53751484118131,30.59830665588379,47699456
2002-06-10,31.11245463938169,32.036120363301535,31.11245463938169,31.816041946411133,27366592
2002-06-11,32.51679372261962,33.45930948269555,32.42254214661203,33.27693176269531,29698560
2002-06-12,33.317932031812674,33.317932031812674,32.52621879541317,32.786354064941406,18887680
2002-06-13,33.09361091930777,33.27080433176903,32.43526278002277,32.60821533203125,17408576
2002-06-14,32.51679436793203,32.56297672066671,31.832055274009544,31.95269775390625,19107968
2002-06-17,32.09361041223426,32.460250510896685,31.669478219147635,31.862224578857422,19762240
2002-06-18,32.2340429977215,32.309444267891614,30.832522348647437,30.975784301757812,29418944
2002-06-19,30.810841166259085,31.14967513245407,29.5101693764323,29.70102882385254,55495616
2002-06-20,29.453614431325853,30.905088550501592,29.453614431325853,30.725067138671875,41968640
2002-06-21,30.48472835948503,30.48472835948503,29.41591642425206,29.59075355529785,34686080
2002-06-24,29.387648469917657,30.230256841733915,29.173226082909757,30.04693794250488,34772736
2002-06-25,30.266068609550913,30.43383689158791,29.547871989819786,30.12092208862305,40680960
2002-06-26,29.594986094188936,29.736835134247926,28.76840047782184,28.929569244384766,42938944
2002-06-27,29.07661153536869,30.14636693545438,29.07661153536869,29.888587951660156,48195712
2002-06-28,30.265128380666944,31.05590064572943,30.265128380666944,30.918764114379883,32555328
2002-07-01,31.103019010021168,31.451749829224433,30.763713348093663,31.273612976074222,27086208
2002-07-02,30.804722634606403,31.055904548237756,30.5280955483284,30.766080856323246,26694464
2002-07-03,30.726952004807522,31.988038432620215,30.726952004807522,31.854673385620117,39028032
2002-07-04,32.17089124635275,32.48851860071616,31.414050622624593,31.652976989746094,38403712
2002-07-05,31.762783032558954,32.2802232956608,31.489453445631888,32.143558502197266,25354688
2002-07-08,32.547900440315395,32.705300127691174,32.04601074815414,32.300018310546875,25224064
2002-07-09,32.2811612217507,32.32545899737512,31.867395468080456,31.961647033691406,20608000
2002-07-10,32.51962945779236,32.79955624484149,31.256658039169157,31.42018318176269,50155200
2002-07-11,31.09077870762725,31.282109939691885,30.72602543036925,31.119525909423828,34490048
2002-07-12,31.35136931521314,31.57427565683168,31.118098982692786,31.296705245971676,24250432
2002-07-15,31.05590150152581,31.05590150152581,30.284451252450616,30.604434967041012,22052608
2002-07-16,30.44325328347595,30.857960139349927,29.766998353726912,29.86454963684082,37083136
2002-07-17,29.76465034669034,30.301884377647067,29.437597809110198,30.014888763427734,30291904
2002-07-18,30.49981124646359,30.49981124646359,29.80989014201596,30.23213768005371,36041792
2002-07-19,29.87775359075175,29.962108302348767,29.563423622297194,29.840524673461914,19835584
2002-07-22,29.406498578888783,29.406498578888783,28.898481084980236,29.11808776855469,32212608
2002-07-23,28.863126672675335,30.424405230001785,28.863126672675335,30.275959014892578,37871680
2002-07-24,29.68925624575372,29.877759460012477,28.799050276629686,28.957862854003906,38318400
2002-07-25,29.689241794151403,29.9625713217801,28.964445907491,29.25332832336426,40477504
2002-07-26,28.556340143949868,28.727877535161003,28.039841098131227,28.430513381958008,43441472
2002-07-29,28.73447653972394,28.73447653972394,28.087909829881408,28.31741333007812,32498816
2002-07-30,28.935226776698958,29.546449018449664,28.44511870100243,28.636449813842773,47862272
2002-07-31,28.20289277039994,29.020053277768483,28.041249975759442,28.59026527404785,37706880
2002-08-01,28.840975611787954,29.048329031219108,28.521461462117397,28.795734405517578,29534016
2002-08-02,28.416849792236714,28.51110136700367,27.681687509054473,28.320241928100586,37549888
2002-08-05,28.55822421229225,29.302811576243105,28.473397803740887,29.06199836730957,29216704
2002-08-06,28.65247526733213,29.734483675140147,28.55822370395275,29.50309562683105,27908544
2002-08-07,30.066255163819594,30.066255163819594,29.31318363033189,29.50263023376465,30529792
2002-08-08,29.500750820976897,29.815550244774958,29.076618620675312,29.211868286132812,32257728
2002-08-09,29.594052768158253,30.018184879367617,28.862661885911162,29.80517768859863,46943936
2002-08-12,29.83062806437869,30.537043267175388,29.642124885456866,30.42488479614258,37460928
2002-08-13,30.306596947427444,30.622339754996663,30.23590825916568,30.433364868164062,20659456
2002-08-14,30.157679126602094,30.20527663713632,29.70433038437721,29.778316497802738,24419776
2002-08-15,29.778316497802738,29.778316497802738,29.778316497802738,29.778316497802738,0
2002-08-16,30.078517365946176,30.39661655610959,30.00122920333616,30.26419258117676,22782144
2002-08-19,30.396591248149363,30.572369437565946,30.26086765937651,30.427692413330075,23862720
2002-08-20,30.651561024886433,31.746766442356773,30.594068930332533,31.320747375488285,35347648
2002-08-21,31.103493925729484,32.092663823300946,31.103493925729484,31.96495246887207,44908736
2002-08-22,32.14308836933813,32.34714443441867,31.630832378178624,31.77503776550293,37726144
2002-08-23,31.90651659448593,33.412185607400524,31.90651659448593,33.2990837097168,83209536
2002-08-26,32.03612611152025,33.17515787648205,32.03612611152025,32.880149841308594,38972928
2002-08-27,32.80285481705807,33.45931860353801,32.12094585939649,32.245357513427734,69991616
2002-08-28,32.04553286467492,32.49794038747033,31.792938204234748,32.29859924316406,35725504
2002-08-29,32.08323854726702,33.364588345720776,32.013021578814396,32.8702392578125,56262848
2002-08-30,32.95978093040956,34.25762486085082,32.79955322785967,33.972042083740234,48156160
2002-09-02,34.35753575115862,34.53378578060109,33.56535060348408,33.7222785949707,35940608
2002-09-03,33.54226021962047,33.55356995152607,32.82123547206661,32.938106536865234,36863232
2002-09-04,32.505492730249145,33.15771335130698,32.24912883481805,33.014923095703125,42330432
2002-09-05,32.991339743131384,34.02433764590561,32.98804231953736,33.758548736572266,58222144
2002-09-06,33.3839180186529,33.67609799001886,32.85940646361044,33.292022705078125,51598848
2002-09-09,33.438568890000724,34.21190339938871,32.808968009496624,33.95082473754883,43699968
2002-09-10,33.95082473754883,33.95082473754883,33.95082473754883,33.95082473754883,0
2002-09-11,34.16620188115229,34.94566208178669,34.16620188115229,34.79438781738281,45339776
2002-09-12,34.5893889420996,34.73170975868704,34.18505055488681,34.35329055786133,26804352
2002-09-13,34.00597028274226,34.00597028274226,33.51680319875734,33.65252685546875,27315648
2002-09-16,33.555449024083934,33.8353757729278,33.09173168343517,33.556861877441406,33621952
2002-09-17,33.76421467272582,34.72228340072687,33.76421467272582,34.57902145385742,43982464
2002-09-18,34.22557620146309,34.22557620146309,33.52528651216571,33.63273239135742,47365760
2002-09-19,33.600687717297404,33.647813506522226,32.82829649211538,32.94846725463867,46434112
2002-09-20,32.04554458858061,33.167138649180934,32.04554458858061,33.04743957519531,37551744
2002-09-23,33.08231682830105,33.221809678559275,32.677034884250645,32.832550048828125,29428416
2002-09-24,32.28069700069208,32.488050493192674,31.811323634727906,32.08842468261719,39022336
2002-09-25,31.385777769631858,32.752425750591804,31.385777769631858,32.68927764892578,42394944
2002-09-26,32.969208662899035,33.26138861388527,32.62330576178304,32.78683090209961,34179392
2002-09-27,32.866941881841996,33.24489167351523,32.866941881841996,33.068641662597656,44959616
2002-09-30,32.72319537428492,32.939032808711545,31.905091443816538,32.106319427490234,37461184
2002-10-01,31.93243823282857,32.29059426967848,31.57428219597866,32.110572814941406,46234880
2002-10-02,32.110572814941406,32.110572814941406,32.110572814941406,32.110572814941406,0
2002-10-03,32.23404980343483,32.76185880606417,32.102097552777494,32.678916931152344,40588288
2002-10-04,32.66052542926741,33.19304680196883,32.480975727462415,32.99229049682617,40793152
2002-10-07,32.84667499537544,32.935742276541795,32.43196805138792,32.56627655029297,26232256
2002-10-08,32.37541125118786,33.62895701433429,32.28634398612437,33.437625885009766,49633408
2002-10-09,33.70955724476903,34.00597807347262,32.566284849879786,32.77316665649414,51109952
2002-10-10,32.998426936564265,34.39240950828985,32.550734128929456,34.22511291503906,115910336
2002-10-11,34.234056912455245,35.815598815081344,34.234056912455245,35.54368209838867,70623808
2002-10-14,35.62991851010196,36.54133065614386,35.30757632660473,36.011165618896484,72795648
2002-10-15,36.011165618896484,36.011165618896484,36.011165618896484,36.011165618896484,0
2002-10-16,36.6638755848731,36.824103318791565,35.15679098931883,35.33539962768555,68785472
2002-10-17,35.27083934174457,36.2585967393861,35.08139267282327,36.07999038696289,63703872
2002-10-18,36.47536934028238,36.73927382129734,35.94001979001056,36.14548873901367,52909376
2002-10-21,36.24303725139341,36.47536882363481,35.71334372507186,36.0875244140625,47170176
2002-10-22,36.26800166343907,36.41880416515816,35.779778103910836,35.91644287109375,46875008
2002-10-23,35.63981863712146,36.09646936788238,35.49561556536947,35.80051803588867,43332288
2002-10-24,36.087038701834814,36.087038701834814,35.448012648020466,35.656307220458984,38613440
2002-10-25,35.55969535067894,35.624256278865225,35.15676769162561,35.385799407958984,38481344
2002-10-28,35.44095751738877,35.711930864539866,35.16668444384658,35.31984329223633,26654208
2002-10-29,35.10778145220173,35.87216293329236,34.92210623984876,35.76000213623047,45538368
2002-10-30,35.69758434736296,36.10136848208781,35.61389504734537,35.81578826904297,31792320
2002-10-31,35.933978570871,36.337762552551894,35.603007715612975,35.9046630859375,42567680
2002-11-01,35.933983990029645,36.83233358978039,35.933983990029645,36.58174133300781,43334784
2002-11-04,36.83233901939444,37.34297991979169,36.69995063780996,37.1250114440918,15291712
2002-11-05,37.494281039778265,38.486247349872045,37.29002375553864,38.28624725341797,60623104
2002-11-06,38.28624725341797,38.28624725341797,38.28624725341797,38.28624725341797,0
2002-11-07,38.00208433304566,38.90043637060925,37.82808909849646,38.286720275878906,86927232
2002-11-08,37.81580010608032,37.995470074076195,37.50941645254499,37.799251556396484,35027328
2002-11-11,37.69286006316818,37.76851056003355,37.04510268375849,37.289546966552734,36256064
2002-11-12,36.87961973601606,37.33966842797293,36.7510129591096,37.2559814453125,33467328
2002-11-13,37.309900046249176,37.73070616766803,37.309900046249176,37.522193908691406,39895488
2002-11-14,37.65787247789844,39.38554025244831,37.600188050099135,38.96095275878906,57805120
2002-11-15,39.44512067460729,41.37137368008853,39.44512067460729,40.7794075012207,74473344
2002-11-18,40.66214552777864,40.66214552777864,39.73731997178063,40.238975524902344,59826560
2002-11-19,40.238975524902344,40.238975524902344,40.238975524902344,40.238975524902344,0
2002-11-20,39.99737552783908,41.882017172073155,39.955293081124886,41.68579864501953,102082368
2002-11-21,42.553416664877936,42.967601406812925,42.03331935008498,42.80731964111328,79159296
2002-11-22,43.4773071723205,44.18653089274675,43.26454005619262,43.784637451171875,93242560
2002-11-25,43.47728586156766,43.54631508958379,42.951514011068056,43.136383056640625,57428288
2002-11-26,42.941100560713444,43.451741263263216,42.269702599953554,42.5694694519043,60546688
2002-11-27,42.64797252946876,43.376108645825546,41.94820535271029,42.09524917602539,87585664
2002-11-28,42.827646175865404,43.39502501679098,42.57752482322105,43.23521423339844,66792192
2002-11-29,43.1586142193563,43.49904150066586,42.42480337839871,43.10424041748047,41319488
2002-12-02,43.347730733580505,44.16097350039725,43.16806081998146,43.93638610839844,46553024
2002-12-03,43.68816319481108,44.10424093952357,42.94253204019354,43.11558532714844,57039872
2002-12-04,42.789817710065,42.789817710065,41.51463293727044,41.73212814331055,63060288
2002-12-05,41.74440832895875,42.53164611387611,41.740151142645324,41.97041320800781,47861760
2002-12-06,42.08059282655481,43.11085997426693,41.94915099939611,42.825748443603516,48366144
2002-12-09,43.97185770372699,44.908032738709565,42.799274831627606,43.28438186645508,96934272
2002-12-10,42.751998075283275,42.912755422613465,41.72125978946025,42.667362213134766,58733760
2002-12-11,43.125056311025574,44.57707172399988,43.05460491289169,44.257450103759766,100537024
2002-12-12,44.591730563136025,45.787483608396165,44.45887116581466,45.6574592590332,85993216
2002-12-13,45.62670753647726,45.683445411134024,44.019134421202416,44.180362701416016,76834688
2002-12-16,44.58650849017796,44.58650849017796,43.14914914966746,43.26309585571288,52601728
2002-12-17,43.86782449872654,43.97279046895787,43.03566917303395,43.238033294677734,41560768
2002-12-18,43.0735090938789,43.77091223233632,42.93166438775196,43.234737396240234,48287360
2002-12-19,43.449879342559235,43.49952500205363,42.99361209101549,43.2503547668457,43798720
2002-12-20,43.50376027085778,44.16050293961971,43.42858074885333,43.64513397216797,53898944
2002-12-23,43.69006015239193,43.96618172779939,43.13024456326213,43.508026123046875,34117568
2002-12-24,43.499037351293104,44.425755973125,43.2626295396013,44.33970260620117,48553984
2002-12-25,44.33970260620117,44.33970260620117,44.33970260620117,44.33970260620117,0
2002-12-26,44.55719344448915,45.27681967651658,44.44466426057392,44.90282440185547,46062272
2002-12-27,44.969965407706816,45.45649453650329,44.93639734501012,45.086280822753906,38477376
2002-12-30,44.77564083277953,44.952475727988684,44.260271788347325,44.841835021972656,33077440
2002-12-31,44.78510253671393,45.37139399728746,44.70945202567218,45.137821197509766,38066752
2003-01-01,45.2011762226287,45.6257637536368,45.15484121231207,45.381317138671875,32066112
2003-01-02,45.71181703104705,45.7538994708231,44.53876325061426,44.65696716308593,42260032
2003-01-03,45.29572928591089,45.61724385704262,44.91747684928533,45.39312744140624,60483072
2003-01-06,45.70236282388428,45.850828791725725,45.078246137276295,45.412052154541016,51750400
2003-01-07,45.80071023681777,46.06832669302894,44.790777750038416,44.955787658691406,57016320
2003-01-08,45.22009830131674,45.56998195609481,45.018205052726536,45.28298187255859,41112960
2003-01-09,45.39029886977094,45.522687241474436,45.163347375422084,45.37516784667969,31291392
2003-01-10,45.48486020399241,45.48486020399241,41.618646163185105,42.064510345458984,123995904
2003-01-13,41.78743680087354,41.78743680087354,40.345349425419094,40.63093185424805,77507200
2003-01-14,40.52029248869551,42.288622639310695,40.49334107897495,42.05930709838867,76166208
2003-01-15,42.62906219485068,43.77705775551184,42.37657677191563,43.611572265625,93352256
2003-01-16,43.29099972891064,43.98131055901341,42.93213081344853,43.592655181884766,41649024
2003-01-17,43.29100140183224,44.159089098078304,43.17752564455352,43.690059661865234,56276544
2003-01-20,43.590756744659544,43.590756744659544,42.71415490661405,42.82904815673828,25981632
2003-01-21,42.922202945181624,42.99785344607642,42.198795030375194,42.29855728149414,29442688
2003-01-22,42.55342089309475,43.01678036504178,42.19408089444195,42.53356170654297,32516288
2003-01-23,42.26972992724495,42.43994360480433,41.70235100204704,41.87114715576172,31185280
2003-01-24,42.69620491407378,42.69620491407378,41.28768507542058,41.45931625366211,62248576
2003-01-27,40.9902900508319,41.08768824738171,40.30281411055026,40.61818313598633,39281216
2003-01-28,40.661200232873924,41.13212740095855,40.33117582543749,40.73685073852539,45866368
2003-01-29,41.04040122137979,41.04040122137979,39.52739103810312,39.744415283203125,50043776
2003-01-30,39.952917804600595,40.7472480047394,39.54015071335357,40.27726745605469,60421760
2003-01-31,39.83140473284194,40.9458320553214,39.829987209471994,40.66403579711914,31424896
2003-02-03,39.90799751928297,41.84417724609375,39.90799751928297,41.70469665527344,36261888
2003-02-04,41.980834382652425,42.06168401916123,41.19312066827403,41.67870330810547,32406528
2003-02-05,41.41770531089455,41.84418596019422,40.83236044658048,41.63945770263672,33350848
2003-02-06,41.59831320937717,42.97609960612115,41.43046368460644,42.7226676940918,36238144
2003-02-07,42.55342482244169,42.81820168800355,42.222453740489364,42.435691833496094,31858560
2003-02-10,42.175148013458,42.361439191305244,40.55055559386641,40.712730407714844,43655168
2003-02-11,41.02148875147131,41.27680922087881,39.97325545638017,40.12644958496094,54007296
2003-02-12,40.18932329766575,40.3316389367605,39.25361944124664,39.47206115722656,56339200
2003-02-13,39.47206115722656,39.47206115722656,39.47206115722656,39.47206115722656,0
2003-02-14,39.52738575996107,40.113677127692554,38.9609535717014,39.252681732177734,54123776
2003-02-17,40.29666868678817,40.591231974386226,39.917469533343706,40.28721237182617,51686720
2003-02-18,40.567594968459346,40.63804636842984,39.830002332669174,40.12787628173828,43271296
2003-02-19,40.4257318795722,40.98365426106805,39.811071628771685,40.07301330566406,48530816
2003-02-20,39.90564024421757,40.325499611470676,39.433771156267035,40.203514099121094,38198592
2003-02-21,40.13258178615779,40.433290613303164,39.774188541459885,39.95196533203125,35078080
2003-02-24,40.20114957391672,40.38791175070822,39.72786296776853,39.857887268066406,28459904
2003-02-25,39.48152606488404,39.506584371987074,38.91272973595417,38.998783111572266,35228864
2003-02-26,39.19642091819722,39.328809312130815,38.50611000697203,38.633296966552734,36492416
2003-02-27,38.613915651390826,39.376095561961414,38.49051027921395,38.82148361206055,44340608
2003-02-28,41.27680949609007,41.27680949609007,38.865920459914804,40.524085998535156,66299904
2003-03-03,40.72029947525579,40.85127032790007,39.7685225379592,39.93259048461914,44389248
2003-03-04,39.616746560629785,39.67868355480067,39.12076116925891,39.27159118652344,30929984
2003-03-05,38.866390083551224,39.657880652165495,38.69712070828439,39.51792907714844,40163584
2003-03-06,39.517938511880665,39.517938511880665,38.62998919026637,38.750083923339844,37748800
2003-03-07,38.34534715948646,38.420997659431194,37.751963550544964,38.03423309326172,38211200
2003-03-10,33.90088303875796,38.51272655415146,33.90088303875796,38.18506622314453,46785024
2003-03-11,37.99545861877441,39.19357510159838,37.87252657247175,39.0243034362793,45810944
2003-03-12,38.88056466688227,39.2243024548488,37.92925896848808,38.062591552734375,45766912
2003-03-13,38.218161593643764,38.84653311969052,37.95007420134825,38.4427490234375,43299264
2003-03-14,38.4427490234375,38.4427490234375,38.4427490234375,38.4427490234375,0
2003-03-17,38.41154069473202,38.52501644272236,37.41200894291772,38.1590576171875,45345088
2003-03-18,38.1590576171875,38.1590576171875,38.1590576171875,38.1590576171875,0
2003-03-19,38.30753399159061,39.78271920578171,38.27916504516386,39.604942321777344,61463040
2003-03-20,39.385546196150244,41.6077798950927,39.385546196150244,41.238037109375,71270784
2003-03-21,41.295720913131554,42.08059493094468,40.92077900760821,41.72503662109375,55244672
2003-03-24,41.970902249843945,42.146790610006306,41.19170291612912,41.3945426940918,55051712
2003-03-25,40.898550319308164,40.898550319308164,40.05031726690584,40.31935119628906,53456768
2003-03-26,40.75671026933244,40.92408886145822,40.11368096577916,40.28200149536133,36913088
2003-03-27,40.142042310207735,40.736843379981764,39.87868311151266,40.56521224975586,41770816
2003-03-28,40.283906261521395,40.662158902474644,40.009673096830284,40.38934326171875,34597248
2003-03-31,39.727385281315605,39.905637690676784,37.929268430640896,38.325016021728516,46685696
2003-04-01,37.96709104776513,39.30988729403727,37.96709104776513,38.37891387939453,51766784
2003-04-02,38.58411562007459,39.46118852584309,38.30137051646322,39.080101013183594,43910656
2003-04-03,39.71604586595435,40.85127445854314,39.43566247585599,40.61344909667969,75072832
2003-04-04,40.501379968804606,40.79452560948472,39.86970024162964,40.61674880981445,53412800
2003-04-07,40.67160054528074,41.607775493893335,40.506586043260945,41.44607162475586,46957184
2003-04-08,41.052682877695034,41.052682877695034,39.841804048568626,40.02383804321288,46038592
2003-04-09,39.695706599134354,39.695706599134354,38.98411908649278,39.26213836669922,46810240
2003-04-10,38.77088482804607,38.77088482804607,28.54861007216368,28.839391708374023,211021376
2003-04-11,27.309845855599143,27.309845855599143,21.749530979182143,25.090919494628906,276615040
2003-04-14,25.090919494628906,25.090919494628906,25.090919494628906,25.090919494628906,0
2003-04-15,26.004862036309312,27.55286008924574,26.004862036309312,27.042219161987305,151209472
2003-04-16,26.796358760672945,28.78502222289131,26.796358760672945,28.600624084472656,115537088
2003-04-17,27.186899549458417,28.160899776795535,26.666802340686168,28.022836685180664,98323200
2003-04-18,28.022836685180664,28.022836685180664,28.022836685180664,28.022836685180664,0
2003-04-21,28.605348917961145,28.747193623339466,27.614326781317217,27.731586456298828,56817536
2003-04-22,27.874371087426283,27.933946316185317,27.07342190360141,27.609594345092773,60418304
2003-04-23,28.00959124186367,28.141979586693548,27.095166493236935,27.262542724609375,48633472
2003-04-24,27.110306035404008,28.35002974038118,26.950495250195587,27.402980804443363,75865728
2003-04-25,27.139612300685044,27.773185131397902,26.870580717138665,27.51691818237305,35400448
2003-04-28,27.520234645649193,27.67862788688779,27.139618051031075,27.355695724487305,38235776
2003-04-29,27.8015636913654,27.896126833172765,26.82094437255711,27.114561080932617,43982080
2003-04-30,26.9504870806697,27.035593881977075,26.03322488880129,26.3509578704834,51476352
2003-05-01,26.3509578704834,26.3509578704834,26.3509578704834,26.3509578704834,0
2003-05-02,26.654512475087632,27.707000711280962,26.572243002969117,27.557590484619144,63601792
2003-05-05,26.666800758510576,28.264917541556066,26.666800758510576,27.862077713012695,50768960
2003-05-06,27.88666326334985,29.030876981513746,27.361837962869714,28.19683074951172,88804352
2003-05-07,28.17980460180652,28.728270597412152,28.056872568308705,28.591154098510742,55778368
2003-05-08,28.27248887896585,28.97130958036669,27.965629633829195,28.14010047912598,52410880
2003-05-09,27.896115487791093,28.08429513998669,27.485239265476004,27.67105484008789,41512768
2003-05-12,27.971774603937277,28.038442074108698,26.05403381438765,26.310300827026367,72951360
2003-05-13,26.572243793602148,27.375083972652376,26.572243793602148,27.183122634887695,42925440
2003-05-14,27.13961124955886,27.41384425521642,26.789727759581968,27.09611129760742,38633408
2003-05-15,27.23417916141813,27.363730176945047,26.808645112020972,27.26822280883789,36534016
2003-05-16,27.795882820701472,28.414327016296266,27.492807556626655,28.312671661376957,60834304
2003-05-19,28.614792665657383,28.813375165980847,26.242203217067345,26.390195846557614,97496320
2003-05-20,26.364198202674277,27.196353669616652,25.78121517500643,26.985477447509766,83440448
2003-05-21,27.224727847218958,27.640805660792296,26.196826983148,26.367040634155273,82427008
2003-05-22,26.288548589084563,26.288548589084563,25.24788094309561,25.44409942626953,67289216
2003-05-23,25.647881576149608,25.853556356970422,24.586410580878965,24.699886322021484,84907968
2003-05-26,24.76040530832828,25.132038815017022,24.312177063072127,24.897050857543945,51406784
2003-05-27,24.822816620603135,25.465845774965423,24.45402048795417,24.704612731933594,58359424
2003-05-28,25.217164532200567,26.245098484811443,25.06977358056485,26.113872528076172,67304960
2003-05-29,26.11386965958694,26.765242503329937,25.829548719188598,26.336383819580078,68530560
2003-05-30,26.425767827163916,26.520858751335073,25.3041708408763,25.429214477539062,48566848
2003-06-02,26.149999068735376,26.863180861519066,25.771060880880846,26.728628158569336,44774080
2003-06-03,27.081888414377506,27.081888414377506,25.674543089473055,25.91892623901367,48931648
2003-06-04,26.19754029663005,26.530358412921174,26.102449406261155,26.28264617919922,34656832
2003-06-05,26.883150287377475,27.56685533628838,26.883150287377475,27.194099426269528,51236992
2003-06-06,27.405196961401447,28.38415729763736,27.385702862888174,28.04183006286621,58527936
2003-06-09,27.59537443223972,28.51775600354477,27.38617448823239,28.228204727172848,40497024
2003-06-10,28.051816612772193,28.174482950016106,27.20550756920042,27.339584350585934,51281472
2003-06-11,27.674310026974204,28.280038703693783,27.524065913867403,27.9457950592041,67313600
2003-06-12,28.168308999229378,28.38464085161607,28.02709804827994,28.241052627563477,38948288
2003-06-13,28.327569317422675,28.41315109783785,27.86209998714213,28.25292205810547,50022016
2003-06-16,27.953861404403007,28.042296374064435,27.51264071493163,27.738481521606445,34414400
2003-06-17,28.387006715012888,29.478174630781325,28.387006715012888,29.407808303833004,71782848
2003-06-18,29.42112724611052,29.476756356500534,28.884815447945144,29.13300132751465,47006144
2003-06-19,28.76499958744309,29.097817764487885,28.726963224352257,28.93806457519531,23553536
2003-06-20,27.861633107656,29.478178373287918,27.861633107656,29.04361343383789,54427072
2003-06-23,29.24378121082486,29.851889429137124,29.050272604575408,29.42730712890625,60149312
2003-06-24,28.774505782685257,30.072496542545316,28.774505782685257,29.90038108825684,73830848
2003-06-25,29.964097411487007,30.17900381216024,29.67787514474182,29.86615562438965,43754368
2003-06-26,29.86329851595109,31.027686175594248,29.86329851595109,30.799943923950195,66023040
2003-06-27,31.33483992743916,31.84595369607579,31.105193929620448,31.668607711791992,45468864
2003-06-30,31.709960363898027,31.7613085186935,30.98061366189014,31.13275909423828,46577472
2003-07-01,31.15416142413799,31.807911473099296,31.125634149274223,31.40947914123535,52464576
2003-07-02,31.84593151984787,31.855440606596105,29.95362325694858,30.1395263671875,54311424
2003-07-03,31.380000367549602,31.380000367549602,27.253054864665806,29.65505218505859,114863424
2003-07-04,29.52287886548014,29.70355162203183,28.823960570398597,29.44062614440918,44229056
2003-07-07,29.38784481686554,29.658853901894073,28.764999375835064,29.432537078857425,47715840
2003-07-08,29.849034148522378,30.977762691356798,29.293704209264984,30.81230545043945,84823040
2003-07-09,30.761909043430656,31.37049086067318,30.543199952859123,30.917381286621094,51177536
2003-07-10,33.28181483140814,35.126578282063335,33.28181483140814,34.48756790161133,130798400
2003-07-11,34.03303071952705,34.109103434183716,33.21049449230182,33.423973083496094,71093952
2003-07-14,33.99501029065249,34.08724803608094,32.90288994052475,33.160587310791016,41390464
2003-07-15,32.806368078989046,33.04409538390926,31.965765257413466,32.397953033447266,43521536
2003-07-16,32.92380259488312,33.06976808260915,32.44644665091998,32.765953063964844,36879232
2003-07-17,33.89990904864457,33.89990904864457,32.711272686490126,32.93378448486328,46267968
2003-07-18,31.998080804321425,32.65420786984837,31.85544448572861,32.2296257019043,41344768
2003-07-21,32.330896404384795,32.521078147939996,31.059055994359362,31.29488182067871,53580032
2003-07-22,31.066189252060674,32.036116189223264,30.53462986121234,31.745613098144535,60285696
2003-07-23,32.18827749144286,32.80636849201709,32.00855425372706,32.629974365234375,44868352
2003-07-24,32.901452776928096,33.18482413509824,32.22297824841182,32.90858459472656,51708032
2003-07-25,32.11505404311092,33.611784063265304,32.11505404311092,33.44062042236328,37355200
2003-07-28,33.66218331311953,34.17567424501458,33.30083784252672,33.53428649902344,32978816
2003-07-29,33.27229537183952,34.30593266314994,32.99748136494682,34.09578323364258,48537280
2003-07-30,34.00879504940419,34.280280117698815,33.68310861555366,33.91655731201172,37567744
2003-07-31,34.137632603885656,34.639713012900074,33.8637703515546,34.25364303588867,59536064
2003-08-01,34.70819176737027,36.56246502617498,34.52466579590557,35.91251754760742,59051328
2003-08-04,35.42612070882865,36.19825848141376,35.421366163034946,35.58729934692383,39481472
2003-08-05,35.68143726568461,36.11267548378361,35.132289565910746,35.4427604675293,42462272
2003-08-06,34.808983895453885,34.808983895453885,33.142039565632835,33.33269500732422,70185792
2003-08-07,33.177225571035855,33.7068815883259,33.09164373379328,33.36122512817383,43469888
2003-08-08,33.662171172904394,34.61307996309944,33.43395306325758,33.83000564575195,33572352
2003-08-11,33.56707931951253,33.56755523820475,32.9855995398091,33.108741760253906,37693440
2003-08-12,33.64031149057869,33.64031149057869,32.29477508511273,32.412689208984375,46977920
2003-08-13,32.7236275566654,33.32935604530331,32.28335628353915,32.92759704589844,48048832
2003-08-14,32.965161523885236,32.9665892803047,32.378451140799115,32.48923110961914,25253504
2003-08-15,32.48923110961914,32.48923110961914,32.48923110961914,32.48923110961914,0
2003-08-18,32.69224791275285,33.59941407280936,32.47258702869615,33.18529510498047,37098304
2003-08-19,33.48150676136334,33.98548854447957,33.04503812607105,33.20716857910156,26576512
2003-08-20,33.60229001256364,35.17129075645372,33.53097179693228,34.96541976928711,55284032
2003-08-21,35.11041947100524,35.608694943528846,35.08569490415822,35.321044921875,24144832
2003-08-22,35.52928879028073,35.697125630036,34.37536205449658,34.629730224609375,31926912
2003-08-25,35.06667370590924,35.65909052751747,28.69843605654606,33.86044692993164,70433920
2003-08-26,33.899904964702806,35.74466837652675,33.899904964702806,35.34766387939453,39059328
2003-08-27,35.801732198695895,36.8363218962655,35.44989578665028,36.66563415527344,42242112
2003-08-28,37.09734008182245,37.45630825563567,36.53535189300533,37.07404327392578,53888192
2003-08-29,37.51668560851769,37.846176959147854,36.32804939748918,37.331260681152344,42512384
2003-09-01,38.03635661398591,38.03635661398591,36.52441143857997,36.792091369628906,24554304
2003-09-02,37.085444154978056,37.44678950828297,36.52440794853095,37.0079460144043,37691968
2003-09-03,37.50385871782898,37.72922373313564,36.13454947458168,36.26387405395508,41538368
2003-09-04,36.610008584199505,40.41364583970075,36.610008584199505,40.02995300292969,124075904
2003-09-05,40.39461800999698,40.46118164607749,39.291563469234354,39.916786193847656,65351936
2003-09-08,40.50873823448019,41.50719305011879,40.17591996260066,40.435516357421875,47580736
2003-09-09,41.31413956287874,43.028626399520725,40.93947775333215,42.58360290527344,90476544
2003-09-10,41.88753983496892,41.88753983496892,40.45309273515391,40.92046356201172,53212544
2003-09-11,39.938188311543456,41.0507521287936,39.84404922485999,40.171634674072266,45146752
2003-09-12,41.60227063212173,41.60227063212173,39.36858621869004,39.57540893554687,53664192
2003-09-15,39.41518388398631,40.05229300828717,38.1314565439771,38.40864562988281,48679872
2003-09-16,38.333531880667614,40.337573268289496,38.16950002331778,40.023773193359375,52140800
2003-09-17,40.84440560694333,41.80672768288662,40.84440560694333,41.15678024291993,70697728
2003-09-18,40.556271960042885,41.3616938020505,40.052290151395226,40.3294792175293,50755584
2003-09-19,41.07926814725762,41.45963174121371,40.22345006085642,41.077842712402344,41664000
2003-09-22,41.57374484043624,41.79245392811466,40.8334611954765,41.58230209350586,52579648
2003-09-23,41.16485635599302,41.316528219908264,40.28051086255172,41.038387298583984,49601280
2003-09-24,41.12680726499031,43.19027944452855,41.079261823065465,42.876953125,68738432
2003-09-25,41.03172834568796,43.17127385618154,41.03172834568796,42.86222839355469,60743104
2003-09-26,42.69582982310713,43.50125189995489,42.229884241518654,43.28111267089844,50340608
2003-09-29,43.45655414963747,43.52311779931963,42.33923574425839,42.5479621887207,50245056
2003-09-30,43.24449743886938,43.43467926960415,42.71579102080451,43.057640075683594,43588480
2003-10-01,42.78140323592288,43.92249423132425,42.62117411336305,43.49363327026367,46230336
2003-10-02,43.49363327026367,43.49363327026367,43.49363327026367,43.49363327026367,0
2003-10-03,44.046099515150765,44.19824493661933,43.21833518871724,43.36001968383789,38165440
2003-10-06,43.56209312999148,43.88159948263093,35.278723901918866,43.44940948486328,33592384
2003-10-07,43.6277110221928,43.77034739214329,42.251743649492575,42.541770935058594,29565120
2003-10-08,42.79091142206662,42.96207506775489,41.22713947963134,41.738731384277344,51334656
2003-10-09,42.0777394892127,42.88601245115238,41.51812839811792,42.28789138793945,51190784
2003-10-10,44.69271761254606,45.07308116669539,42.55317262045609,44.02280044555664,82874432
2003-10-13,44.70223895019115,45.450606305282854,44.21727528576662,45.14726257324219,53112512
2003-10-14,45.3635783208222,45.88135002445595,44.70364853613896,44.90333938598633,38866560
2003-10-15,44.9033648329029,45.21573948223857,44.33472290023439,45.02983856201172,33385344
2003-10-16,45.4404431687705,45.4404431687705,43.74262644248142,44.16851043701172,31405952
2003-10-17,44.44846958127316,45.30691641867972,43.87617168966878,45.1652717590332,43538688
2003-10-20,45.16383917082524,45.545371075119434,43.69494133929259,44.094120025634766,29526016
2003-10-21,45.78381403240898,45.78381403240898,43.122629841775215,43.417362213134766,31924608
2003-10-22,43.864246544022485,43.864246544022485,42.779265180742776,43.04395294189453,37824192
2003-10-23,42.922337030707205,43.494634857783296,41.78727967367295,42.141151428222656,31692032
2003-10-24,49.59914158263391,49.59914158263391,42.14114851344251,43.44169616699219,33502976
2003-10-27,43.561396630625005,43.577613596326195,42.350033072033064,42.412986755371094,22341824
2003-10-28,42.82361487502604,43.25617758232361,42.35003935292543,42.60852813720703,35969600
2003-10-29,42.93187432248076,43.6825401510324,42.93187432248076,43.59287643432617,26779456
2003-10-30,43.97156167128707,44.58201285284073,43.351572190021635,44.034515380859375,32636544
2003-10-31,43.87616361826211,45.352214992159084,43.20848286754943,45.199127197265625,36349120
2003-11-03,45.354590607723715,47.805932308288384,45.354590607723715,47.493553161621094,47987264
2003-11-04,47.98955713999556,48.83035709535664,47.605640682875595,47.94377517700195,39572480
2003-11-05,48.07301099611902,48.07301099611902,47.07387450765801,47.62995529174805,30089216
2003-11-06,47.50214845291679,49.10029289555408,47.50214845291679,48.41067123413087,42925056
2003-11-07,48.35918954057736,48.931487641649284,47.10013371821913,47.521728515625,26511744
2003-11-10,47.21457412234802,47.69148901247274,46.138176283862116,47.08437728881837,16134784
2003-11-11,46.64226508046827,47.497852051334405,46.38759072720326,46.959888458251946,26501632
2003-11-12,47.02382541702949,47.21459144306207,46.07142510058713,46.43531036376953,32659520
2003-11-13,46.83495013381577,47.10679161190621,44.84001149063351,45.279727935791016,36438080
2003-11-14,45.25921528178296,45.46905779731493,43.69827404658411,44.12320327758789,30748096
2003-11-17,44.09553575624218,44.5915270734225,43.780772035723906,44.10459899902344,28108864
2003-11-18,44.16042673853669,45.163857926484354,43.69495948494716,43.99971008300781,38117888
2003-11-19,43.70447911529997,44.91584289697677,43.54232805791016,44.465633392333984,45068736
2003-11-20,44.84145203596588,45.18292126894858,43.783175924591774,44.08458709716797,24759616
2003-11-21,43.8761688131655,44.72507729672457,43.82943208655628,44.557682037353516,25343552
2003-11-24,44.33116079285661,44.59155453177198,42.350053929640126,44.12465286254883,21499136
2003-11-25,44.73462538870156,45.27353931929039,44.71554878938868,45.14620208740235,23171392
2003-11-26,45.14620208740235,45.14620208740235,45.14620208740235,45.14620208740235,0
2003-11-27,45.593057059309174,47.30995042137521,45.593057059309174,47.00806427001953,44810880
2003-11-28,46.54689703346813,47.309960919262686,46.502544876580785,46.98518371582031,19407168
2003-12-01,47.30995065647933,49.551450334760105,47.30995065647933,49.24908447265625,35861120
2003-12-02,49.60870146290983,49.980695186627095,48.422137798732514,49.00874328613281,25256512
2003-12-03,48.97914233110981,49.1126784543105,48.31146171510637,48.59141159057617,27386560
2003-12-04,44.83000016326685,48.635781028191,44.83000016326685,48.280479431152344,27833408
2003-12-05,47.91325149818783,48.376813674436356,46.661349988381005,46.83828353881836,23658048
2003-12-08,46.73764507569054,47.07148539765976,46.42288134354813,46.79058074951172,19881472
2003-12-09,47.0347656653085,47.77732291317126,47.0347656653085,47.49546813964844,19140608
2003-12-10,47.214571791827055,48.07301855167845,47.03668347806553,47.373863220214844,26606144
2003-12-11,48.06348973227957,48.06348973227957,47.138274708657605,47.47974395751953,20852800
2003-12-12,47.69148892956848,48.16554419247718,47.453031484920636,47.9976692199707,22952896
2003-12-15,48.168404226862556,49.19854039646675,48.168404226862556,49.019222259521484,18615168
2003-12-16,47.69530994761568,50.02360969230232,47.69530994761568,49.87433624267578,40511296
2003-12-17,49.02685786150083,49.58007921480181,48.645325893707046,48.85421371459961,28048256
2003-12-18,50.53389209831648,50.53389209831648,48.70444879243571,48.92049026489258,26063424
2003-12-19,49.49852329992403,50.77903982921209,49.29583446381698,50.1790771484375,37655744
2003-12-22,50.21913806321281,50.98220188943447,49.59914870440771,50.77521896362305,22904256
2003-12-23,50.75851531553395,52.22216864488555,50.74373282023582,52.00135803222656,38820544
2003-12-24,51.98373193426476,51.98373193426476,50.993178606207934,51.73430633544922,21936704
2003-12-25,51.73430633544922,51.73430633544922,51.73430633544922,51.73430633544922,0
2003-12-26,51.8377877484046,52.07910481435755,51.268824571559044,51.46197509765625,17095616
2003-12-29,51.745258600828684,52.68954995594058,51.53541607747048,52.44632339477539,19784704
2003-12-30,53.392517321222165,57.08669721810192,52.36524105720627,52.80447769165039,24877824
2003-12-31,52.699086566531875,53.55753322553421,52.699086566531875,53.07775878906249,16057728
2004-01-01,53.39539004738269,53.93716348895186,53.252315583161405,53.76118469238281,11811200
2004-01-02,53.89137515067072,54.463672939881384,53.56707307011801,54.05161666870117,17143168
2004-01-05,54.84519914037138,56.70516676339267,54.17751845518425,56.149085998535156,24806720
2004-01-06,56.75287647633146,57.3251743903785,53.72303686785522,54.22522735595703,24549504
2004-01-07,54.82611770492039,55.293494143253916,53.350066606305845,54.30342102050781,38803008
2004-01-08,54.57098042914286,56.220630719484106,54.57098042914286,55.780914306640625,37550336
2004-01-09,57.2297853738603,58.183615130091304,55.0455152320913,55.51861572265625,48744256
2004-01-12,56.266434705628754,56.266434705628754,54.19662349506401,54.560508728027344,22238464
2004-01-13,55.03599593737382,55.40798967074601,54.226195126199805,55.26110076904297,22870912
2004-01-14,55.264885014921866,55.37695998884753,54.17751931045154,54.42074584960937,22004800
2004-01-15,54.38020862684896,54.93104520623076,52.69908400146292,53.046756744384766,34165760
2004-01-16,52.93754528688457,53.03197349024637,52.196897499164855,52.68859481811523,26454976
2004-01-19,52.794463874416834,52.794463874416834,51.37325789116695,52.48542404174804,30427712
2004-01-20,52.699081637202205,53.605219692502516,51.27787563467856,51.607421875,23610944
2004-01-21,51.74526143197752,52.93754856174659,50.88681469854379,51.468650817871094,29010368
2004-01-22,51.506799465015824,52.889852413613475,48.20035001972197,49.35305404663086,51104832
2004-01-23,49.84094654685213,52.52740725575991,49.599149760296264,52.09103012084961,36731904
2004-01-26,52.09103012084961,52.09103012084961,52.09103012084961,52.09103012084961,0
2004-01-27,51.506797033104036,53.60522209741568,47.872706353546135,53.046756744384766,28154944
2004-01-28,52.50834370156575,52.9795348098472,50.93452413557876,51.67326736450195,24251072
2004-01-29,51.02989290137595,51.467224784163996,49.604392441397145,50.10563278198242,37042880
2004-01-30,51.39995788719368,51.39995788719368,49.36544159865995,49.72121810913086,25131136
2004-02-02,49.72121810913086,49.72121810913086,49.72121810913086,49.72121810913086,0
2004-02-03,49.980685274812615,50.171451249143956,48.86899842234566,49.57721710205078,37488448
2004-02-04,49.61202574433722,51.400931617582394,49.61202574433722,51.12432098388672,25612352
2004-02-05,51.316052450858585,52.88033360363569,50.552988473894146,51.88310623168945,47011712
2004-02-06,51.614589636149475,53.27139384666604,51.51873160506803,53.01910400390625,37574016
2004-02-09,53.40492838359724,54.46367941959996,53.228944929529106,53.89567565917969,32914240
2004-02-10,53.89136617440061,54.320589444816186,52.36619375166469,52.53645324707032,30173888
2004-02-11,52.93756609381106,53.15694699834397,51.936044573117336,52.187854766845696,24955968
2004-02-12,52.46065212545075,52.59418833086099,50.69606655395831,51.05995178222656,59246720
2004-02-13,51.20157688944456,51.783412990460974,50.79143012971168,51.27979278564453,40205760
2004-02-16,51.52159147995403,51.85972600556559,50.95501751263672,51.08712387084961,27349376
2004-02-17,51.125276614313165,51.69757448686145,50.95358725254869,51.48773193359375,23235904
2004-02-18,51.88832197182633,52.07908786142863,50.75326492869263,51.04322814941406,26329984
2004-02-19,51.02987913985549,51.02987913985549,48.47361603527955,48.70539474487305,36728384
2004-02-20,48.635772804246606,49.930121474321254,47.834555915531816,48.31290054321289,52873792
2004-02-23,48.416391125474426,49.2557611843873,48.26377838749027,48.48220443725587,31885440
2004-02-24,48.26282136420927,48.77884409180522,46.98564450454292,48.10973358154297,41712448
2004-02-25,54.082141426466166,54.082141426466166,47.03334027758459,47.38005828857422,28607872
2004-02-26,47.69149637769704,48.16841134147401,46.12817005791067,46.59554672241211,41546176
2004-02-27,46.642284969130195,48.588098084406795,46.35756579505266,48.287166595458984,37689664
2004-03-01,48.62623822129994,50.839123130547016,48.62623822129994,50.73754119873047,40953024
2004-03-02,50.73754119873047,50.73754119873047,50.73754119873047,50.73754119873047,0
2004-03-03,50.552966302708,50.67696414458257,49.122221973386075,49.456062316894524,29994368
2004-03-04,49.74222362594099,51.26644176978515,49.24909176079445,50.40990447998047,45102144
2004-03-05,50.54344183073181,50.82339181254252,49.83999234308952,50.06366729736328,22380416
2004-03-08,50.066524143561075,50.066524143561075,48.64531779999266,48.74594497680664,24954240
2004-03-09,55.56058337266722,55.56058337266722,46.4515091888222,47.54745864868165,50456320
2004-03-10,47.1954942203576,47.26226230029748,46.26217091429516,46.759117126464844,38215872
2004-03-11,46.63082808355106,46.91888653797101,45.83152059665597,46.31415939331055,28511424
2004-03-12,46.59458559894694,48.87423881453513,45.545372821897985,48.04440689086914,51212992
2004-03-15,49.14655083863568,49.44653214525103,46.73765577000965,47.12348175048828,30844672
2004-03-16,46.74100243621295,47.50072698758204,46.122917893035456,47.14208602905273,30103616
2004-03-17,47.4530225243366,48.83321581628434,47.4530225243366,48.100196838378906,34600128
2004-03-18,48.634827346595586,48.64532040600072,46.92842674461246,47.09248733520508,24171648
2004-03-19,47.04288370883621,49.856681497584525,47.02380711365825,49.49613571166993,44321792
2004-03-22,49.59913782612489,49.59913782612489,47.99050518175755,48.4125747680664,18716864
2004-03-23,48.16839995814341,49.92153708773076,47.8469574855731,49.309181213378906,24403456
2004-03-24,48.98251386709611,49.40839806566621,47.62807515564349,48.14457321166992,28319680
2004-03-25,48.16840854539202,53.41447284241491,48.07302555817342,49.28438949584962,29444160
2004-03-26,49.936321451938674,51.029886212857704,49.88529063425155,50.643585205078125,27476544
2004-03-29,50.55201776863272,50.78189165066694,49.188996101143765,49.723140716552734,19412864
2004-03-30,50.171452140132985,50.52436919891339,47.8917987063893,48.057289123535156,29782976
2004-03-31,45.173860768482214,48.15887341267442,45.173860768482214,47.10203170776367,42513600
2004-04-01,47.22458772141522,49.06500415507186,47.22458772141522,48.750240325927734,26651008
2004-04-02,48.883773517608645,49.11269265213013,47.30995446777344,47.69148635864258,36836224
2004-04-05,48.149332791270425,49.966378729609765,48.07302640015906,49.35497283935547,32154304
2004-04-06,56.705176293197695,56.705176293197695,50.018830022124256,50.67601776123047,64156288
2004-04-07,51.506812853433836,51.506812853433836,50.2668340254808,50.7943000793457,26629568
2004-04-08,51.41142077066739,51.49726544356832,50.36220810187826,50.66838836669922,24899584
2004-04-09,50.66838836669922,50.66838836669922,50.66838836669922,50.66838836669922,0
2004-04-12,50.9345099656321,51.10619932506682,48.572351460217206,49.0578498840332,36248128
2004-04-13,56.17057739815615,56.17057739815615,51.03944670762897,52.401039123535156,78408320
2004-04-14,52.401039123535156,52.401039123535156,52.401039123535156,52.401039123535156,0
2004-04-15,53.20175535787571,53.20175535787571,50.55439851384174,50.90016174316406,71227328
2004-04-16,51.45910206221447,52.145859309383965,51.178197408583685,51.40998077392578,36977024
2004-04-19,51.506810879701355,51.506810879701355,50.71608688118928,51.134342193603516,22941888
2004-04-20,51.36373721664376,51.7901010208339,51.13720262817667,51.32796859741212,19525184
2004-04-21,51.30650726984903,51.93603496641159,51.02989661529881,51.75003814697265,21904064
2004-04-22,51.7929553909804,51.96464474586763,51.240688897567516,51.37136077880859,14137600
2004-04-23,51.697575542069345,52.02569206421987,50.45902660614148,50.62117767333985,34524800
2004-04-26,50.62117767333985,50.62117767333985,50.62117767333985,50.62117767333985,0
2004-04-27,50.53198541082924,50.53198541082924,48.693003705809126,48.98535156249999,28616000
2004-04-28,49.07453693713438,49.303456059873206,48.412100362760334,48.66677474975586,28258624
2004-04-29,48.63577861175499,49.25290831863008,47.79640843763567,48.06109619140625,43605184
2004-04-30,48.454549020738064,49.53046706517904,48.1979697615317,49.085506439208984,30273216
2004-05-03,48.369673471027724,49.77943233086963,48.369673471027724,49.4522705078125,22498048
2004-05-04,49.83761051502658,50.304987149521565,49.54192325646853,49.78944396972656,17846592
2004-05-05,50.066537426672895,50.34314813068766,49.6978830577968,50.18004226684571,20423104
2004-05-06,50.55296752647397,52.343307503520315,50.36363142416949,50.52673721313476,14392768
2004-05-07,50.31452347747087,50.55298093471007,49.646842597201115,49.78371810913086,11201984
2004-05-10,49.12222866230453,49.408377567133485,48.74069678919925,48.888065338134766,14165504
2004-05-11,48.63578925500534,48.836093544935736,47.83457209528374,48.1312141418457,26232064
2004-05-12,48.1684004606174,49.02684720149969,47.98287871866696,48.486503601074226,24579968
2004-05-13,48.63292964506522,50.26683849054697,46.747205966256296,49.53954315185547,33562048
2004-05-14,49.837601035533275,50.03695050820111,48.34008843025505,48.54754638671875,31301120
2004-05-17,48.165531063459284,48.165531063459284,39.346422403052244,43.101646423339844,31777600
2004-05-18,45.27828977565793,47.425361073363554,44.365473012450344,46.555946350097656,45230720
2004-05-19,47.78687466043505,48.158868295516285,46.1653639434143,47.43061828613281,21176960
2004-05-20,48.301929014058246,48.301929014058246,46.900274609914014,47.00424575805664,18078592
2004-05-21,46.92841256637283,47.40532732822621,46.31796167120049,46.833984375,20265792
2004-05-24,47.69148686517699,50.88538667201225,47.52313684801727,50.731819152832024,38852608
2004-05-25,50.311656736817085,51.49726518361534,49.29391859028044,51.08520889282227,39751744
2004-05-26,52.451826546067636,52.451826546067636,51.10665797826289,51.506309509277344,23094400
2004-05-27,51.1748872985307,52.51030816708283,51.08082393379103,51.64033508300781,22419584
2004-05-28,51.418588429101646,52.22763920438419,48.85692113119172,49.300922393798835,35431808
2004-05-31,49.61528123466464,51.17489714773858,47.763237337889336,50.6962890625,34813312
2004-06-01,50.70261540316589,51.98393903705565,50.70261540316589,51.540908813476555,28710336
2004-06-02,51.610617597967874,52.39139651966388,51.15101446835232,52.02781295776367,17547008
2004-06-03,52.24712084598337,52.49081077530232,50.8434668531062,51.09154510498047,30415040
2004-06-04,50.687506650595736,51.09690574277362,50.219621973821006,50.85662841796874,19523392
2004-06-07,51.27236048202702,51.7792355286174,50.22059571226575,50.75963592529297,21086016
2004-06-08,50.93121026399833,51.1690507533171,49.91843557066275,50.47258758544922,31877952
2004-06-09,50.700671512029686,51.11445420528525,50.5071807333173,50.90195846557617,16769088
2004-06-10,51.12323071167377,51.535066739879674,50.541297189292315,51.40054702758789,16670208
2004-06-11,51.467304666723166,51.467304666723166,49.537766217672825,49.816062927246094,29788544
2004-06-14,49.7117935483947,49.943299091519535,48.56498914668214,48.679523468017585,22198208
2004-06-15,48.88421455805509,49.85897456918281,48.88421455805509,49.53876495361329,22293952
2004-06-16,50.20013465243835,50.44382462647931,49.725914914868596,50.1611442565918,21901504
2004-06-17,50.20013671239285,50.882468667706924,50.02467992388351,50.683128356933594,19065792
2004-06-18,50.687510689412875,51.6388772265742,50.34878165163266,51.31623077392578,28632320
2004-06-21,51.418588715371,52.39334869101784,51.32306414158568,52.1628189086914,26522560
2004-06-22,51.81189259814941,52.562943071181735,51.56479005307014,52.39772415161133,23141632
2004-06-23,52.58829074847741,52.62728114013523,51.61353095703205,51.89036178588867,26169152
2004-06-24,52.04924381521776,53.01717826021158,51.71197601869962,52.72621154785156,32614720
2004-06-25,52.73451402613269,53.61179799329572,52.31536724182148,53.45486068725586,28886528
2004-06-28,53.90420969333243,54.76199820201476,53.731189852092534,54.566070556640625,31393024
2004-06-29,54.635295978654405,55.1709284826657,54.20640159452224,54.45691680908204,44017472
2004-06-30,54.294116334678556,54.78149619405628,53.622507840369835,53.846702575683594,39124224
2004-07-01,54.39161420013968,55.19871366831341,52.995755817196645,54.92968368530274,28275440
2004-07-02,53.23163406284822,55.795252403542065,53.23163406284822,55.49697494506836,24930048
2004-07-05,55.61199395730147,56.34111233069463,55.38584779636797,55.734809875488274,15505536
2004-07-06,55.63927668569132,55.990190133603875,54.82632814994087,55.61978149414062,19217968
2004-07-07,54.748373477819364,55.48334159766633,54.00560442189309,54.29218292236328,28427936
2004-07-08,54.586549386186505,55.34296395102325,51.90791133084925,52.72475814819336,37858080
2004-07-09,50.68750584966236,54.19079135974253,50.102650012935484,53.904212951660156,22787760
2004-07-12,54.07968013602526,54.567060093992325,53.192648612525204,53.65663528442383,22648144
2004-07-13,55.561303692989185,55.84983352022095,54.15764970495577,54.69376754760742,38728000
2004-07-14,55.36633539659189,56.34109482258823,55.132393134352775,55.39752960205078,29463584
2004-07-15,55.53792499816384,56.493189768686946,55.30008451741701,56.28068923950195,21826416
2004-07-16,56.28262129299452,57.89292611292908,56.28262129299452,57.6180419921875,34887056
2004-07-19,57.627787499223764,58.17365287472386,57.00394135579509,57.63753509521484,22012128
2004-07-20,57.47183703272358,57.69408036029785,56.26898440766354,56.45029067993164,21665664
2004-07-21,56.57506388403465,56.9259774436186,55.569109776066085,56.04089736938476,22177072
2004-07-22,56.69204686439965,56.925989286123446,55.760175265952384,56.2514533996582,19465920
2004-07-23,56.53606454030921,57.109221359752325,56.2631318149422,56.73686599731445,15554320
2004-07-26,56.099362521330434,57.12090860761901,55.84007553375767,56.90841293334962,14673152
2004-07-27,57.31587713000022,57.955320520643355,57.04489580522016,57.6784896850586,23371088
2004-07-28,57.705781704005354,58.992464674432505,57.5537182192228,58.80921173095703,31335104
2004-07-29,58.85795266337893,60.24016026200283,58.85795266337893,59.87364959716797,21491184
2004-07-30,60.08808955831179,61.01996083868866,59.65529717775952,60.57157135009766,25009120
2004-08-02,60.435105963660384,61.07065123988011,60.435105963660384,60.669048309326165,17539728
2004-08-03,60.82111866230797,61.68280544768468,60.782128266955446,61.48395538330078,23723440
2004-08-04,61.565834756606485,61.565834756606485,60.123190116964665,60.36103057861328,17101728
2004-08-05,60.20116182676987,60.980969622453415,60.20116182676987,60.73923110961914,18405328
2004-08-06,60.47409842626204,60.70804077994197,58.928128420446626,59.53053283691407,23971584
2004-08-09,58.94566313317023,60.11147178136782,58.40759394202652,59.82099533081055,19569968
2004-08-10,60.08419301635099,60.08419301635099,59.14842362479199,59.4642448425293,15133312
2004-08-11,59.85025861015306,60.22846355226549,58.29843892607489,58.64545440673829,21258032
2004-08-12,58.641550529565954,58.988565975969955,58.01770424733653,58.432952880859375,22696432
2004-08-13,58.09568553904167,59.61241277784732,57.516679155214106,57.69993209838867,21489920
2004-08-16,57.822742070046466,58.21264592756532,57.393847826775726,57.98649978637695,16502032
2004-08-17,58.446590751660814,58.68053307621716,57.55176326406029,57.80324935913085,15134480
2004-08-18,57.82275135457155,58.407607234759396,57.666789786521456,57.970916748046875,17098976
2004-08-19,58.48558685615506,60.04520250565253,58.48558685615506,59.91848373413086,31323920
2004-08-20,59.8502599182915,60.606674578619085,59.46035594488244,60.310348510742195,24660640
2004-08-23,60.747019969498666,61.64379882655802,60.479936783549036,60.807456970214844,22006368
2004-08-24,60.82500933827285,61.31823873129511,60.32788185810427,60.66514968872071,17164864
2004-08-25,60.67294440108652,60.996566539108535,59.1094307275551,59.85219955444336,20150288
2004-08-26,60.16217309386923,60.74702895673899,59.74887590268844,60.261600494384766,20723296
2004-08-27,60.54817639418569,61.253901487416535,60.090039320680184,61.03165817260742,15277728
2004-08-30,61.292913448435165,61.71401170419925,60.66906700112285,61.505409240722656,12084944
2004-08-31,61.604816191009554,61.99082200386704,60.94782907151925,61.429359436035156,13549504
2004-09-01,61.409872780373014,61.955738316198556,61.214920803292465,61.651611328125,8008016
2004-09-02,62.191627156400145,62.90709990335759,62.191627156400145,62.487953186035156,18522576
2004-09-03,62.57957266053869,62.84470920242957,62.10973658190773,62.64195632934571,14033472
2004-09-06,62.77452488977117,62.969476830422636,62.540582560989414,62.69264602661133,7469520
2004-09-07,62.62050633216792,63.14492507810943,62.38461261190188,62.98506546020508,11782048
2004-09-08,63.125451695368845,63.5543460552509,62.85251892089844,63.359394073486335,13429216
2004-09-09,63.398370448054045,63.67130316216006,63.00846657075974,63.26775360107421,13698032
2004-09-10,63.55822004713524,64.87804351140333,63.267743608257774,64.4920425415039,18587072
2004-09-13,65.6987963479863,66.27975401538068,64.33413292236048,65.34203338623047,18370576
2004-09-14,65.49216555673354,66.50981868910249,65.39859241499045,66.3265609741211,30164176
2004-09-15,66.5955797988201,66.74569183415781,65.69880091394137,66.32264709472656,21460064
2004-09-16,66.17644127794466,66.3616456356234,65.50970654221506,66.08676147460938,16680048
2004-09-17,66.12574711675448,66.12574711675448,65.12369604152666,65.8820571899414,20388080
2004-09-20,65.54283808597432,65.54283808597432,64.52908806203897,64.6265640258789,20823424
2004-09-21,64.7299058104547,65.54285460181731,64.62268222321198,65.35375213623047,27698816
2004-09-22,65.35374883751446,65.49216187831775,64.52910106533957,64.86051940917969,23176304
2004-09-23,64.71625664029506,64.71625664029506,63.39837944420759,63.5660400390625,23091104
2004-09-24,63.76878796663277,64.20938131284696,62.69265406811618,62.928543090820305,20775696
2004-09-27,63.16445849266797,64.1314224771249,62.940263655425476,63.932567596435554,16671776
2004-09-28,63.89357277818796,63.89357277818796,62.42363645933243,62.8486328125,18208848
2004-09-29,63.018229546802715,64.1742957770231,62.78428716333431,63.940353393554695,20993216
2004-09-30,65.11394522106427,66.36163758458166,64.14308364878856,66.10820007324219,34462048
2004-10-01,67.64833784866278,67.7263186415719,65.93471182831279,66.41039276123047,20852576
2004-10-04,67.06348065910763,67.92126936521248,67.06348065910763,67.37150573730469,18128336
2004-10-05,67.46313366145804,67.79650345594081,66.79250074431963,67.08297729492188,13884688
2004-10-06,66.6735754734284,66.6735754734284,65.50386362301738,65.7319564819336,29443040
2004-10-07,66.28366837715411,66.7515530951105,65.51555953567018,66.49811553955078,15432096
2004-10-08,66.59558275645843,67.42997801222945,66.32265004024343,66.5975341796875,20248128
2004-10-11,66.48836524492448,66.85877396495192,65.51750354262293,65.75924682617188,14722064
2004-10-12,67.53136415671479,67.80429692178234,66.36165230642527,66.72621154785156,36566784
2004-10-13,66.72621154785156,66.72621154785156,66.72621154785156,66.72621154785156,0
2004-10-14,67.14534193153509,71.15745355222928,66.71839911404912,70.74805450439453,49699776
2004-10-15,70.78900175290924,71.58635329399573,69.29566796936489,69.66607666015625,17571888
2004-10-18,70.41875359983365,70.41875359983365,68.47353816863337,68.86257934570312,25400864
2004-10-19,69.59765269526572,69.78141986905497,68.38946776973474,69.12258911132812,31222048
2004-10-20,69.28486867447386,70.16461446746239,68.50678144075651,68.76875305175781,26192688
2004-10-21,68.82934576900753,69.78533893434611,68.62016275167164,69.58788299560547,21814288
2004-10-22,69.58788299560547,69.58788299560547,69.58788299560547,69.58788299560547,0
2004-10-25,69.79903383444574,71.62695013679202,69.79903383444574,71.17339324951172,31941936
2004-10-26,71.20074772821967,73.11663824918769,71.1616479216693,72.76473999023438,24678512
2004-10-27,73.19486461619744,73.50375415543459,71.64455576522722,73.03064727783203,18445424
2004-10-28,73.507639416533,76.54569260452469,73.507639416533,76.19770812988281,45555712
2004-10-29,76.0882342220269,76.44013253035077,74.32874268040757,74.53792572021484,26163552
2004-11-01,74.60242243434058,76.35604760458796,74.09412500685295,76.09017181396484,20272976
2004-11-02,76.0100362677765,76.0100362677765,74.5672522173677,74.7041015625,20692816
2004-11-03,74.99342530942594,77.22211417420034,74.99342530942594,76.67276000976562,26833088
2004-11-04,77.43719505259027,78.53980808938401,77.43719505259027,77.71871185302734,25218416
2004-11-05,78.78610132577155,81.6286550326728,76.68448696038188,77.28466796875,17506880
2004-11-08,78.1996283927627,80.88578371888349,78.1996283927627,78.8956069946289,39839408
2004-11-09,79.37262714311538,79.95912438801524,78.39708863493598,79.63655090332031,23967216
2004-11-10,79.95909929928216,80.15459831957381,78.78610517753229,79.80465698242188,28240464
2004-11-11,79.76360397729786,79.76360397729786,78.62970960703235,78.86821746826172,21130096
2004-11-12,79.76363268059355,80.06469938497196,78.78613718205686,79.26315307617188,4572400
2004-11-15,79.26315307617188,79.26315307617188,79.26315307617188,79.26315307617188,0
2004-11-16,79.64632273952928,80.29928773745247,79.4508236655491,80.11747741699219,19068224
2004-11-17,80.15461685618942,81.4214469823071,79.76361872518362,81.2063980102539,14579280
2004-11-18,80.93854864336024,81.32758977180048,80.43611235936261,80.65507507324219,10655520
2004-11-19,80.81929963151418,81.13209808195062,80.23280253694587,80.46154022216797,8931520
2004-11-22,80.11547584082248,80.11547584082248,78.43418474216199,79.29438018798828,9862432
2004-11-23,79.3725938136218,79.94735896310225,79.05979541435629,79.41365051269531,11034512
2004-11-24,79.17714123578413,79.84183822393639,78.91126053135218,79.1341323852539,8668272
2004-11-25,79.38432920684625,79.90826273066693,79.02069914229605,79.3569564819336,9810368
2004-11-26,79.3569564819336,79.3569564819336,79.3569564819336,79.3569564819336,0
2004-11-29,79.77142388816058,81.91409520900308,79.48990718849798,81.7498779296875,14059680
2004-11-30,82.1135075335135,84.79966233365823,82.109593734519,84.0333023071289,28184384
2004-12-01,84.06459183669334,84.26009088747634,82.15651919188076,82.43608856201172,20927696
2004-12-02,82.89160632307699,83.43900372332372,80.98940417556082,81.32369995117188,25157936
2004-12-03,81.32760317673788,81.5661158313181,79.92196694446416,80.2073974609375,25063136
2004-12-06,79.76359583906887,81.09298910305336,78.74700099013955,79.37846374511719,19835920
2004-12-07,77.8086082009778,80.69417558011378,77.8086082009778,79.75968933105469,16453888
2004-12-08,79.15366944866113,79.95912471368551,78.98162930153777,79.4273681640625,14876688
2004-12-09,79.72450715948199,80.54560311355218,79.56810793013528,79.84962463378906,12779168
2004-12-10,80.23281740607132,80.54561591447705,79.2005813737471,79.50556182861328,12232480
2004-12-13,80.54562138348872,80.54562138348872,78.79981363532436,79.66978454589844,6849888
2004-12-14,79.959094561868,80.33836072959292,79.80269535490102,80.2034683227539,6764560
2004-12-15,80.53385953865086,82.55923117302216,80.53385953865086,82.13499450683594,17621776
2004-12-16,82.10960371810835,83.36079767952714,81.48400673739896,82.90528869628906,10711152
2004-12-17,82.30510913258387,82.77430690436107,81.32761377471469,81.68342590332031,11021392
2004-12-20,82.48885128143648,82.93068095808714,81.9961994983045,82.65306854248047,7299728
2004-12-21,82.89162039949443,83.6501531074498,82.49866528984474,82.70003509521484,10934976
2004-12-22,80.1546431335367,82.8525311219338,80.1546431335367,81.38433074951172,24453024
2004-12-23,79.02069853419918,81.48398601943153,79.02069853419918,80.78410339355469,11333920
2004-12-24,81.3158561242856,81.3158561242856,79.65607144235103,80.74890899658203,16076928
2004-12-27,80.54560900351414,81.32760520743176,80.00994351300099,80.47914123535156,6694624
2004-12-28,80.38919742714207,81.0108804955195,80.04707414042636,80.61402130126953,8115072
2004-12-29,80.93659285587606,82.44975333488105,80.74109383931598,81.05975341796875,12955248
2004-12-30,80.93661009328397,81.91019158476077,79.4996920155409,80.082275390625,15631056
2004-12-31,80.54559520615042,81.91604522793001,80.07444066482785,81.7850570678711,12498704
2005-01-03,82.85250137300662,93.76134888743269,81.93365579383453,82.87400817871094,9104288
2005-01-04,83.08708683254983,83.08708683254983,81.32759558197817,81.72055053710938,10220864
2005-01-05,80.74110509242848,81.32760222385048,78.24262635798559,80.25235748291016,22197872
2005-01-06,79.81248302401387,81.87304099499814,78.1214163292001,79.91023254394531,27031104
2005-01-07,79.56811130644994,80.74110557632389,78.004118946618,80.1858901977539,33500080
2005-01-10,80.54561035492056,82.10960278899668,77.4567252976202,78.00021362304688,24651840
2005-01-11,77.80859819925473,79.08715968763045,76.2876150989658,77.09111785888672,34083200
2005-01-12,79.17713853179431,79.17713853179431,73.31803123502702,74.5340347290039,63117008
2005-01-13,80.1565698657952,80.1565698657952,75.4626356217096,76.96211242675781,35060464
2005-01-14,77.41762039509226,78.52414687859648,76.24462614668177,77.18302154541016,19852096
2005-01-17,77.49583784189556,78.7470319947415,75.66596448418761,78.10970306396484,19508400
2005-01-18,78.59061409335094,78.98161217341736,76.31891620275017,76.84676361083984,18835760
2005-01-19,76.44597471059656,77.79882683222468,76.2954414356029,76.59455108642578,12037472
2005-01-20,76.32283511042276,77.33943025021323,75.14984071835684,76.82135772705078,18539120
2005-01-24,76.63560829773189,76.82719827306119,74.0002808129086,74.50466918945312,18662816
2005-01-25,74.64152755776348,75.14982502148843,73.58583282541166,74.79206085205078,16201056
2005-01-27,75.46263162298364,76.81157503800588,75.2886393815207,76.32673645019531,19668176
2005-01-28,76.63561411583659,80.07053086537208,76.0569351204857,79.67171478271484,17999552
2005-01-31,80.5847098465867,82.0196709899974,79.45081533637271,80.88381958007812,23864720
2005-02-01,80.9365946858872,81.87498998659314,80.35009762294598,80.61402130126953,22166592
2005-02-02,81.05390638836977,82.46149955285665,80.70200809724805,81.00698852539062,12938256
2005-02-03,80.93658622270141,82.50057822700482,80.63160587269232,82.16236877441406,14813472
2005-02-04,82.69611576508834,82.88379680223666,81.22987257776407,81.53875732421875,9580576
2005-02-07,81.3275828580191,82.30507784429338,78.98159489096086,79.37063598632812,31089440
2005-02-08,80.54560333623019,80.54560333623019,79.17711007566317,79.90436553955078,17364464
2005-02-09,80.15463607526934,80.71766970057797,79.68739510585524,79.95913696289062,8274208
2005-02-10,80.35010305504181,80.35010305504181,79.19861565279066,79.9356460571289,7435616
2005-02-11,80.93659372836235,82.41065441994552,80.93659372836235,82.25035095214844,18523056
2005-02-14,82.89159920584106,85.22585601015584,82.89159920584106,84.83290100097656,21044864
2005-02-15,84.84656769053409,85.55036410455696,83.86907267105789,85.31185150146484,15539824
2005-02-16,85.39397592078916,86.23462174601671,84.84657863924564,85.38028717041016,16757232
2005-02-17,84.84658001253075,85.22976002498338,83.48590483864342,85.00102233886719,17528720
2005-02-18,84.84661237111902,85.38032111446638,82.14872469664564,84.6393814086914,6471376
2005-02-21,84.5337676326956,84.65106703274097,83.28257403221167,83.82605743408203,8007472
2005-02-22,84.02548463142675,85.04207960602753,82.25426147804819,84.49468231201172,8232832
2005-02-23,84.17016929164055,84.26010077472388,83.47810447983086,83.69706726074219,7623536
2005-02-24,83.86907491850228,85.04206897330651,83.67357590936824,84.62370300292969,13470832
2005-02-25,84.27376492044056,85.47217007409073,84.27376492044056,85.216064453125,10544240
2005-02-28,86.37147086110218,87.89440638517776,84.18383863958942,87.58747863769531,17478560
2005-03-01,87.58357472242119,87.58357472242119,85.04208706306522,85.28646087646483,11760288
2005-03-02,85.31577344815457,86.21506895196188,84.06653660312281,85.51322937011719,15075504
2005-03-03,85.27665505410629,87.07524566964453,85.27665505410629,86.58454132080078,14982720
2005-03-04,86.61587188102476,87.96677250297715,86.60609692651839,87.3568115234375,12496896
2005-03-07,87.38804554250687,88.44374005241635,86.90125498321837,88.05665588378906,12252080
2005-03-08,87.97458296014753,89.2531449899977,87.58358481365798,88.52589416503906,10757312
2005-03-09,87.97459569052045,88.86607350268862,87.04793185841787,88.04888153076172,8670176
2005-03-10,87.97459837060569,87.97459837060569,85.8241081882131,87.27275848388672,13265920
2005-03-11,87.58357598758091,87.97457409466833,86.22485756545215,86.59239196777344,9922640
2005-03-14,86.41057985251652,87.62267395904504,85.6285836547562,87.04203796386719,10515408
2005-03-15,86.01957655384274,87.18475272724235,84.45558425286377,86.44185638427734,6268288
2005-03-16,85.86318727236011,86.98534996916261,85.47610295135853,85.74980163574219,10693536
2005-03-17,85.82406969942531,86.17401103572665,84.88958820304286,85.28058624267578,8216112
2005-03-18,85.42133665416287,86.2150645544693,83.86711950403128,86.01760864257812,15457456
2005-03-21,86.37148298411216,87.927657379823,85.82408562703766,87.44868469238281,14841488
2005-03-22,88.32645686698,88.36555667081664,86.01956844061797,86.94818878173828,13384816
2005-03-23,86.70383433720231,86.95016506545937,84.11542865533664,84.54943084716797,11986160
2005-03-24,84.84657129633001,85.56991764148304,84.0645752475159,84.4203872680664,12574736
2005-03-28,85.04210050675374,86.68233589241443,84.72930197615419,85.47219848632812,10014304
2005-03-29,85.55039339869292,85.55039339869292,84.0646004603244,84.71366119384766,8419616
2005-03-30,84.26205002284587,85.62858651490644,83.75179557759343,84.85832214355469,9733296
2005-03-31,86.9853294066573,90.51604350974978,85.55428235124876,88.25607299804688,17932432
2005-04-01,88.36164546863336,88.36164546863336,86.5024573782484,87.42130279541016,13726912
2005-04-04,87.46627299105553,88.24826917336269,86.66081310493843,87.13978576660156,12920176
2005-04-05,87.9745701931925,94.73101909320005,86.52787726112668,86.85826873779297,7810144
2005-04-06,86.99704369923859,87.58354062305368,86.4496465703445,87.43887329101562,9296960
2005-04-07,87.11438688941556,87.7673518837697,85.06360352374334,85.56212615966795,11027536
2005-04-08,85.06164007874479,85.23758923082677,82.8134009132528,83.20048522949219,19671728
2005-04-11,83.20439327390126,83.20439327390126,80.94637931169835,81.24158477783203,11956640
2005-04-12,77.57404664906898,83.28262064642989,77.57404664906898,82.79582977294922,17246368
2005-04-13,83.6735859593408,83.6735859593408,81.60715736625679,82.16824340820312,19030976
2005-04-15,80.15461310677526,80.15461310677526,75.65813481054153,76.5222396850586,34920000
2005-04-18,76.2446175884832,76.2446175884832,74.28962739390671,74.83506774902344,26963280
2005-04-19,75.61903982564739,77.21040033679937,74.28964615756466,74.78230285644531,24550800
2005-04-20,76.24461959274888,76.62193366480577,74.02961468948214,76.16641998291016,26726288
2005-04-21,75.85362456174134,76.24462262649259,74.40693172216174,76.04130554199219,21352304
2005-04-22,77.41760169951428,78.51239606698215,76.15859008609608,78.17027282714844,24501168
2005-04-25,78.90341665493582,78.90341665493582,77.22212482333909,77.74606323242188,13649968
2005-04-26,77.37853162752961,77.4058995880605,76.34434346012205,76.58089447021484,9105984
2005-04-27,74.87613702150864,75.65813323061056,73.4294440346701,74.84290313720703,32434624
2005-04-28,74.68063844933035,74.87613750286262,73.89864223520124,74.50859832763672,22117360
2005-04-29,75.03250232375468,75.03250232375468,73.3668521063791,73.77349090576172,13801088
2005-05-02,74.17232614772641,77.6287496808349,74.17232614772641,74.88198852539062,11048400
2005-05-03,75.26714657964939,75.26714657964939,74.28965116952408,74.34634399414062,10467584
2005-05-04,74.28962917677069,76.12732000377501,74.28962917677069,75.75978088378906,11367104
2005-05-05,77.0266257013391,78.47331867136425,76.28959523741149,78.0099868774414,25562000
2005-05-06,78.31689502252281,79.37258956351539,78.08229623563558,79.04219818115234,15746112
2005-05-09,79.7245163314886,82.24645419484368,79.7245163314886,81.97666931152344,19673888
2005-05-10,82.10959440252591,82.85249073283448,80.15460405960863,80.51432037353516,18254896
2005-05-11,78.00411463288621,81.327598213736,78.00411463288621,80.77824401855469,16088160
2005-05-12,80.65118279151537,80.78021408426682,79.8027187541087,80.590576171875,11528144
2005-05-13,80.1545750441183,80.1545750441183,78.99722213465142,79.48596954345703,17406320
2005-05-16,79.76359707313222,81.51917438645077,79.76359707313222,81.24547576904297,16266704
2005-05-17,81.48400344797851,82.73519735888797,80.37357267038716,80.7000503540039,21067296
2005-05-18,80.54561469761829,80.6199005239012,77.92983625600841,79.85159301757812,22171344
2005-05-19,80.74110968769328,82.50060118209822,80.74110968769328,81.98252868652344,16827280
2005-05-20,82.65697815183779,84.06457096804695,81.09298613382761,83.69312286376953,15354560
2005-05-23,83.98638549043778,83.98638549043778,82.74692351690467,83.46049499511719,5803728
2005-05-24,84.53767980304029,84.98732749455505,83.61492072211371,84.27961730957031,14293024
2005-05-25,83.32170588444475,86.01959312331228,82.54557073724082,84.89351654052734,26165456
2005-05-26,84.65303932353228,87.11437027283368,84.65303932353228,86.22289276123047,32570192
2005-05-27,83.86908252791592,88.53759547126934,83.86908252791592,87.28445434570312,21380368
2005-05-30,85.86710723645524,87.62072820549737,85.65205825471506,87.11438751220703,14170784
2005-05-31,86.60604823370826,88.28733946352743,86.48874884558134,87.9921340942383,13518880
2005-06-01,88.42546274166297,88.66074113476716,86.5824486623467,87.13143157958984,12398224
2005-06-02,87.24906325172762,87.52355468667687,86.10404375206816,86.3216781616211,7483248
2005-06-03,86.62165030413544,89.2057871515311,85.87660215756298,88.45878601074219,12687696
2005-06-06,87.6529886541455,88.50391046880794,86.39817025139767,86.913818359375,7686736
2005-06-07,86.30798257926575,87.99414489226368,86.30798257926575,87.55692291259766,9777760
2005-06-08,87.15889861686647,90.3861365570085,87.15889861686647,90.04302215576172,16625040
2005-06-09,89.3136574527888,89.79794276390872,87.33144414796134,87.70984649658203,12899920
2005-06-10,88.22940839779741,89.01366980577784,86.26875487784636,86.74911499023438,11626192
2005-06-13,86.87066314618704,87.99411357431944,86.87066314618704,87.2118148803711,10288592
2005-06-14,87.83922923270393,88.62152797423622,87.24907068259981,87.64707946777344,7697024
2005-06-15,87.83726438722015,88.77837793422607,87.45297444082564,88.49015808105469,13633088
2005-06-16,88.2294030197127,89.99006594390491,87.65101026658348,89.4234390258789,17220736
2005-06-17,89.40580473360279,90.1077148975045,88.77839557757751,89.72343444824219,15500416
2005-06-20,89.99397813275522,93.43099921984086,87.62942855731193,92.97809600830078,24363104
2005-06-21,92.15070741620372,94.11136076548465,91.41938754632301,93.85647583007812,19560928
2005-06-22,92.36049792188875,94.65837782273175,92.36049792188875,93.68197631835938,25721616
2005-06-23,93.91529507559221,93.91529507559221,91.68602839648452,91.92523193359376,16440688
2005-06-24,90.97433407150939,91.95466094727996,90.27242385785951,90.7018051147461,15599808
2005-06-27,89.40970973091122,92.58204273210222,89.40970973091122,91.6958236694336,14611440
2005-06-28,91.91541770920973,91.91541770920973,89.71948622810233,89.9037857055664,14810544
2005-06-29,90.66059770319917,91.56249811287633,90.19200353548021,91.1566390991211,12836352
2005-06-30,91.83700790251602,93.71335708978894,91.75858176425596,92.4742202758789,19464224
2005-07-01,91.95466114150602,92.77813571889264,91.2958795648958,92.19190216064453,6114256
2005-07-04,92.15070319552777,94.10939388704715,91.45663385637253,93.88391876220703,7411168
2005-07-05,93.71926146048118,94.07217918146208,90.98022398546601,91.37824249267578,9015648
2005-07-06,91.3664447671169,92.53499606124234,90.89588797003304,91.9801254272461,18818304
2005-07-07,92.22911039526178,93.08787251724613,90.45079442452446,90.97036743164062,14838352
2005-07-08,92.07230231896742,92.38600692652778,90.59200870204194,91.5605697631836,10736608
2005-07-11,92.15070871334689,92.54283938872283,90.38808324223258,90.80962371826172,18666000
2005-07-12,90.97431041608047,90.97431041608047,86.08640571385874,87.10202026367188,48402112
2005-07-13,87.24906386141836,88.25880021846623,86.26873730117771,86.48048400878906,31356000
2005-07-14,86.85694535667037,87.14711822958945,83.33560994624563,83.75323486328125,29139952
2005-07-15,86.07266038121361,86.46479095242643,83.88260731158991,86.10794830322266,16012224
2005-07-18,86.11583363297594,89.4058066354671,86.11583363297594,89.09210205078125,23144736
2005-07-19,89.09208962268131,89.40579416360625,88.22940213513775,88.48036193847656,11030832
2005-07-20,88.80582558499705,88.80582558499705,87.48434722118826,87.57453918457031,10432608
2005-07-21,88.80580843047433,91.0193835873445,86.11187332450345,86.62164306640625,12175056
2005-07-22,86.73930424147647,88.1509746540864,85.37272502653495,87.78825378417969,17876544
2005-07-25,87.6412039632134,88.5705517281228,87.06281123012285,87.4020004272461,9055424
2005-07-26,87.44514121042172,87.64120654945854,86.62166678646707,87.30397033691405,8063296
2005-07-27,87.64119208774702,87.99410963977822,86.97457004502142,87.46865844726562,7306432
2005-07-28,87.46865844726562,87.46865844726562,87.46865844726562,87.46865844726562,0
2005-07-29,87.09218537626737,89.91552501926208,87.09218537626737,88.95284271240234,28194400
2005-08-01,86.34715563995503,89.18617727301286,86.34715563995503,88.79993438720703,7299632
2005-08-02,89.18620532559606,90.5037683475793,88.6431100334704,90.15869140625,13529184
2005-08-03,90.58218345861164,92.7389021123881,90.58218345861164,92.38794708251953,16539600
2005-08-04,92.73892533117012,93.40554762741955,90.3194804412482,90.71945190429688,11645728
2005-08-05,90.42531697395819,90.81941014433414,89.26853169610399,89.85672760009764,11954224
2005-08-08,89.87831179812368,89.87831179812368,88.22940042219938,89.03914642333984,9654112
2005-08-09,88.23922841649402,89.74696934486114,88.23922841649402,88.78233337402344,11292352
2005-08-10,89.56263902305784,91.24880079100508,89.32736063683265,90.77824401855469,12802928
2005-08-11,91.01353609470898,91.16842580757144,89.6018655650194,89.9312515258789,8460864
2005-08-12,90.5821790713145,90.5821790713145,88.31566202660457,88.67838287353516,11763968
2005-08-16,88.31567691984365,88.62154078948154,87.4451486551079,88.22744750976562,12505248
2005-08-17,88.15100030882279,91.3233345243422,87.74514111767847,90.8919906616211,20196512
2005-08-18,90.89590756558229,90.9743337153369,89.75285026231083,90.13713073730469,11132480
2005-08-19,90.97430853164057,90.97430853164057,89.13913522069846,90.24494171142577,7624864
2005-08-22,90.97431880392763,91.75858017292701,89.95477902422844,90.77629089355469,11903376
2005-08-23,90.58218137441602,91.17037735736677,89.50185950436267,89.60969543457031,14301312
2005-08-24,89.99399647642056,89.99399647642056,88.24117414602497,88.7862319946289,12144704
2005-08-25,89.01368121213378,90.44103332815993,88.87055731623863,89.08426666259764,9222448
2005-08-26,89.4057915807473,90.57434287663479,88.62153025109163,88.98621368408203,11712048
2005-08-29,89.60185656340128,90.45277818805562,88.23136180987821,90.23710632324219,11452032
2005-08-30,90.54297285824822,92.22717219268657,90.26848138574594,92.02914428710938,13123360
2005-08-31,92.22717769640104,93.44474542964578,91.37821856375798,93.17417907714845,12841792
2005-09-01,94.19372728181891,96.17006234838401,94.15451420848623,95.1171875,13538608
2005-09-02,95.09169662886481,96.06418269878031,93.32710844399928,93.55062103271486,10917808
2005-09-05,93.56236032351704,94.50347375510313,92.15069017613791,92.33695220947266,10117952
2005-09-06,93.71926238290752,93.71926238290752,91.95859889808709,92.69972229003906,9057808
2005-09-08,93.08006383938232,95.22501688813459,92.7389120396033,94.98973846435547,11959088
2005-09-09,94.73878912024836,95.47207170743015,94.1505929957435,94.78584289550781,9509824
2005-09-12,95.09168783565622,95.64067077573836,94.72112626580132,95.01129913330078,6922720
2005-09-13,95.44458784865736,96.07199680739957,94.76228443542561,95.92691040039062,11051552
2005-09-14,95.78184946186258,96.93470990069764,94.89563024259235,95.90340423583983,12849776
2005-09-15,95.99357929745725,96.26807074152677,95.48380947275669,96.09357452392578,6199904
2005-09-16,96.2680749260155,96.62099251230231,95.6798789488708,95.95240783691406,6707744
2005-09-19,96.07205068904487,96.46418150818383,95.33484283436236,96.0838165283203,6897808
2005-09-20,96.22888628835858,98.77773616967207,95.3740393365402,98.17385864257812,12896112
2005-09-21,98.38558803920154,98.4248011073718,95.09169031289905,96.54061126708984,13787296
2005-09-22,96.26025453193895,96.79354658626985,94.11333876251017,94.6015396118164,10259648
2005-09-23,94.85644048309622,95.67991516277586,93.0291071264048,94.05453491210938,13589840
2005-09-26,94.85642457070293,97.82485231288601,93.97413041905315,97.49742889404297,9939280
2005-09-27,97.4974364992422,98.30718269885148,96.4661306735002,97.1621627807617,14758576
2005-09-28,96.85629242113723,97.02882611669621,95.09170409767522,96.88766479492186,16086176
2005-09-29,97.05235126213901,99.6012008912457,96.940590179769,99.06005859375,22313104
2005-09-30,99.60122875683962,100.424703482782,98.1111316337058,98.6326675415039,14860080
2005-10-03,99.01298667829236,100.38544391937761,99.01298667829236,100.1129150390625,8202864
2005-10-04,100.38153804265117,103.38526315311806,99.40906152690563,103.04607391357422,21453312
2005-10-05,103.01274619135715,104.3459907176252,101.2991367590606,103.52055358886719,24255616
2005-10-06,102.73826313709696,104.49892648893747,101.32659234590021,102.31084442138672,25993216
2005-10-07,102.31085289892145,103.4401819666515,100.39529007329583,100.87368774414064,17069872
2005-10-10,102.93429590747682,103.75777027473664,101.24813410784958,102.82842254638672,19278240
2005-10-11,104.38519309213682,107.05168187134993,103.13037484309535,105.20474243164062,31311840
2005-10-13,103.99306290443806,105.24788115969523,101.69909828154604,102.84215545654295,32686992
2005-10-14,103.28721918080052,103.67934985346871,101.5618442210605,102.0127944946289,18580464
2005-10-17,102.91695398386068,103.34544319239401,101.51157541055166,101.8850326538086,15537200
2005-10-18,101.89488731114207,103.07225880019779,98.8679172791367,99.47920989990234,26224816
2005-10-19,98.86792569200563,99.22172741416391,97.1382283836763,98.4237060546875,24415248
2005-10-20,99.22169798278648,101.22657381365894,97.93818817711332,99.79564666748047,20649696
2005-10-21,99.85068361432168,101.10864498269109,99.10376905185235,100.36959075927736,14781568
2005-10-24,100.6368927168555,101.21476670475668,98.09542190188553,98.7224349975586,8743696
2005-10-25,99.65410987816693,100.57595761415102,98.55339387162307,99.11554718017578,12948432
2005-10-26,98.23891379009673,100.0354378250649,96.39128315859031,98.67723083496094,10297408
2005-10-27,98.86985452160488,99.26099990867928,95.96867961467854,96.95146179199219,16793296
2005-10-28,96.3126353606386,96.86299327698511,94.34707137368679,94.95246124267578,12237088
2005-10-31,94.50435547241617,99.6148239463821,94.50435547241617,99.14112091064455,14165904
2005-11-02,100.24377279762786,102.36264713659303,98.16224225844397,101.67863464355469,16822304
2005-11-04,101.67863464355469,101.67863464355469,101.67863464355469,101.67863464355469,0
2005-11-07,99.6148123679405,104.56410011423674,99.6148123679405,103.71694946289061,17561600
2005-11-08,103.66386418927686,104.7645802292085,103.39457803337213,103.93118286132812,13967440
2005-11-09,104.76456197556993,105.31491989964422,102.13267367958221,102.56902313232422,11048208
2005-11-10,102.60249336189912,104.80392616966401,102.28997044529386,104.3302230834961,14055392
2005-11-11,104.56406849266939,106.06183208046272,104.25548070711326,105.3955078125,11651168
2005-11-14,105.62941527596765,106.49426348440504,103.43191843988501,104.28103637695312,12823568
2005-11-16,104.7645779172899,108.05886562645567,104.37146505456086,107.74044036865234,22726016
2005-11-17,107.71293046350598,107.90948690595764,105.79061229532184,106.4176254272461,13644064
2005-11-18,106.9267205735614,107.88984728461001,106.14835502636,106.70657348632812,13989968
2005-11-21,106.88737913294875,107.31783576494415,104.48939085523273,105.2363052368164,14338112
2005-11-22,105.74736282431262,106.92670144317111,104.84320321652109,105.2186279296875,12690544
2005-11-23,105.1970545278504,105.96362499245917,104.72531885732192,105.4781265258789,10239136
2005-11-24,105.47217504018542,107.28049410535446,105.47217504018542,106.17781066894531,16120992
2005-11-25,107.12327990212637,108.49917524031882,106.45498788071862,107.73260498046875,13458752
2005-11-28,108.10605302420537,108.774344988355,107.75225139612614,108.43626403808594,12002480
2005-11-29,108.1060526663797,108.1060526663797,106.62008391386878,107.55569458007812,12830160
2005-11-30,107.7129029839188,108.37725975092246,105.20680898201192,105.52915954589844,12375648
2005-12-01,105.74734738850935,109.48191913643069,104.80387663113976,108.80969238281251,19262256
2005-12-02,109.48191584808836,113.79436138587602,109.48191584808836,111.69120788574219,34275584
2005-12-05,112.62684627029506,112.99636855868086,109.20676402753217,109.57628631591797,10846704
2005-12-06,109.67849308446623,111.32956717390981,108.97482487105346,109.83377075195314,12751936
2005-12-07,110.07159554172928,111.09368892890248,109.12812472280018,110.14432525634766,15383456
2005-12-08,110.46473888233388,111.71483998206494,109.87506945769509,110.9089584350586,12289840
2005-12-09,111.05440174120592,113.5703244709182,110.54532242086242,112.9629669189453,11613184
2005-12-12,113.3344340741267,115.41793216844815,112.67990502122404,115.02678680419922,12087616
2005-12-13,115.4179396244147,116.164854083837,114.1599784295982,115.84839630126953,17659152
2005-12-14,115.57518238524004,115.85036139091918,112.54821332276946,113.43468475341797,17530304
2005-12-15,112.62682846075717,115.32751174728324,112.62682846075717,114.69656372070312,24098512
2005-12-16,115.96831852721391,118.01250583684615,114.1993102784937,117.23807525634766,22891984
2005-12-19,115.33934942326698,119.30979055883274,115.33934942326698,118.86753845214844,11425008
2005-12-20,118.32698137809174,118.32698137809174,116.19434392302148,116.76239013671875,6876768
2005-12-21,116.55795391552601,118.20902779898371,115.49654927616035,116.91764831542969,10226992
2005-12-22,117.85523531561036,118.0124804594604,116.83314188058505,117.25770568847656,7761200
2005-12-23,117.54471488553553,118.52159487317576,116.95111045231307,117.19287109375,10458144
2005-12-26,117.22628540862385,117.54077577860004,115.57914593486734,116.00370025634766,6277424
2005-12-27,116.16484619329687,117.93188651961736,114.8321974820517,117.71370697021486,6468448
2005-12-28,117.89453889113761,117.93385017452913,116.44002140565176,117.48766326904297,6864528
2005-12-29,117.73728518074267,119.11317999921546,116.79381444807562,117.44048309326172,17621552
2005-12-30,118.32701361121515,118.67688034402823,116.91966714444847,117.81007385253905,13610048
2006-01-02,118.20904650699092,118.20904650699092,116.87246267551845,117.1220932006836,6648000
2006-01-03,117.54073653800154,118.52351861607848,117.1102799073001,118.20509338378906,7959936
2006-01-04,118.37021592292267,120.48909037801643,117.74516072332086,120.10777282714844,12552928
2006-01-05,120.44980050539965,120.68173329270579,119.55546859890558,120.09206390380861,7556560
2006-01-06,119.89941333323526,120.6856389944368,118.65128009607781,120.02520751953126,17007808
2006-01-09,120.68563129913512,121.07480913762218,118.9264514943676,119.34315490722656,16070784
2006-01-10,120.1058159379166,120.1058159379166,116.40072694285936,116.95697784423828,21501040
2006-01-12,115.96829586310781,115.96829586310781,108.61905272782187,111.55757141113281,78601776
2006-01-13,112.03715195843755,113.1771791187164,111.29023761204797,111.82487487792969,15359696
2006-01-16,111.26275150257403,112.23373849404157,108.98269656994552,109.29521942138672,22288528
2006-01-17,110.07162405666409,110.58070339842938,108.10999430979071,108.58565521240233,15081376
2006-01-18,108.89226558859198,108.89226558859198,106.14441045117961,107.70899200439453,20814656
2006-01-19,108.10604481203966,111.59295422884419,108.10604481203966,110.8932113647461,17848192
2006-01-20,111.840625302616,112.62685113954126,110.15023975322674,110.60625457763672,11981008
2006-01-23,110.15024319107683,110.15024319107683,107.56355818736422,107.89573669433595,17982992
2006-01-24,108.65641413222083,111.29027077001345,108.49916895981531,110.93450164794922,12704704
2006-01-25,111.29025432828675,112.62683809627042,110.50796355013627,111.16642761230469,17247776
2006-01-27,112.23372295206218,114.4312200283129,111.95854394657552,114.11672973632812,16767456
2006-01-30,114.00274616087313,114.9462171635838,112.12169701022538,112.54233551025389,8504976
2006-01-31,109.34632714167543,113.6096348769918,109.34632714167543,113.22831726074219,4869184
2006-02-01,113.4524095458172,114.98555021535527,112.31434935292636,113.06126403808594,12155984
2006-02-02,112.43026505412945,114.39582912850234,110.75167525411116,111.17623901367188,11890224
2006-02-03,111.17231158626312,111.17624655367108,109.33450905208427,109.55268859863281,13423888
2006-02-06,109.67850488345668,112.03914989193242,109.48980876200996,111.74234771728516,8457248
2006-02-07,111.64408416247598,113.6096490244914,111.26473398310087,112.9256362915039,12724864
2006-02-08,111.64405479099024,114.39584487386676,110.910903129331,114.10690307617186,20326704
2006-02-10,113.60966469244343,114.78900377229579,111.95858998065013,112.60133361816406,23660048
2006-02-13,112.50891203260407,113.21651525293491,112.03717655238351,112.51087951660158,13821120
2006-02-14,112.61896250149896,112.61896250149896,110.72416063013625,110.93250274658205,13125968
2006-02-15,110.85783709769758,111.82882403504964,108.36550516648008,109.13403320312499,28173536
2006-02-16,109.28539753634895,111.13499584220732,108.99645568588339,109.32864379882811,13848576
2006-02-17,108.10604290786131,109.99298474770762,107.94879775454079,109.49962615966797,15374384
2006-02-20,109.48196569840933,111.55170171364202,108.10607025875248,111.18807220458984,12612320
2006-02-21,111.25096022707088,111.78952302669458,110.22886659954301,110.76350402832031,8554512
2006-02-22,110.73989907393943,110.8578329387679,109.33648800197706,110.09126281738281,11238448
2006-02-23,110.46472598621392,111.6794410201652,109.12814211307112,109.85736846923828,18668240
2006-02-24,109.85538204104942,110.46077196961177,108.11782522509591,108.40283203125001,10003424
2006-02-27,108.89225117000018,112.37326711155539,108.78808011166386,112.05877685546875,19161632
2006-02-28,112.37329674324955,113.53101238425013,110.17186437014774,111.20967864990234,22055488
2006-03-01,110.81852870435078,114.59044513504304,109.87505772566884,114.20519256591797,20575840
2006-03-02,114.39582846322277,114.71031871329349,111.8405951813982,112.20619201660156,17470960
2006-03-03,112.43029812842383,113.29514657556555,110.11289932251127,111.02885437011717,13667856
2006-03-06,111.01504639527009,113.0946091123369,110.85780128706149,112.23369598388672,10632720
2006-03-07,112.43027228585242,112.43027228585242,110.18952909693859,110.83816528320311,18575472
2006-03-08,111.05438404965001,111.93495302577655,109.01019715740867,110.11680603027342,27120256
2006-03-09,109.5605762064394,112.2337441942535,109.2853971488703,111.76200866699219,14531072
2006-03-10,112.43030815851182,114.94623113828271,111.72270482045126,114.53346252441406,19642368
2006-03-13,115.02485836233639,116.92752135339612,114.39587759207072,115.38652038574217,17846048
2006-03-14,117.83166310900525,117.83166310900525,114.23861484983118,115.27839660644531,14881840
2006-03-16,115.41789833679724,115.53583215662367,114.18548608061954,114.85968017578125,20640000
2006-03-17,115.92901782408133,115.92901782408133,112.63276164715954,113.13594818115236,13591168
2006-03-20,113.01993409986504,117.18692993102528,113.01993409986504,116.63263702392578,14761520
2006-03-21,116.75454140434455,117.85525761960436,114.98553320124842,116.35160064697264,16013216
2006-03-22,116.36140713626392,116.36140713626392,114.04204125077757,114.78895568847656,7442064
2006-03-23,114.78896219897776,115.96830085170697,113.21651066200546,113.62731170654297,15045728
2006-03-24,113.62731818566357,114.59044480697735,113.21651711770185,113.85926055908203,10750080
2006-03-27,114.3958731359508,114.3958731359508,112.82735624019394,113.18901824951172,9298704
2006-03-28,113.99096189315078,117.04938260929005,113.41308776752369,116.36143493652344,17541456
2006-03-29,117.16141197832087,119.66160437027,116.01155669686892,119.3707046508789,13873744
2006-03-30,119.70678696117504,120.8428791558864,118.41540752677905,119.62422943115234,17695040
2006-03-31,119.86014528635958,119.86014528635958,116.75455280435813,117.20269775390624,15430112
2006-04-03,117.93390545914974,124.02715724120581,117.93390545914974,123.52200317382812,25084640
2006-04-04,125.08854470169456,125.2418549181177,122.65713718897362,123.9367218017578,18142096
2006-04-05,124.02711888647106,125.12783499703245,121.9043092446741,122.44483947753906,15241792
2006-04-07,132.28445039837106,135.5846310763996,124.01728468781434,124.4988479614258,62828320
2006-04-10,126.54305467517847,128.54793065791662,124.75242332404008,125.3755111694336,17288448
2006-04-12,126.77892939542043,127.3646638658815,120.51074517783209,120.90778350830078,27119824
2006-04-13,121.70777419065264,123.62223241427098,117.2262863813069,118.67491149902344,41107040
2006-04-17,122.84777763867763,127.55727196173049,121.8689303854457,126.97349548339845,41311184
2006-04-18,127.97200453372525,131.57488022033547,127.97200453372525,131.1424560546875,25208544
2006-04-19,131.69282179812086,131.96800082874378,127.76169278922173,128.89385986328125,14768784
2006-04-20,128.94102759014,129.33414047913433,127.21722373290682,128.807373046875,12678016
2006-04-21,129.33415767859879,130.69825766531702,127.8403285017639,129.79409790039062,15791040
2006-04-24,130.12034731684903,130.12034731684903,125.20643691968705,125.98480224609376,17742992
2006-04-25,126.18926930749494,126.18926930749494,122.25813942252626,123.51020812988281,20161728
2006-04-26,124.2237104727355,127.56517103924897,123.8305974649104,126.7769775390625,13430896
2006-04-27,127.0540796392389,127.0540796392389,122.33672519718796,123.15046691894531,30133936
2006-04-28,123.43744595647934,123.90918141873341,117.96924188419133,123.4236831665039,14637024
2006-05-02,125.37942984647577,127.17202858609537,123.90919137662213,124.39075469970703,15986176
2006-05-03,124.89195337207606,125.47965516769224,123.40598486854934,124.67180633544922,11678928
2006-05-04,124.69544332737674,126.75535160387899,124.69544332737674,126.2403793334961,7749232
2006-05-05,126.38575789962606,127.72234134242149,125.40297595639413,126.27175903320312,8049840
2006-05-08,127.17199788329529,127.34889865314841,126.58232865045157,126.90664672851562,4936400
2006-05-09,126.46440457400074,128.27272369442474,125.05509115963412,127.25652313232422,9276272
2006-05-10,127.17200520052333,128.62652272522791,127.17200520052333,128.0073699951172,7891680
2006-05-11,127.87962562424171,128.65602359721396,126.39168946742578,127.99952697753906,8911760
2006-05-12,127.17202529245785,129.13758982557155,125.44232850331777,127.45899963378906,8930512
2006-05-15,125.4030537750488,127.72242060035535,122.29746090726546,123.87384796142578,14559856
2006-05-16,124.22367256457126,129.7272529946472,120.33185497473184,123.83252716064452,13823072
2006-05-17,125.39907076551901,127.72237166997685,124.42022355662564,126.11846923828125,10362320
2006-05-18,125.52487553681377,125.52487553681377,117.93386210687501,119.26847839355469,16559056
2006-05-19,122.65123450887512,123.63401683667058,115.26267888800548,116.92947387695314,20115264
2006-05-22,118.9048494303798,121.77457341905337,109.08882285711198,111.00328063964844,21428240
2006-05-23,111.25092803573924,115.77172546475337,108.94532518593441,114.42137908935547,16092064
2006-05-24,115.5751720619901,115.61448334500439,110.5118768902543,112.46761322021484,18099376
2006-05-25,112.76847794521733,114.23884749420384,111.53320486525205,112.71070098876953,27061504
2006-05-26,114.36236647149008,118.5343992887253,114.23883528533625,116.92256927490234,14654752
2006-05-29,117.15166580506806,118.9049560416065,116.67349574055758,118.25543975830078,6655264
2006-05-30,118.50654607848769,122.92962160461819,117.80921435139504,120.59854125976564,16896048
2006-05-31,118.34715754702718,119.50273585304191,113.56545421179375,115.95033264160156,19133968
2006-06-01,117.51034843613607,118.1479088210049,111.77629361608182,112.76251983642578,23703648
2006-06-02,113.56539815478413,115.55777356100842,111.9714978298047,114.99990844726562,16122752
2006-06-05,116.27505721971609,116.51414232709043,111.98148716645207,112.53935241699217,16765696
2006-06-06,111.57304094665898,113.32433726869586,109.40334572107213,110.1943130493164,11165872
2006-06-07,109.7400986983702,111.17460979246655,107.58833205722568,110.10868835449219,15958592
2006-06-08,110.99130633903731,110.99130633903731,103.81676633437269,107.73975372314453,26215328
2006-06-09,106.91687230959486,112.56924706695341,106.91687230959486,111.35987091064453,14375360
2006-06-12,111.5730649942256,113.48574610841233,108.58450075330884,110.10667419433594,12858304
2006-06-13,109.46114189728554,109.58068446215334,104.41445717514263,105.1615982055664,14349504
2006-06-14,107.37712454884884,108.34542135993757,97.62643704738767,99.02906799316406,34819152
2006-06-15,102.0096460187053,110.0189971318927,101.21269565918416,108.66617584228516,19508336
2006-06-16,110.01899208481102,116.10370585494124,110.01899208481102,111.61886596679689,24844288
2006-06-19,111.57307531566647,115.15935273652718,110.57688714320517,114.41021728515626,17583840
2006-06-20,113.88420496644183,114.36237517623795,111.61289646991027,113.32633972167969,11280512
2006-06-21,112.56924916871506,116.95247656997476,111.97153634127056,116.48426818847656,13676704
2006-06-22,119.33137717804155,119.33137717804155,116.79508618803591,117.62391662597658,12335936
2006-06-23,116.79502144268284,119.94097974650114,115.15927955727186,119.20579528808594,10917136
2006-06-26,119.50271773443188,119.50271773443188,115.1593378634572,115.56578063964845,10961984
2006-06-27,115.75706826797096,118.74563285320257,113.25066266051685,118.24554443359375,16200736
2006-06-28,116.80300071833013,119.30343169319588,114.76081605758321,118.52640533447266,8796528
2006-06-29,119.30350130769965,120.33953705719871,118.95483543046439,119.28955078125,12236576
2006-06-30,122.88973133905499,124.72271695565567,120.53872804819758,122.6884994506836,14027008
2006-07-03,122.92962423312052,125.9181888417053,122.0270816126881,125.69305419921875,9845760
2006-07-04,125.9181477185507,127.10161697136522,124.92195984103051,125.50572204589844,9697200
2006-07-05,126.71510838005923,127.68340502185062,123.96762393491963,127.27696228027342,16354128
2006-07-06,125.36431585182754,127.1136184971522,124.52352909203782,126.07160949707031,7380336
2006-07-07,127.11360989139084,129.1059862219769,123.21054660545275,123.72657012939453,11325776
2006-07-10,127.07371134369966,127.31279640737547,123.57111905220731,127.03585815429688,12224528
2006-07-11,127.47223135661136,128.50826699752162,124.92198977898612,125.4479751586914,12966096
2006-07-12,131.49683801231387,135.48159067935367,127.71132297862604,134.90977478027344,68016688
2006-07-13,139.30698469082415,143.37143332882874,132.77198884148342,134.04312133789062,11386312
2006-07-14,131.49677453030233,132.37740833593915,129.10592408429682,131.39715576171875,13901696
2006-07-17,130.7795556399184,131.1541184222384,127.51205912484427,127.93045806884766,12418848
2006-07-18,128.33685440134042,131.0982883788287,127.91048805350763,129.86700439453125,10584456
2006-07-19,132.3734527575999,132.3734527575999,127.28093808993923,127.87467193603517,11589456
2006-07-20,135.37796081681157,135.37796081681157,130.14200057010842,131.32546997070312,12027920
2006-07-21,130.28546187752474,130.28546187752474,125.95801709513948,127.67942810058594,9124336
2006-07-24,127.48814273259721,129.07407586400956,125.28059416944386,128.41261291503906,10318504
2006-07-25,129.82321493477684,131.01067292866284,127.51205886779802,128.3647918701172,10798144
2006-07-26,129.51242198744123,131.87937077618466,127.51207820626043,131.20993041992188,12250056
2006-07-27,131.09833517025842,132.8835059352777,129.54428195699396,132.16226196289062,14483288
2006-07-28,132.3814480547244,132.45716419066284,128.33294527697856,129.9188690185547,6279120
2006-07-31,131.0983612546753,133.0907375655366,130.4329095125276,131.93914794921875,14844888
2006-08-01,131.4968693529596,132.98716331426553,130.77961370194345,132.13442993164062,9172848
2006-08-02,132.05468661479065,133.80797756562072,131.49682131225384,132.82374572753906,9437032
2006-08-03,133.13457583550138,136.83640718810614,132.1423665800036,133.32583618164062,19218896
2006-08-04,133.4891438481655,135.15477152902457,133.09066879190232,133.93942260742188,9383824
2006-08-07,133.88765942499018,134.6806211355826,133.08274151341237,133.3776092529297,5687424
2006-08-08,133.48920022908703,134.68462590278037,133.41747274298564,134.22637939453125,3511136
2006-08-09,134.04708399309368,136.11915544601902,133.09074332251276,135.6449737548828,9770304
2006-08-10,135.48157099764796,136.91608174938776,134.76431562177805,136.1669464111328,8956856
2006-08-11,136.2785495787516,139.46635190807913,135.8840629318576,138.8447265625,12244656
2006-08-14,139.62574563370035,140.63389009208962,138.67737247053097,139.90467834472656,6330792
2006-08-16,141.06017981598126,142.25560506865907,138.69722062084233,139.6495819091797,9409016
2006-08-17,140.26724963874426,141.31125264706642,139.03197660156664,140.07199096679688,8248312
2006-08-18,140.66175359061302,140.96061000759025,128.3090216888878,140.42266845703125,4419160
2006-08-21,140.58205313157777,143.45107462405895,139.3866275097106,143.29965209960938,11419320
2006-08-22,143.53078204396203,144.16834243060927,141.4746459056649,141.94883728027344,4609584
2006-08-23,142.56245985685683,143.01273874536798,140.10386999964163,140.89285278320312,6302656
2006-08-24,140.26322805468533,141.45865329378776,139.0678028155829,140.81312561035156,8702912
2006-08-25,141.37898832472433,141.85316987898656,140.263257864439,140.79721069335938,5107408
2006-08-28,140.79727514312586,141.62610581012774,139.06789602942166,141.27943420410156,4842896
2006-08-29,141.85719382680347,144.32774046086575,141.6978037213801,143.913330078125,8916176
2006-08-30,144.24799675441517,144.24799675441517,142.7377799062732,143.5466766357422,5320704
2006-08-31,144.08864599467944,144.96529151787715,143.45507425790993,143.9611358642578,9828312
2006-09-01,144.24802479379184,144.64650000040453,143.4630305824446,144.28787231445312,4831256
2006-09-04,144.40743866523243,147.8343260066259,144.3396998146291,147.25254821777344,6050408
2006-09-05,149.02971936034743,149.02971936034743,145.44344269124815,146.2364044189453,2980088
2006-09-06,147.43576880645517,147.43576880645517,145.82194485060074,146.2323760986328,5890136
2006-09-07,145.41952709574576,145.81003471459726,143.3713685788358,144.00096130371094,10036408
2006-09-08,144.00895416496547,144.96529475709585,141.69779773398375,142.6063232421875,9983680
2006-09-11,143.54276455801022,143.54276455801022,137.08347581545502,138.15538024902344,7521536
2006-09-12,138.66939400951097,141.85719617064913,137.16315554269315,141.18377685546875,8129760
2006-09-13,142.6541284046551,144.64650449969218,142.6541284046551,144.20419311523438,9154136
2006-09-14,144.67436931148876,146.71854875613334,144.6464779969484,145.9455108642578,10625664
2006-09-15,146.24043853353825,146.24043853353825,142.5784543319199,144.29986572265625,7885912
2006-09-18,145.44343971892022,145.44343971892022,144.2878617047151,144.83377075195312,5744536
2006-09-19,144.88558201711578,146.21648528729978,143.61046138330178,144.75807189941406,9704216
2006-09-20,143.45105210080717,146.55915822965798,143.1561843850699,145.8777618408203,7179560
2006-09-21,146.63887980347616,147.4358302371907,145.65464796351847,146.48745727539062,7663592
2006-09-22,145.36376392802254,146.4794945722069,144.35561965027608,145.84193420410156,5416664
2006-09-25,145.76223418771013,145.76223418771013,144.4074184516844,144.77003479003906,3144312
2006-09-26,146.2404340325016,147.16489477607323,145.12470320064602,146.626953125,5966920
2006-09-27,146.64285752694497,147.58724177489142,146.04514474616897,146.45556640625,6157840
2006-09-28,146.63889057687362,149.44415241828875,145.2043796907955,148.08535766601562,8825544
2006-09-29,149.66731182584226,149.66731182584226,147.04534259631228,147.407958984375,3980408
2006-10-03,149.428201999316,149.428201999316,144.40741441213896,144.90151977539062,8849912
2006-10-04,146.07307098548222,146.63890394087835,143.052626398846,143.44711303710938,13197136
2006-10-05,145.36373956639775,149.02971106862051,144.6464842724846,148.6471710205078,9789080
2006-10-06,148.63125607484747,149.80276932252292,147.06524652494744,149.31265258789062,6755016
2006-10-09,148.6312517941339,153.010490415422,147.47567369707494,151.11375427246094,10756312
2006-10-10,152.44069849207628,155.40535051829613,151.42458658484125,151.91470336914062,16808400
2006-10-11,159.39007383404356,162.92853541883892,155.80379717277756,157.79617309570312,28620128
2006-10-12,160.62535973592372,161.3824626471077,157.0789303098515,160.98797607421875,18510200
2006-10-13,161.78097180950382,167.35563736547095,161.78097180950382,166.48696899414062,24227584
2006-10-16,167.27992219913938,171.0096547036104,166.60251422453592,167.38352966308594,17926504
2006-10-17,168.0768604389721,169.3440039511692,163.54618906404963,165.0245361328125,13177320
2006-10-18,164.18376407231318,167.2639897027548,164.17181759647076,165.2317657470703,12554088
2006-10-19,165.36755800420084,166.4620157192104,164.56868091239312,165.2477264404297,7731416
2006-10-20,166.96524699883636,166.96524699883636,164.16917826919078,164.8961639404297,7461600
2006-10-23,167.7641740996287,167.7641740996287,162.57147347273542,163.09474182128906,6216096
2006-10-26,163.09472971917646,166.1664077305444,163.09472971917646,165.63516235351562,12725480
2006-10-27,164.20916323604303,168.96248126695744,164.20916323604303,167.16900634765622,6841680
2006-10-30,167.3647419871168,170.56025018734815,165.36754936197218,169.97706604003906,5696096
2006-10-31,170.56022700476095,170.56022700476095,166.7336142566317,167.4046630859375,8534712
2006-11-01,167.44468101429814,169.18623741798206,166.25436164641005,168.0398406982422,4436984
2006-11-02,167.20500266361844,167.7642167193496,165.92679910766148,166.54592895507812,5602288
2006-11-03,166.92530959554244,167.34871820597854,164.49273360772986,165.75894165039062,5849680
2006-11-06,166.9572496589111,166.9572496589111,164.21311963492113,165.36749267578125,3260760
2006-11-07,166.17437287887338,170.4563408737763,166.17437287887338,167.95187377929688,9325976
2006-11-08,169.36193379440806,171.91834034224817,168.36733577265585,169.82928466796875,13629480
2006-11-09,170.95569937418628,172.39767642578065,168.5870365983226,170.73200988769534,9479912
2006-11-10,171.3591224808808,172.39366433122242,170.48035775020963,170.94371032714844,12313296
2006-11-13,170.9596979489316,173.0367783913018,170.56025940232195,172.56942749023438,8334936
2006-11-14,173.7477558718267,177.90991296177896,173.7477558718267,176.59576416015625,18079232
2006-11-15,177.14698103851643,178.9604279745766,175.1338148472991,177.56239318847656,7553520
2006-11-16,177.11099024025648,177.72612148827292,172.08206458052416,175.7489013671875,12040896
2006-11-17,175.9127140417938,176.4639313660047,172.57740259254544,174.6664581298828,4314648
2006-11-20,173.35631011643204,180.73792584243716,171.93830343229993,180.0509033203125,19513432
2006-11-21,180.9456470370319,180.9456470370319,177.01117766989114,180.2666015625,22702552
2006-11-22,175.7529177466991,179.6674145510574,174.14716737848113,177.79405212402347,13906048
2006-11-23,177.79406007990147,179.34787181692548,177.79406007990147,178.7127685546875,6254504
2006-11-24,178.14954593447703,179.48366643600056,177.53841291699626,178.58892822265625,3503792
2006-11-27,178.5489911558745,178.90048919822837,176.7954602217989,177.1749267578125,3800096
2006-11-28,175.9686732272166,175.9686732272166,172.5574715560202,172.94891357421878,10662840
2006-11-29,174.94607635640332,175.66108691504553,170.32058606544663,172.28981018066406,12407320
2006-11-30,173.74777592878374,175.35352673136612,172.55745682904364,174.13124084472656,10146224
2006-12-01,174.87414325417018,176.23223390529895,174.5545925127281,175.3574676513672,4253008
2006-12-04,175.5931767852434,176.89135200032993,174.24308236308715,176.33213806152344,5804192
2006-12-05,177.35069352900345,179.66743682285082,177.35069352900345,178.87655639648438,10435272
2006-12-06,178.9484159681372,182.14392339613963,177.5264112619102,179.65940856933594,14148624
2006-12-07,179.6594667329347,180.05092822189584,176.07251628528158,177.654296875,12853768
2006-12-08,177.7501345703473,177.97382403371935,174.97403696301268,175.39744567871094,8887960
2006-12-11,176.5518288938888,178.54902152843505,173.16059970119613,175.33753967285153,11614536
2006-12-12,175.59316731413614,177.8300229487111,171.05554198323165,172.89695739746094,15534088
2006-12-13,173.03676254967934,174.15519037779362,169.78533697871384,171.7305908203125,12483816
2006-12-14,173.35631415764317,176.36407835059603,172.63732483625202,175.44139099121094,7347976
2006-12-15,175.35347741483335,178.94842342106,175.35347741483335,178.4291534423828,8628504
2006-12-18,178.78870447921494,180.5462341925942,174.32298905448138,177.71022033691406,15773392
2006-12-19,176.5557507960374,176.72750148676957,170.56017720024713,172.3656463623047,17929632
2006-12-20,172.95686022434347,175.6730418629706,171.83843249079115,173.41221618652344,10131408
2006-12-21,173.75579300853087,173.75579300853087,171.359161380827,172.85305786132812,6686032
2006-12-22,173.35631967113233,174.2350844252256,172.5614409079693,173.65989685058594,4135512
2006-12-26,172.95683641202757,177.72612726128392,172.95683641202757,177.3067169189453,6068072
2006-12-27,177.75009770394112,180.4822526083325,177.75009770394112,179.95898437499997,8637552
2006-12-28,181.74450979499986,181.81640092041883,178.9883842618449,179.603515625,8981616
2006-12-29,179.90710530009923,181.00955949089317,177.85799354082113,179.09225463867188,6093568
2007-01-02,179.98694703244487,183.50200503041538,178.79662837557262,181.55673217773438,8629864
2007-01-03,181.5567529990109,185.33944296625538,181.5567529990109,184.64842224121094,10889256
2007-01-04,185.4353282268377,185.7389053923316,181.7485186159598,182.56736755371094,8777064
2007-01-05,182.6232556670231,184.14112174649532,180.19067945621399,181.7484893798828,7021952
2007-01-08,181.74849845933673,182.14393863587208,175.15376555225856,176.20030212402344,18481368
2007-01-09,177.03115036257128,178.58496228967095,173.62792640334573,174.96206665039062,13416408
2007-01-10,175.75292955785105,175.75292955785105,172.030155157502,172.9129180908203,15159184
2007-01-11,174.23507628220239,176.9432615508051,167.37670933402669,174.3948516845703,34092208
2007-01-12,175.75294996862868,178.28538630150075,175.75294996862868,177.622314453125,13832688
2007-01-15,178.38526593152952,179.55163434998406,178.14960107750815,179.18414306640625,10134760
2007-01-16,179.36382975258402,179.74729454838652,177.03910977872272,177.5264129638672,5113808
2007-01-17,179.34793300603764,179.34793300603764,175.5252977682713,176.18836975097656,8803400
2007-01-18,176.23228163729604,178.38924972623846,176.23228163729604,177.68223571777347,7906152
2007-01-19,177.75013774376092,178.78867787439864,174.55462964949106,175.94068908691406,11551144
2007-01-22,176.95124391760567,180.54619018229744,176.10442655150115,180.06686401367188,9721392
2007-01-23,179.58755415243883,179.58755415243883,177.36267384950622,178.5609893798828,6907168
2007-01-24,175.83280668468066,180.3065173499883,175.83280668468066,178.4730987548828,3660880
2007-01-25,179.02832031249997,180.12277780766468,177.462513725548,179.02832031249997,6798352
2007-01-29,178.54899026026365,180.146744088096,176.7395418517759,179.2999267578125,6550912
2007-01-31,178.9484929887112,180.14680878997487,177.45859481067515,179.53167724609375,9171104
2007-02-01,179.74734701035192,181.7445397549114,178.81666299292138,181.26121520996094,3367264
2007-02-02,181.74451309299778,182.14395158331206,179.11621562826284,180.9895782470703,9842920
2007-02-05,178.54903221100514,181.85637561015804,178.54903221100514,181.2891845703125,7299072
2007-02-06,181.34506945110545,182.6991619940378,180.54619249317105,181.5807342529297,6560944
2007-02-07,180.19074366261574,189.3338889563878,180.19074366261574,188.29934692382812,14498464
2007-02-08,188.93442117909936,190.13273674683148,186.42595505884708,189.6294403076172,6571448
2007-02-09,189.6853267422077,191.5706840616108,186.77742257549878,188.6348114013672,6304808
2007-02-12,186.53777764668683,189.30987690837853,184.62846943718964,187.83595275878906,4868088
2007-02-13,187.8159727950394,188.41513051344126,181.87233603002562,184.0772247314453,7561016
2007-02-14,182.31970567083076,184.94002614067475,180.6820078151574,182.5154266357422,9642200
2007-02-15,185.73095266790702,192.9288440507991,183.34231763833705,190.36843872070312,9978848
2007-02-19,190.29249660878708,191.73047517258144,188.77063206133823,189.8211669921875,3086648
2007-02-20,189.73727206732187,190.75584016867703,187.81596912046993,188.5309600830078,2471920
2007-02-21,188.5349039548691,189.4935560088769,183.90941559581182,184.61241149902344,9348720
2007-02-22,184.38087775892248,186.53784643287867,181.3451440696508,182.74317932128906,10388800
2007-02-23,181.98420334458586,184.62049777407285,176.72758812684174,178.76472473144528,11559176
2007-02-26,178.46907787669684,179.5076177211002,172.1579511299381,177.20285034179688,11670248
2007-02-27,178.14957237156437,178.14957237156437,172.9768437567398,174.7144012451172,8956896
2007-02-28,174.1551944881367,174.1551944881367,163.7697929819634,165.97070312499997,25000392
2007-03-01,166.1663989485156,174.55060830238722,165.84684818130688,172.489501953125,13634656
2007-03-02,173.64391627428012,174.0753020620699,165.76698108251264,167.24490356445312,12168104
2007-03-05,165.99863277467153,165.99863277467153,159.77538916810647,160.34658813476562,13950768
2007-03-06,160.81388696258205,172.05407873774087,160.81388696258205,168.91848754882815,14552864
2007-03-07,173.14859660561828,173.14859660561828,163.79375845275663,166.5938262939453,10270272
2007-03-08,166.96533038802326,171.43904258980763,166.26631285649447,170.6201934814453,12261208
2007-03-09,170.18876122156786,171.75854664870812,167.4725795536348,169.43780517578125,8085208
2007-03-12,169.3619184722912,171.27522492407726,167.7641645244394,168.9864501953125,9065944
2007-03-13,169.12227197459836,170.15681385657646,165.3515761884493,168.16761779785156,11465824
2007-03-14,165.76696150373706,166.9413066796479,160.75400881247947,161.37313842773438,16009280
2007-03-15,163.84968149679554,168.15562095644052,162.65136593246012,166.1184844970703,17149040
2007-03-16,166.96529615667353,168.16361167932908,161.7725955584995,163.56607055664062,7567776
2007-03-19,165.36751234826963,167.10506954323333,163.54606918105893,166.74557495117188,5461816
2007-03-20,167.76417485832386,168.45919396768448,163.76978974264946,164.24111938476562,5378584
2007-03-21,164.69646771283493,167.76414717391145,163.63795583185666,167.28082275390625,9258712
2007-03-22,168.5630536454957,171.35912325572903,167.76417661400043,169.28604125976562,7974344
2007-03-23,169.36191926769484,170.56023473421155,166.2462990547514,167.17300415039062,10877280
2007-03-26,168.16361460227074,168.16361460227074,162.98688755365262,164.42086791992188,15948600
2007-03-28,162.1720390297762,162.1720390297762,158.8167554636429,159.1403045654297,21473904
2007-03-29,156.73166524305373,162.09212743811034,156.50797580417677,159.0324249267578,25927192
2007-03-30,159.37595854507597,162.14805778291304,159.37595854507597,161.2653045654297,14493552
2007-04-02,159.77537589176177,159.77537589176177,152.74525935252424,153.62002563476562,14738880
2007-04-03,153.78382101447255,157.73826212627327,152.58550552604808,156.9513702392578,17553760
2007-04-04,158.17763987526462,159.76340870847937,155.79698260667854,159.32003784179688,12089584
2007-04-05,158.9765326983365,159.76742292696795,155.43351493757862,159.1602783203125,6129800
2007-04-09,156.57989403542365,164.08933793304092,156.57989403542365,163.57406616210938,6112144
2007-04-10,163.76977501223087,164.8882027440217,158.26551086753415,159.6835174560547,11851632
2007-04-11,160.17486281804017,162.8910450304159,158.79679978382012,159.47584533691406,12324768
2007-04-12,158.89666359489541,164.2411438750594,156.57991988235042,163.4382781982422,18025880
2007-04-13,167.76418815195518,170.32059482855638,161.88045645995666,166.7176513671875,37096144
2007-04-16,171.75855773867994,172.23788394632277,166.72563255843025,170.05694580078125,13423280
2007-04-17,168.5630791563044,170.0010580306236,165.05201797227573,166.38613891601562,13779368
2007-04-18,166.68568498461113,167.6603110176151,164.82429768574178,165.87083435058594,9491616
2007-04-19,163.7817449800118,164.36093075064625,161.79254923826187,162.96290588378906,12689648
2007-04-20,167.34876883211976,167.34876883211976,163.70188338573084,164.17723083496094,7901224
2007-04-23,166.14643800686392,166.14643800686392,164.5806313425184,165.3076171875,6204520
2007-04-24,161.81257045854994,165.67115108266862,161.77262660013017,164.4009246826172,10435904
2007-04-25,163.4501918200251,163.76974253717083,160.7340107242867,161.25328063964844,11769504
2007-04-26,162.57148419839888,163.7618032344847,160.41451610338328,161.2812957763672,11592024
2007-04-27,162.17203606996122,162.5475043709328,159.05641567255802,160.18682861328125,13179936
2007-04-30,160.17486336321804,164.56868754525146,160.17486336321804,163.8377227783203,7900544
2007-05-03,164.3290390650234,167.22496889784162,164.3290390650234,166.2982635498047,8526624
2007-05-04,166.19038600843592,166.9652927967259,163.94153555387402,165.51931762695312,7354320
2007-05-07,165.52729873882296,165.76696181614753,162.6113979647076,163.11868286132812,7725136
2007-05-08,162.1720072517295,162.57144569323623,159.38792326481067,159.9551239013672,11778832
2007-05-09,159.9351693443636,160.29466398075203,157.77820152603303,158.22557067871094,11830928
2007-05-10,160.49434372860196,160.94969958853983,157.37872431326326,157.71424865722656,12493392
2007-05-11,157.37874197285177,161.37312628688355,155.8608759335197,159.82330322265625,12702344
2007-05-14,161.21339043139253,161.66874645404434,158.3893619795214,159.9272003173828,7335704
2007-05-15,159.6954768338259,159.77536451608393,157.2189586838266,157.6543426513672,8705704
2007-05-16,157.61842087157842,158.33741012035907,154.6625761821469,155.91680908203125,15668240
2007-05-17,156.57988401874056,158.8966272006505,156.57988401874056,158.45724487304688,17139072
2007-05-18,158.09776097156117,160.2467420882583,157.21899625671165,158.32943725585938,9588872
2007-05-21,158.66095289321288,159.13628075474125,155.8009696495653,156.61183166503906,13263216
2007-05-22,155.7889688338506,156.65175971193534,154.26311603730827,155.52134704589844,19028016
2007-05-23,155.78101142171172,156.10056221437165,153.39236729619554,153.84373474121094,10531456
2007-05-24,153.78384016565767,155.77304607454764,153.2246262014189,154.74249267578125,19166928
2007-05-25,155.78100645881372,159.1362896748497,152.18606015591803,158.6170196533203,17904664
2007-05-28,156.23239278853475,160.86986822910572,156.23239278853475,157.5026092529297,13356216
2007-05-29,157.77821107036615,157.77821107036615,155.40555022744178,156.07659912109375,6663480
2007-05-30,155.38158955698304,156.55993323100128,151.86653046160654,152.2779541015625,20476856
2007-05-31,153.3843640336626,154.9102169546561,152.58548713765393,153.66397094726562,13968520
2007-06-01,154.42295229110331,155.7730566179586,154.3430645765192,154.8663330078125,7742200
2007-06-04,155.78101778979038,157.27491390577708,152.4896483916138,153.08880615234375,9405184
2007-06-05,153.3843869352599,155.7810179811233,152.4257345169145,155.23777770996094,14302728
2007-06-06,158.22758246240642,158.22758246240642,154.70072652099512,155.37002563476562,16488016
2007-06-07,148.03577733716986,158.06728037900393,148.03577733716986,156.87696838378906,13315048
2007-06-08,156.2958803990564,158.30779010369767,153.21789406745222,156.3720245361328,20947712
2007-06-11,158.22758197386915,159.9910099391301,157.90695870745805,158.69248962402344,18446208
2007-06-12,157.26570115972626,160.22345254213633,157.26570115972626,159.46998596191406,9489648
2007-06-13,137.46722661467336,160.2314787187942,137.46722661467336,159.40988159179688,6143208
2007-06-14,159.9109099649205,162.79652037030255,159.9109099649205,161.85067749023438,15894848
2007-06-15,162.71631721453215,163.35756378483575,160.31164257589376,161.0651092529297,8519312
2007-06-18,162.315531402097,162.6361546740024,159.15338829678853,159.4659881591797,9880776
2007-06-19,159.51010778198562,159.57823828315395,155.66262779528446,156.83290100097656,14005784
2007-06-20,157.58634554007338,158.22759211399026,156.3158777224298,156.6405029296875,6835384
2007-06-21,156.62449637307583,157.58636636103742,155.11756281141038,156.98118591308594,6758680
2007-06-22,157.4821083164259,157.4821083164259,155.1014847893311,156.36795043945312,6673960
2007-06-25,156.36797141371343,157.3378548406003,153.81901252420653,155.2337646484375,5557352
2007-06-26,154.70070855904575,156.1435130948296,153.89915048361027,154.0714874267578,6085936
2007-06-27,154.78090174662697,156.00327810687352,154.54043426592273,155.12957763671875,5488248
2007-06-28,155.50229597191125,156.11147826724306,153.34610238526835,154.30397033691406,8399232
2007-06-29,156.3038330982059,157.90694933511057,153.8991587428489,154.62457275390625,13776528
2007-07-02,155.8229384177449,156.69663894913606,154.62060092995367,155.8109130859375,9189768
2007-07-03,156.303862177015,156.5483413624839,155.12557543753928,156.095458984375,5633960
2007-07-04,157.18559068584037,157.18559068584037,154.05951315562734,154.78492736816406,5838480
2007-07-05,154.7929036628502,155.50228066669442,153.09760622339502,153.64266967773438,7673904
2007-07-06,148.02375307834714,158.44400997388334,148.02375307834714,158.05125427246094,17535640
2007-07-09,159.4299135711574,161.06509412881627,159.21749870776102,159.81065368652344,14444344
2007-07-10,159.9108304460578,163.6741415645021,159.9108304460578,161.95480346679688,17479504
2007-07-11,160.31165964571807,160.31165964571807,154.29997240900363,154.67269897460938,37621888
2007-07-12,156.30382053352005,157.08132793205988,153.49836734445688,154.0754852294922,31228624
2007-07-13,154.87311869179194,156.97720963415674,154.0635466099452,155.48631286621094,26942344
2007-07-16,155.9030749504855,156.70463317645198,154.5404259663424,155.16964721679688,13679896
2007-07-17,155.50233045321582,157.0012407555807,155.021395410577,155.3861083984375,8854256
2007-07-18,155.59046094350228,156.66455089325297,155.11753964645018,155.86700439453125,6772224
2007-07-19,156.1435549626397,160.31165807252538,155.9832433045672,160.03111267089844,16677152
2007-07-20,160.3116457382788,161.83460637279245,157.9510606686412,159.20950317382812,13050288
2007-07-23,158.23556360343844,159.02109436116984,154.79687780955123,156.12747192382812,15034016
2007-07-24,156.1275172653571,158.7005172483514,155.54638754372328,158.31576538085938,8892384
2007-07-25,158.38789217892548,161.11318991884627,155.90306188664476,159.4178924560547,11647192
2007-07-26,160.1513401272517,164.3194430735065,159.91087264958315,163.06500244140625,22691384
2007-07-27,160.39182195164523,161.51400361447534,157.23769187769156,160.94088745117188,13866488
2007-07-30,160.9408809946863,161.11321798577964,157.61441405617396,159.22154235839844,5598216
2007-07-31,159.5100806703228,163.11709254477734,156.72466594504957,158.3718719482422,7234104
2007-08-01,159.34972825041706,159.34972825041706,154.1396013207002,154.66061401367188,11838920
2007-08-02,156.30382194111084,156.30382194111084,151.69486308900116,152.23190307617188,11826664
2007-08-03,152.37620528231065,154.17169750663783,152.1357378357841,153.63064575195312,6699184
2007-08-06,155.48627263522172,155.48627263522172,149.117886493317,149.51466369628906,9018400
2007-08-07,150.2921918667618,152.29608775831863,149.3383354654512,150.5687255859375,11022904
2007-08-08,151.49447221134255,160.15129919484787,151.49447221134255,157.68650817871094,24515808
2007-08-09,159.5101155220299,160.71245307621606,154.29998612055658,155.0414276123047,10244784
2007-08-10,148.69706282557118,157.6665012275232,148.69706282557118,157.09739685058594,14852240
2007-08-13,157.9069828643934,157.9069828643934,153.99537450191409,156.2958526611328,6277472
2007-08-14,156.30385094562038,157.18556497659569,155.0734610502341,156.7366943359375,4490672
2007-08-16,149.89135608052902,154.46023698779646,149.2661368846242,153.3460693359375,14135888
2007-08-17,153.8149959748203,153.8149959748203,139.72360968821428,148.65296936035156,27524232
2007-08-20,153.49837453684754,153.49837453684754,145.92365057145219,146.62100219726562,13752864
2007-08-21,146.76528820923505,148.29626222434126,140.453018167467,141.18243408203125,20084032
2007-08-22,141.4749759094194,144.9537393136391,140.27263900367365,143.37466430664062,9464336
2007-08-23,148.2081151958145,148.2842593130193,143.65526058259297,145.20628356933594,13791248
2007-08-24,142.76953632146777,146.96569141138116,142.76953632146777,146.33245849609375,7405424
2007-08-27,147.40657578428048,148.36844577308491,145.58704230265107,148.1039276123047,5364912
2007-08-28,146.68519673235255,151.81517082572444,146.3645733515168,150.71302795410156,10137472
2007-08-29,147.56688074456346,149.89139977856257,145.92368625501237,147.26629638671875,11615696
2007-08-30,148.28822757069207,149.92340782083272,147.56682538251033,149.506591796875,8973008
2007-08-31,151.09370999252656,151.09370999252656,148.12794486269976,148.65296936035156,7885336
2007-09-03,149.49055195869167,149.89133091836644,148.6889940393421,149.14187622070312,4769872
2007-09-04,154.11561674154038,154.11561674154038,142.27660407933323,151.47047424316406,5593768
2007-09-05,151.01353591960964,154.29591220527854,150.95341906613848,151.89926147460938,8701272
2007-09-06,150.37232640182407,153.01746860398833,150.37232640182407,152.6006622314453,3881216
2007-09-07,153.17773019352413,154.29991136710308,152.3761722123963,152.9773406982422,5357776
2007-09-10,151.69489953022986,152.67279668599807,149.54271757572636,150.01162719726562,5928440
2007-09-11,151.17386033557415,151.17386033557415,145.48279772485,146.10801696777344,7806928
2007-09-12,146.28439896526507,149.57078820229293,145.3345542768585,146.0319061279297,7977880
2007-09-13,146.28437651069706,149.2501419522838,146.16414277657867,147.02581787109375,9630800
2007-09-14,147.48669575773266,148.92950039014528,146.70918828634615,147.25424194335938,9550288
2007-09-17,148.6089157927245,148.68105800003886,143.67933201642865,144.66525268554688,11030912
2007-09-18,144.2804744868961,145.46277281949708,143.1983709282444,144.6451873779297,13408016
2007-09-19,147.48671357983457,149.7310766125712,147.48671357983457,148.41651916503906,17208904
2007-09-20,147.4867144122227,147.8874935274733,143.89172770535404,144.3125457763672,10340064
2007-09-21,143.4788956384082,148.28824409556154,140.51313075649696,146.3564910888672,15328600
2007-09-24,146.52482647882636,146.6811264006541,141.07423118311507,141.31871032714844,17386784
2007-09-25,143.07815305757416,143.87971133800875,140.15246533398792,141.98402404785156,17385008
2007-09-26,142.67734973894818,147.0618688760566,141.87579159434733,146.29638671875,13126264
2007-09-27,150.05969622719022,154.91713655964617,147.08591750860467,153.56651306152344,30952096
2007-09-28,154.29994509818766,156.30384048907322,149.65090779133317,151.7149200439453,16135888
2007-10-01,151.89534916331846,153.49846630488383,148.5047524950475,152.72496032714844,12118896
2007-10-03,153.89914237610523,161.50593006818633,153.09758434289637,160.43585205078125,26572224
2007-10-04,161.11319257985457,161.11319257985457,157.265713354067,160.2234649658203,14354928
2007-10-05,160.31167236326067,160.31167236326067,158.3558680034993,158.94100952148438,8433464
2007-10-08,160.3116468169267,162.31554240213828,159.0291536423913,160.60421752929688,8695752
2007-10-09,159.10928317915352,164.4797224602635,159.10928317915352,164.1110076904297,13053992
2007-10-10,167.89839516112528,171.68976969125512,165.12100358389998,170.33514404296875,22305808
2007-10-11,168.3271987368438,168.3271987368438,157.3458529144878,158.4560089111328,35483448
2007-10-12,157.506185870701,158.2997304434673,152.60065361392992,154.6766815185547,20546200
2007-10-15,157.7306317094035,157.7306317094035,153.4182445373885,154.52439880371094,14805752
2007-10-16,149.1940501065516,154.7007517068162,147.4947406418853,149.5988311767578,20676272
2007-10-17,144.28049455555959,152.93732422889317,143.07815710092993,151.51856994628906,16105088
2007-10-18,152.781008765811,156.80156162806918,149.30725501914108,151.97689819335938,18871056
2007-10-19,152.78100765840742,155.193339358277,150.86320592017165,153.55697631835938,11118784
2007-10-22,149.4037430377706,153.60119626245682,149.4037430377706,151.71556091308594,10683432
2007-10-23,152.78100217885256,154.19623476219093,150.36867056550227,151.4501953125,12346344
2007-10-24,152.86141615361177,154.22840409396494,147.40150353457,148.3181915283203,11446248
2007-10-25,148.84089250204366,150.83509099025133,146.75020465490527,147.7191619873047,12955840
2007-10-26,147.55433466346437,149.1625562946738,146.6698127662992,148.61978149414062,8279104
2007-10-29,152.78099020242377,152.78099020242377,149.17857134922488,149.61279296875,5328480
2007-10-30,150.36868903972888,151.4944439309354,147.92419074137683,149.0981903076172,5996440
2007-10-31,150.32845984923324,151.58689476058328,146.19532986454269,147.75128173828125,10025528
2007-11-01,150.50137025629598,151.17280067913032,147.63471385472513,150.68630981445312,9522528
2007-11-02,148.76043063953026,155.19331412664508,146.42851037545114,154.1600341796875,10208808
2007-11-05,152.78101636110898,155.08880989245282,147.9844945948219,149.0821075439453,6211480
2007-11-06,148.76046472350902,150.7707412738267,148.76046472350902,148.90118408203125,4517832
2007-11-07,148.86902174895692,148.86902174895692,139.5131963921053,140.38967895507812,23151400
2007-11-08,138.2024985924654,140.31731360637892,136.9400487516695,138.01353454589844,15705240
2007-11-12,134.6885010429341,134.6885010429341,129.47384671198435,132.0228729248047,25324832
2007-11-13,130.66793462045746,136.14392425585316,129.22053596004625,130.8408203125,23517112
2007-11-14,135.0905733942102,139.11112617379976,133.16070806000718,137.3380584716797,16262008
2007-11-15,136.69881031653802,136.69881031653802,131.713324293229,132.46115112304688,13053800
2007-11-16,132.4611547310467,133.804015625,130.10510653921273,130.66798400878906,9711528
2007-11-19,132.6782116787221,132.6782116787221,129.94423640776662,130.26185607910156,14441160
2007-11-20,129.2205779897326,130.26592180669994,124.90652250501049,125.89959716796875,22736872
2007-11-21,124.23506942606123,127.61233344929396,123.83301418520018,124.40393066406251,16523872
2007-11-22,124.63311850226985,125.44929272430996,122.14440012195874,123.15757751464845,12576744
2007-11-23,124.63713619911843,129.03561701479205,123.3264320663163,125.24021911621094,16680696
2007-11-26,125.84328836340185,128.45262290825846,125.84328836340185,126.72378540039062,9515520
2007-11-27,126.7237883996677,127.53192336623475,125.66236648208283,126.53884887695314,11749864
2007-11-28,127.77317322654235,128.25563958233798,125.36084144756421,126.18907928466795,9458944
2007-11-29,129.05969371178026,129.78339292885565,124.63708738520833,126.02417755126953,24061072
2007-11-30,126.56701873446032,130.6599439845233,126.56701873446032,128.85873413085938,27369392
2007-12-03,128.85869197407612,131.23081766096237,127.74097655167124,128.68580627441406,20101040
2007-12-04,128.53709063597626,130.88508986672093,127.91792934622218,129.88800048828125,11367656
2007-12-05,130.24178791570495,130.24178791570495,127.89378892680288,128.9391326904297,9996752
2007-12-06,129.5663186525679,132.5978110740284,129.5663186525679,131.5001983642578,14144400
2007-12-07,132.67826487577292,140.66308801552756,131.09014625074474,138.4919891357422,21737160
2007-12-10,139.87502935355855,142.14261716496122,136.6987926996548,140.61480712890625,12426168
2007-12-11,140.61480236220706,141.4430401221025,137.261665428328,140.26100158691406,8444392
2007-12-12,137.50291625487776,138.3070268762513,133.24112996159792,135.55294799804688,12351000
2007-12-13,136.21639527264787,136.6104116023005,132.85923204795301,133.4783935546875,6652856
2007-12-14,132.8390305038598,134.66435708143655,131.7213151484457,132.3806915283203,4281176
2007-12-17,132.67826861330872,133.4019682602904,129.6226478816083,130.61572265625,7347000
2007-12-18,123.32247095300434,134.68857663612098,123.32247095300434,130.1011199951172,8413376
2007-12-19,131.43993540637058,132.6782678696482,131.24293220767385,131.82591247558594,5297880
2007-12-20,132.4370417638773,138.30705029378805,132.25209236332515,136.34100341796875,15204048
2007-12-24,138.17834712228336,146.2676966040763,137.50289235457421,145.55606079101562,16365336
2007-12-26,146.34811926574085,146.79440454476781,142.32756653866005,146.1712188720703,4604376
2007-12-27,146.66975328102902,147.85984073177917,144.10866333519775,144.93287658691406,8358504
2007-12-28,142.32751923563086,145.5439603483005,137.51089670624825,144.4383087158203,4784160
2007-12-31,144.82026967544914,145.14191380576662,141.45104544721346,142.31948852539062,5272944
2008-01-01,142.0541366649299,143.0190691134395,140.09612986798922,140.4660186767578,2001624
2008-01-02,140.71936700648243,141.47120851847055,137.6959128556754,140.58267211914062,6155056
2008-01-03,144.49866183713797,144.49866183713797,135.8946791901854,137.426513671875,12425960
2008-01-04,140.51029232146433,140.51029232146433,135.09058475560838,136.28871154785156,6166320
2008-01-07,134.28643167034267,135.89465240890965,130.50711293471028,131.6208038330078,13254200
2008-01-08,133.080319309794,135.08255689278198,130.43881765402634,133.66329956054688,15531264
2008-01-09,133.08029764087732,136.6183841038372,132.38474004352125,132.9154510498047,14714680
2008-01-10,135.68562362061422,135.8946904119335,127.69276235156828,128.8627471923828,15498280
2008-01-11,136.69880094810065,139.85493502881414,125.84330793163383,127.19019317626953,22633144
2008-01-14,128.57727681284987,129.46179841694078,122.62685874896565,122.98870849609374,16050824
2008-01-15,124.15466355979662,125.03114598461623,120.61657729254853,120.78543853759766,12786224
2008-01-16,120.61656016434307,122.14436992642474,118.212268101907,120.23863220214844,11127096
2008-01-17,120.61656379611145,122.64694262001267,119.41039815815033,119.84461975097655,9699600
2008-01-18,120.0536942219776,120.45574946049729,116.67240573970636,118.0755844116211,8136992
2008-01-21,117.3921180710632,119.8124892121204,104.87210911424712,111.85983276367186,22169536
2008-01-22,107.75079077410469,116.11353871478147,100.91585255335924,111.03960418701172,27680552
2008-01-23,116.51561128640476,117.2875554021605,110.34003872875486,114.34451293945312,17827184
2008-01-24,116.51560106680121,120.8577973798497,112.17340475375272,114.38873291015624,13942864
2008-01-25,114.9878211800208,123.73654884367532,114.9878211800208,122.21275329589844,6650192
2008-01-28,118.52588048283584,120.61656765553174,113.15844322216469,116.30251312255861,7788688
2008-01-29,116.59605847459214,121.40062019449343,116.59605847459214,120.02156829833984,9040664
2008-01-30,121.50111841584656,121.50111841584656,118.38518966759106,120.07382202148438,7139816
2008-01-31,120.29492640114368,123.422918094922,118.22031746068566,120.5401840209961,17885296
2008-02-01,121.09907635426971,129.30100582846327,121.09907635426971,128.22349548339844,11143960
2008-02-04,131.43185806744773,133.88037055480325,129.0597321494363,131.87814331054688,11361168
2008-02-05,131.63289992419246,131.63289992419246,127.45152497241604,129.405517578125,8020712
2008-02-06,121.0186485509531,126.63938375910492,120.6165932401526,121.4166793823242,9944016
2008-02-07,124.29135712896667,124.29135712896667,118.38516938192859,119.19731903076172,4179600
2008-02-08,119.00836516052598,126.80823774199288,118.92795410298508,124.82610321044922,13180592
2008-02-11,124.63713375183326,128.6576864535053,122.2449048943384,125.27639770507812,13978800
2008-02-12,125.44126650408005,128.6577092349539,123.45913170801819,124.25520324707033,8462432
2008-02-13,126.24536786062659,132.6822773265933,120.72514646840091,124.26725769042969,9893968
2008-02-14,122.66708119258138,128.60946093360633,122.66708119258138,124.37581634521484,11749944
2008-02-15,123.83300014964414,127.04944171197256,120.69696962637393,125.87544250488283,8952256
2008-02-18,126.24535647725405,126.96905597298353,123.8531275885927,125.05125427246092,3266176
2008-02-19,125.44125927938283,126.66752799990245,122.74748864742173,125.15982055664064,5356392
2008-02-20,126.32577501984255,127.8375068712899,125.15981465205915,126.15691375732422,7002904
2008-02-21,128.6496337262289,132.67822514473605,126.4302908324227,130.8730010986328,10366768
2008-02-22,129.62263818681203,130.4910816245589,126.37001449858239,127.10175323486328,4970504
2008-02-25,128.56118165635465,130.5754724282057,127.2906832290743,129.8759002685547,7592448
2008-02-26,130.1854797715354,134.44726508833057,129.46178037811737,133.7115020751953,8402704
2008-02-27,133.88437602571975,135.6855852098865,129.87588781177345,130.17742919921875,8432760
2008-02-28,129.3813916424176,130.2659132757716,128.026467285395,128.6054229736328,11706032
2008-02-29,126.24536618492968,128.81048100242108,122.30522418297964,124.49240112304688,7945088
2008-03-03,123.91343907611262,123.91343907611262,116.5960328749924,118.03539276123048,12364736
2008-03-04,122.55448256957534,122.55448256957534,113.37958348609504,114.10730743408203,10798960
2008-03-05,114.58575414921832,120.61658331496665,112.97753303835209,118.91187286376953,11396696
2008-03-07,116.59605008197751,116.59605008197751,112.59962387790318,115.0320587158203,9164680
2008-03-10,113.70123629566451,118.89578869226341,112.57548148085596,115.07626342773438,5657136
2008-03-11,115.71149952364892,115.71149952364892,112.97752385735006,114.69429779052736,16043424
2008-03-12,118.52589054528147,118.60630159721178,110.6456074561108,111.38137054443361,13626184
2008-03-13,110.96724825198628,111.35322521570527,105.41888583938696,107.56585693359375,7881488
2008-03-14,107.34875693650189,111.69095384629297,106.94670166707678,110.17922210693361,9622768
2008-03-17,108.3941024109479,108.90069598503524,105.4188933685109,107.57391357421875,5832080
2008-03-18,107.75081684317772,109.43944904743647,104.53437454935151,105.7083740234375,14731424
2008-03-19,108.55089365037398,110.40437228993812,105.82094241337113,108.04832458496094,15637216
2008-03-24,109.1379140524631,111.61055421242865,108.00813470345827,109.39522552490236,13596008
2008-03-25,112.70816433400236,124.38787081162856,111.77137352082902,119.99742889404297,22739080
2008-03-26,121.01863101706104,122.05191105294995,116.68447343142913,120.57637023925783,11819184
2008-03-27,119.81650589472896,119.81650589472896,114.67421263174963,115.93264770507812,16692504
2008-03-28,115.1485983820788,123.72845161174196,114.18366599340216,122.32125854492188,11829888
2008-03-31,119.16917780190529,120.6165767225762,112.90515495428573,115.78387451171875,20198320
2008-04-01,116.2020439315177,117.72181523064816,113.39569541675174,114.42898559570312,6289208
2008-04-02,118.60630274099213,120.5361680059303,117.80219221393456,119.23351287841797,11152080
2008-04-03,118.21228592614162,123.0289099181227,118.21228592614162,122.4258270263672,9778160
2008-04-04,118.28464334339787,122.78766171676992,115.14861269051377,119.44657897949219,8028032
2008-04-07,120.53620137232045,122.90028893944826,118.70684941686996,119.97734832763672,16097184
2008-04-08,119.97327731859541,120.21451044993306,116.77693832837143,117.95897674560545,12385648
2008-04-09,117.95902762306434,119.65168475100525,116.67647484792246,119.0043716430664,9028552
2008-04-10,117.80219086318907,121.41264905143974,116.03314772394663,116.80509185791016,17130064
2008-04-11,118.20425679321406,119.00836738364409,113.6208264277629,114.33648681640625,24134312
2008-04-15,115.79193962562788,122.6268805063073,114.1837182419386,121.452880859375,36402536
2008-04-16,122.62687418404286,129.86387003752736,122.22481885884928,128.6737823486328,30611608
2008-04-17,131.06600402850097,135.8946921338996,130.2659179035014,133.4099884033203,36919280
2008-04-21,135.01023600667656,138.0658577864584,130.90926993381146,132.34059143066406,14821992
2008-04-22,131.0699672855223,132.28819624523152,127.04941614179461,128.54505920410156,16797448
2008-04-23,128.65772059656862,132.92754673570622,128.4245265148263,132.513427734375,16632104
2008-04-24,132.67820210274303,137.3340027942356,131.3112145659269,136.38113403320312,18346552
2008-04-25,136.69476545733235,137.9532003984358,132.75864834401693,135.43634033203125,15895984
2008-04-28,135.89469314246833,136.6988037527788,132.76670090519997,133.77586364746094,8629856
2008-04-29,132.67822758767355,141.68024037555898,131.96256730601002,140.6831512451172,33966768
2008-04-30,141.52346620923663,145.5440192265445,139.11917354172587,140.9686279296875,20999336
2008-05-02,142.72961449798845,144.49865760725928,142.1948790495257,143.73072814941406,17349008
2008-05-05,143.69454294869718,145.5439970549199,141.85715246284929,143.610107421875,9792280
2008-05-06,141.97378783235632,148.76048432357666,139.59362204634004,145.3389892578125,17782656
2008-05-07,147.70707415178202,149.48415656739465,146.23554786656717,148.29005432128906,22085248
2008-05-08,145.14194764817404,147.5542791880329,140.35346561523335,143.50558471679688,15537672
2008-05-09,143.21208017940535,144.04835706332142,139.67399397620838,140.6670684814453,14412800
2008-05-12,142.27930796171083,144.659472980328,136.32486602861238,142.6009521484375,16301840
2008-05-13,143.5337206804386,145.93801297880628,137.90494732042137,140.6188201904297,18049576
2008-05-14,139.9152118377097,147.5542607598835,139.9152118377097,146.7421112060547,16222912
2008-05-15,146.66976385187908,153.46449797769256,146.66976385187908,152.22616577148438,28982432
2008-05-16,152.53978341488857,154.00728528485257,149.56859862366636,150.48126220703125,16864744
2008-05-20,149.9666042918415,153.82633458996932,145.94605189795834,151.79193115234375,13969280
2008-05-21,150.69033457503787,151.49444521844788,149.08211328821784,150.42095947265625,8559384
2008-05-22,149.56456043389213,152.70059153976405,148.51921673193482,149.85806274414062,12277912
2008-05-23,149.85805972728292,151.49442268001326,146.05461302348607,147.0517120361328,11698168
2008-05-26,145.54400404602154,152.37894346254743,144.0161940587981,151.578857421875,21397152
2008-05-27,151.97686572751633,152.70056508812354,150.04700076589705,151.42202758789062,10323560
2008-05-28,151.41397626072114,154.3891845037624,150.89130454234905,153.71372985839844,15428808
2008-05-29,155.39827095485927,155.68377958915954,151.44601970028882,153.80349731445312,15898512
2008-05-30,154.17466698401134,161.3531699970235,152.1353195371329,160.11325073242188,27614928
2008-06-02,161.51630731807376,165.59500194731802,158.29413856097077,159.1343536376953,16651424
2008-06-03,157.02971757225725,159.08537534646723,153.44046688489138,156.80538940429688,15588320
2008-06-04,156.621893412588,156.621893412588,151.1645973224428,152.6002960205078,12818832
2008-06-05,153.9870146360526,162.08730518422192,152.54316089305235,161.47958374023438,19144816
2008-06-06,163.1477754001828,166.94096117823705,161.56523998725103,162.6216278076172,14816264
2008-06-09,158.33902958074455,160.70059010708547,153.9014072329376,155.11277770996094,14026352
2008-06-10,154.17470483023268,156.62192236722052,146.54754350662066,151.24212646484375,23390272
2008-06-11,153.76681235867372,155.31671656812455,151.90692332423185,154.40716552734375,9619728
2008-06-12,149.77781547882813,153.84835452814835,149.36994603416176,152.94288635253906,12400424
2008-06-13,154.25621960871712,156.20583749061524,151.33179776474486,152.2698974609375,10279888
2008-06-16,154.65594713970003,158.25335386223472,153.35892023762952,155.62667846679688,12636592
2008-06-17,159.06908345827412,159.06908345827412,153.681124109831,155.9325714111328,10754704
2008-06-18,156.4587255746307,157.0093493481598,151.23799646265138,151.9272918701172,10401800
2008-06-19,151.2380102821165,153.49760332426655,149.81454971320903,151.92323303222656,6695264
2008-06-20,152.13529965756172,153.80756434548664,148.13817918398502,149.03549194335938,11694864
2008-06-23,148.10556932633156,152.2821589380586,146.92274778848773,150.56910705566406,9632840
2008-06-24,150.56909153869657,151.72743680431756,143.97791718259165,146.38026428222656,10872056
2008-06-25,146.01731453908263,146.01731453908263,138.77354657214283,142.48924255371094,22294144
2008-06-26,141.9467285433772,146.83300670241314,141.9467285433772,145.6175537109375,17161832
2008-06-27,141.95081357672063,143.97792285022896,138.26775027259947,139.1201934814453,11410480
2008-06-30,139.89922122720301,142.65642268988296,139.49135177756102,141.6775360107422,11685696
2008-07-01,142.2648730980635,144.3042204761894,139.08757386604367,140.0623779296875,12359840
2008-07-02,140.71495109074448,150.4222433688886,140.4702294366736,148.51341247558594,14378920
2008-07-03,146.93499027921362,146.93499027921362,141.28599759255962,142.18739318847656,12169160
2008-07-04,142.59118234250684,145.9357123631263,141.23297486697322,143.2274627685547,9633904
2008-07-07,145.20155928915173,148.87238522623701,144.7936897405867,146.8167266845703,8322808
2008-07-08,144.9567804942238,144.9567804942238,139.6300023038802,141.66119384765625,12996936
2008-07-09,143.24375482621278,149.4433706387368,142.91745925713258,148.61947631835938,15005024
2008-07-10,153.7667626070689,153.7667626070689,145.20150527351865,147.26124572753906,15071872
2008-07-11,150.50378792152878,152.92245512276574,133.90350562232493,136.78713989257812,52769872
2008-07-14,135.43306368660612,136.22840918935836,125.81142643384743,126.8922805786133,29510328
2008-07-15,125.21595307976521,128.8052051550158,122.60558793412842,126.00314331054688,25855776
2008-07-16,127.35318523598254,128.64205700646613,124.64493538736856,126.24378204345705,12527008
2008-07-17,128.88673216942615,131.15449004765875,127.67127934918996,129.07435607910156,13024680
2008-07-18,129.29463960937818,130.43667428100676,122.60557938983936,126.2274627685547,17338848
2008-07-21,125.13432679159074,129.18854447833618,124.40831729779515,127.36129760742188,10304048
2008-07-22,127.16554190033497,130.3754725506546,126.12954749997326,128.74807739257812,9302648
2008-07-23,130.51824095022624,134.6050913784299,126.87596429715867,130.7017822265625,16016456
2008-07-24,132.23129109251252,132.23129109251252,121.14132343833543,127.85077667236328,22910080
2008-07-25,124.40020396385084,129.0499165054505,120.3337468291075,126.4925765991211,10614584
2008-07-28,126.70869398491809,130.19189418843956,124.48172339070098,125.57888793945314,10468480
2008-07-29,124.79176062779997,126.10509847281625,123.0052901629074,125.680908203125,8414120
2008-07-30,127.263424639474,131.3135702963214,126.76582589873173,130.68545532226562,14986328
2008-07-31,131.17081001897836,131.49710556628926,127.28381232008739,129.1681671142578,19956728
2008-08-01,127.25524211016015,134.31138213742224,126.03163401294707,133.7362823486328,10149664
2008-08-04,133.61804908038303,137.36636582697938,132.4760144728584,135.31886291503906,9726304
2008-08-05,135.31887608982393,138.31264450567653,131.99473931928048,136.92588806152344,14116240
2008-08-06,138.92033580380826,140.71496139845522,134.40929566689098,138.62258911132812,26720328
2008-08-07,138.92036935648017,141.4491605778841,137.20731723875494,140.80880737304688,7737432
2008-08-08,135.8490771819432,140.28669883725047,135.8490771819432,137.01150512695312,9523408
2008-08-11,138.26773238612893,140.0623578212291,135.13529327149504,136.26101684570312,13456128
2008-08-12,135.00888697516118,138.4145972950419,129.34357365402616,130.8363800048828,26516792
2008-08-13,130.46933488866583,133.29179064266967,129.47412704997373,132.63511657714844,13614136
2008-08-14,133.78119730829735,139.03455851122226,132.06814539154476,138.14540100097656,16376056
2008-08-18,138.75717077596497,141.69383047492718,138.27996556643342,139.0304412841797,9670840
2008-08-19,139.5729214441933,139.8747408446956,137.31740146437215,138.08419799804688,6709328
2008-08-20,137.06454351752998,139.46689085512057,137.06454351752998,138.6185302734375,4518864
2008-08-21,138.6755912561667,138.92031288779523,134.81714288105744,135.53091430664062,4685448
2008-08-22,135.40453363873772,138.89589097181533,134.28696510997662,138.39013671875,8749992
2008-08-25,141.9385750854231,142.3464445540594,138.75719323006018,139.20176696777344,2461128
2008-08-26,140.31526288125792,141.92634740031957,137.85989049185852,138.51248168945312,18578752
2008-08-27,138.83878921853702,140.22554563258822,138.39013273163812,139.34454345703125,10978448
2008-08-28,139.73608144174273,140.06237702012393,138.3493252336227,138.62667846679688,11480800
2008-08-29,139.4097967655938,142.75432670555244,139.4097967655938,142.680908203125,9186688
2008-09-01,142.75434389812082,144.1166242253618,138.83064078024304,140.57632446289062,11153904
2008-09-02,142.67274166311853,145.36468018506417,140.41722148575636,144.81405639648438,8403728
2008-09-04,143.65980080126687,147.24089718984453,142.88484871079402,145.9357147216797,21589384
2008-09-05,145.19746753546082,145.19746753546082,139.20586822462732,139.6790008544922,11020920
2008-09-08,142.99904661452902,143.7332117140902,141.55926528883927,142.75840759277344,9518400
2008-09-09,142.57894114715873,143.406918235461,140.078699085121,142.70945739746094,9329816
2008-09-10,141.8774024452874,144.5693410859052,140.40498959966718,143.54966735839844,10927472
2008-09-11,142.61154795015455,143.5700411224207,141.3145211552827,142.8073272705078,13265864
2008-09-12,142.99906997495034,142.99906997495034,133.55688951311322,134.10751342773438,24315128
2008-09-15,133.78119893674335,133.78119893674335,124.15547852544108,128.73585510253906,17211760
2008-09-16,124.81214973401107,129.376205457955,123.17658905517783,127.77735900878906,15700792
2008-09-17,128.88674967344838,134.34811777303005,128.07101075146454,128.80517578125,18332656
2008-09-18,123.1847536926735,127.25529360134385,115.93691412237817,124.4328384399414,26780192
2008-09-19,128.47890001307132,134.26249185282919,126.92899582243744,132.5535125732422,31199944
2008-09-22,134.189116047007,135.4412738921256,131.17088061008343,132.9573516845703,12823792
2008-09-23,130.5182036929364,132.47597674833045,125.30563094140003,125.94598388671875,13378256
2008-09-24,126.43950798770503,127.89152696576004,121.54507542043903,124.34306335449219,19385704
2008-09-25,124.81213696104149,124.81213696104149,121.63075518519122,122.91961669921875,18414264
2008-09-26,122.52402541591773,122.91965692853955,117.14422948145612,118.02930450439453,9755960
2008-09-29,117.88246726537987,118.44532929282627,111.42997232369194,113.65694427490234,17209792
2008-09-30,111.75622112830493,118.5839512389563,107.67752692654197,114.04437255859375,23483064
2008-10-01,116.24279471539923,119.66889813858994,115.42705580511571,118.22504425048828,26368016
2008-10-03,116.89542594811901,117.46644338122218,112.57200824033792,113.54273986816405,13768264
2008-10-06,110.94049959911615,113.38771650203783,104.00671837417138,107.56742095947264,12918216
2008-10-07,108.99497860392314,112.0009751066779,103.2848050733569,106.19291687011719,18535736
2008-10-08,106.04606994908715,106.04606994908715,97.25648222830705,102.3140640258789,22855192
2008-10-10,97.8886776891288,104.41458953507072,84.83685399724496,99.94433593750001,37255704
2008-10-13,101.96738501801869,110.94051489960434,99.52016777758625,107.55928039550781,19877088
2008-10-14,112.9798766259815,115.14158545673132,110.12478949102889,114.03625488281249,15414536
2008-10-15,112.57195466158396,112.57195466158396,106.78020916812565,108.93376159667969,12564520
2008-10-16,106.84615110275014,106.84615110275014,98.89021829979366,103.80514526367188,13400072
2008-10-17,104.79555926427967,107.58588433686921,97.82589673946416,98.85326385498047,12160624
2008-10-20,101.91482749477272,107.74615978061482,100.35322933154637,106.39826202392578,11699384
2008-10-21,108.48996774231242,114.57198108544206,107.09274846078264,110.75839233398436,18240528
2008-10-22,108.65432823569682,109.25431454546059,105.41196216647509,106.8091812133789,15020952
2008-10-23,105.12017768757306,111.64601402440174,101.55727140426914,105.469482421875,20359160
2008-10-24,102.67912666411011,106.84612138497349,98.62718897074475,102.4161148071289,18683728
2008-10-27,101.09290401975827,106.0242651914538,95.33964931944682,102.88463592529297,20009112
2008-10-29,108.92965838080666,110.95562796466338,105.20237318131046,107.20368194580078,24898056
2008-10-31,109.71871007466818,118.344491624206,109.71871007466818,114.15693664550781,31084944
2008-11-03,115.15548889411203,118.92798182377796,110.99671005736843,113.3062286376953,18262272
2008-11-04,110.955627616357,113.2528160416325,105.61331962001388,109.46800231933594,22243704
2008-11-05,110.87343997926466,114.65415031213803,107.10094657532149,108.65432739257812,17302080
2008-11-06,106.43522513335425,108.32558048321305,101.09703001723156,102.38328552246094,13453256
2008-11-07,101.50386606925875,106.02428115736339,98.803947427758,103.78873443603516,10109256
2008-11-10,105.61331442945877,111.35835198359825,101.6682256414323,110.01044464111328,10322104
2008-11-11,110.01043832284786,110.8241148452221,102.43258472422019,103.28734588623047,9235216
2008-11-12,99.86006904200994,107.40915949758084,99.86006904200994,103.5133819580078,13394360
2008-11-14,105.28457837066313,106.41056867732162,97.64096729457282,99.7121353149414,16017160
2008-11-17,99.86005685545535,102.2435479244333,96.2642729151869,101.29015350341798,18043056
2008-11-18,100.27099997146006,100.27099997146006,96.16153275951497,97.02452087402344,15308640
2008-11-19,97.14779532023186,98.62720337079377,92.57395675733571,96.38343048095703,22541064
2008-11-20,95.21635839201454,95.21635839201454,90.49868787296424,92.20411682128906,11597904
2008-11-21,92.05207955400363,98.62722809357533,89.58639885166424,97.3656234741211,12197704
2008-11-24,93.28491870440348,100.2545800797877,93.28491870440348,98.31490325927734,14039264
2008-11-25,97.39850231044713,101.66001849864317,96.62180686081335,97.14370727539062,9909928
2008-11-26,96.90125428251272,98.21628402680467,93.8725784092665,97.56698608398438,14369440
2008-11-27,97.56698608398438,97.56698608398438,97.56698608398438,97.56698608398438,0
2008-11-28,96.17389432838453,103.14766044000271,92.06031230326184,102.23124694824219,24031424
2008-12-01,102.73670767569668,106.73932579358917,100.10664795919884,101.19154357910156,18738696
2008-12-02,100.5997725179499,100.5997725179499,96.73687275623124,99.31350708007812,12814328
2008-12-03,98.95598761427831,100.43539606698346,93.69586867132664,95.05610656738281,17869336
2008-12-04,95.33967901364241,98.45876191304755,94.38217074800636,98.00261688232422,11324040
2008-12-05,97.96972398013992,97.96972398013992,92.26577999015613,93.24383544921875,12210128
2008-12-08,94.94515248146242,97.80534645826866,93.53971631624347,95.15473937988281,23661144
2008-12-10,97.38617811243708,99.17790020403231,95.26568853634156,96.46976470947266,22436400
2008-12-11,96.7245582024339,96.79441716044741,92.24113408289178,93.27671813964844,16501136
2008-12-12,92.05207839944863,92.05207839944863,88.53436996174614,90.8069076538086,13078352
2008-12-15,92.05206797487763,93.53147621018816,89.59050106316539,90.59732055664062,13738152
2008-12-16,90.65485473248175,93.12053527824281,89.17955988575332,92.44658660888672,8900720
2008-12-17,93.66712613993141,96.65470800756835,92.29867099702317,93.82328796386719,24437040
2008-12-18,94.10683154126454,97.34509482533082,94.10683154126454,96.74100494384766,12669424
2008-12-19,97.07384820215151,98.62722906652539,94.45611917058692,97.91218566894531,12520736
2008-12-22,98.62724646702733,99.03819332730662,95.84102474775734,97.54235076904295,8749184
2008-12-23,96.63822036724028,97.80530486593493,95.63550449930845,96.65876770019531,7100208
2008-12-24,96.98344683931471,100.45594737233255,95.97251367690502,96.49031066894531,8551056
2008-12-26,95.09722792288696,97.70674078675113,90.8192666006271,91.16857147216797,11889320
2008-12-29,91.23429452295925,92.01919681760332,87.53166018913089,91.53839111328125,14264688
2008-12-30,92.21645865524385,93.19040053018705,89.68091899558621,92.70137786865234,8457504
2008-12-31,93.28494510447082,93.61370262025751,90.66310190949541,91.67813873291016,7221320
2009-01-02,95.75059384739086,95.75059384739086,92.36439660173374,93.04656219482422,9012080
2009-01-05,93.6958556308364,97.36971543057801,93.67119481357132,96.39167022705078,11241232
2009-01-06,96.98344545179333,97.805339057317,94.13558210207762,96.0423812866211,11563864
2009-01-07,96.25609604455411,98.42589772034705,94.15615333638273,97.60400390625,22538352
2009-01-09,97.48478979362936,104.10103272417193,96.16154321409685,98.90666961669922,40182160
2009-01-12,94.65338407382875,99.4450180267659,93.55204457782321,95.31500244140625,31269176
2009-01-13,96.97932405844716,102.11205522591146,91.96988695463325,100.94085693359375,43956656
2009-01-14,100.72305727495907,107.9968153890626,100.72305727495907,107.14204406738281,41551264
2009-01-15,103.55858709629852,103.87912758674406,99.86006612857358,102.87641143798827,25359176
2009-01-16,103.39424214650344,104.70105532170447,101.91483327636269,104.16682434082031,12717272
2009-01-19,104.13392225933516,104.60651109358234,101.9600176349506,103.72708892822266,9543688
2009-01-20,101.91479877390404,103.31201778935272,101.09290523540481,102.88052368164062,4974688
2009-01-21,101.17511173570652,102.85999377517199,99.77789248346687,100.58745574951172,7770736
2009-01-22,101.5038520910776,101.83260950675721,98.87379276564079,101.16687774658205,8776080
2009-01-23,99.4491563960171,100.82994208475175,97.8505768621438,99.00944519042969,11625024
2009-01-27,100.18884321461708,103.55860742446063,99.8600857307299,102.90930938720702,10507184
2009-01-28,103.8051603348125,106.5174091796651,102.73669866865846,105.75304412841798,7187848
2009-01-29,106.0242417855854,108.40773249239314,105.77767378143288,107.68035888671875,26001752
2009-01-30,106.92836641239595,107.99682818285032,105.77771527498354,107.39273834228516,11631672
2009-02-02,106.18867418087737,106.59962106238231,104.21201566768545,105.17363739013672,16870008
2009-02-03,105.6954996268884,107.01052917123539,103.60788821866173,105.4078369140625,16125072
2009-02-04,105.61331449298842,107.35572469559638,104.90237461064257,105.33798217773438,7574304
2009-02-05,105.6955020099781,106.4352061453512,101.70931861380086,103.21749114990234,17537624
2009-02-06,103.46818014946034,106.63247029045728,102.57231418088776,105.9338607788086,14020016
2009-02-09,104.21612597608107,108.48997341358597,104.21612597608107,107.8406753540039,11513640
2009-02-10,108.0379054803869,108.90089369457027,106.43521308261774,107.53655242919923,13367760
2009-02-11,106.02427160058002,107.24889503882176,105.20237802228095,107.00232696533203,7057024
2009-02-12,106.43521992675295,106.43521992675295,102.7449157003226,103.11066436767578,11242656
2009-02-13,104.37638146237494,105.19827512334999,102.24768490675481,102.87232208251953,12791336
2009-02-16,103.55447262616502,103.55858610701974,99.86828210345546,100.39018249511719,11885736
2009-02-17,99.2847816439184,100.17243105587539,95.75063792646104,96.4862289428711,15025184
2009-02-18,96.8601887200688,97.64098786545756,91.66992713124992,96.88484954833984,11096656
2009-02-19,96.57251360813638,99.7532383410556,96.32594548828581,99.35462188720703,9882800
2009-02-20,97.80533780597814,98.3272382322322,95.75060381845759,96.74920654296874,7635856
2009-02-24,94.92869429998437,97.96970009141243,94.14789551569878,97.43958282470703,7708808
2009-02-25,97.96971669499216,100.63675740226978,97.80533797570526,100.06143188476562,10625008
2009-02-26,98.9559774800026,101.9147940823947,98.62722007973682,101.58603668212892,16571848
2009-02-27,100.90387956337125,101.73810362607014,98.93544828153505,101.1956558227539,13326776
2009-03-02,100.10664454304019,100.91210431688381,97.80534236963696,100.19294738769531,11820592
2009-03-03,99.12039310953028,100.25461057617578,97.92453360736891,98.43000030517578,8818448
2009-03-04,98.70941488318321,100.02444455689756,96.98343843643313,98.56147003173828,8641608
2009-03-05,99.03817598265081,100.66552927750968,96.62180686081335,97.14370727539062,6939760
2009-03-06,97.14780506691669,101.75040835265892,94.64103006307492,100.21757507324219,10278952
2009-03-09,99.04640978405648,99.94227594175558,97.81356920911706,98.79573822021484,9863440
2009-03-12,99.62172275438353,103.21750730870413,99.53131646359395,100.91210174560547,16502352
2009-03-13,102.68738895707627,106.84205510826799,101.91480696223796,106.60371398925781,14660976
2009-03-16,107.09274204078464,107.09274204078464,104.30652057512731,105.84346771240234,13499264
2009-03-17,105.53112305845022,105.53112305845022,103.31201065768842,104.0106201171875,9897992
2009-03-18,103.96955421295145,107.01056093696663,103.96955421295145,105.04212951660158,14668304
2009-03-19,105.61333682439508,107.71738261758878,104.38049631671733,106.6160430908203,13425064
2009-03-20,108.76938501797018,108.76938501797018,105.6133120520188,106.53382873535156,9503144
2009-03-23,106.86258164489385,110.12960808690839,106.45163492262786,109.4186782836914,12242840
2009-03-24,110.54467404315176,111.79806161129902,107.75845311459605,108.5515823364258,10746656
2009-03-25,107.85297272150754,110.9556206317662,107.85297272150754,110.04742431640625,13099280
2009-03-26,110.54467965095938,114.82674293049118,110.31454544968642,113.35144805908205,23946120
2009-03-27,113.01035835087903,113.91444121768608,109.31595101285133,110.53646087646484,16699616
2009-03-30,108.48997068549049,109.22967503107338,104.02298033846361,106.95303344726562,12393408
2009-03-31,107.66806693148581,110.12553092375019,106.92836265485728,108.81050109863281,12775224
2009-04-01,109.40638105039153,113.41721625617274,107.28589130735823,112.90764617919922,12438888
2009-04-02,114.73635844500967,117.94174381704075,113.63091545165427,116.6595916748047,15717736
2009-04-06,118.61978130790904,120.73615710467236,113.7541757222886,116.21985626220702,13856976
2009-04-08,114.24730469765205,117.91294753157024,111.48984811950993,117.13214874267577,19805776
2009-04-09,117.94173272072057,118.09789451278064,114.73634765026196,117.28421783447264,15061688
2009-04-13,117.94173805732636,120.56768423994494,113.19118877608079,115.82947540283205,18836512
2009-04-15,110.79127252024077,113.58571114463852,106.8585131098339,112.64875030517577,44636272
2009-04-16,112.76379786146452,115.06509985863727,108.48995129528657,110.56111907958984,27307312
2009-04-17,110.95563243785405,116.7746429521915,110.95563243785405,114.84319305419922,23499408
2009-04-20,113.83639645958513,115.88701732751112,112.84601048983885,114.52677917480467,14932696
2009-04-21,113.33908105340917,114.234946717332,111.36653722071749,111.97884368896483,8013864
2009-04-22,111.94191908835545,114.07884265391877,111.40768819696463,113.51173400878906,10622240
2009-04-23,112.69393070336581,119.97179171941137,111.481637775329,119.21154022216797,12194592
2009-04-24,118.44307387483767,119.83207593858936,115.43905906085133,119.05949401855469,11411288
2009-04-27,119.00196589792058,119.16634460348223,116.29793418485572,118.0156936645508,9638104
2009-04-28,117.53075759143819,120.74435881690809,116.54448549976178,117.59239959716795,9435696
2009-04-29,118.35269742835845,124.73470426501275,117.55956797026553,124.0443115234375,15414232
2009-04-30,124.0443115234375,124.0443115234375,124.0443115234375,124.0443115234375,0
2009-05-04,124.93604159903704,134.45357330742647,124.93604159903704,133.82070922851562,20014080
2009-05-05,132.78099180658344,133.55767705383747,127.41813738949858,130.02764892578125,18430600
2009-05-06,129.48929306313966,132.2426356957104,127.22086949780613,129.3043670654297,14468192
2009-05-07,129.03730390920595,129.36194788996502,125.69220074458487,127.61953735351561,14538144
2009-05-08,127.31136101419104,129.11952753601946,123.38270428542837,124.98539733886719,12951168
2009-05-11,124.92782315895748,126.46476012808981,122.64295501171381,124.73468017578125,6537800
2009-05-12,123.69498807591155,131.91392416068973,123.57992096414847,131.37557983398438,14131776
2009-05-13,131.52350713255706,131.52350713255706,128.21538580021186,129.36192321777344,7508488
2009-05-14,126.57165785385241,130.5167484882582,125.9881152040901,128.8072052001953,8547272
2009-05-15,129.1194620981961,132.0782785434762,128.26058744875948,130.91119384765625,8377648
2009-05-18,140.13287442022366,157.05566753713674,138.16032956034954,147.94908142089844,139624
2009-05-19,140.64653197796744,147.52989037279858,127.22911994266975,128.12908935546875,44417904
2009-05-20,128.0510452484636,132.16051396632184,124.54566642555396,125.82371520996094,33408600
2009-05-21,125.01001276765749,127.80445092288454,122.62652139996382,123.48129272460938,19423488
2009-05-22,122.46214671739685,125.66753176570455,122.05531339749477,125.11686706542969,9119160
2009-05-25,125.74969133027352,125.74969133027352,122.50732585128159,124.19220733642578,10456560
2009-05-26,125.26479223289869,128.26470364930233,124.19633063253573,127.20035552978514,11653664
2009-05-27,128.37978364927318,131.25641132387275,127.8989778873806,130.52903747558594,9898848
2009-05-28,124.72649022742182,133.88649207145977,124.72649022742182,129.7770233154297,20866896
2009-05-29,130.57837063100106,132.73584174292162,129.44826671523316,131.9221649169922,13918392
2009-06-01,132.7645847823214,138.5466044308657,131.94269115686006,137.79046630859375,13187728
2009-06-02,139.7095793037881,140.37942458340567,136.68090344391314,138.7890625,10426160
2009-06-03,138.75618617475814,140.37942602487007,132.58787073118046,134.91383361816406,13714024
2009-06-04,135.47735851714833,136.68727169779422,132.67631790287416,135.0712890625,10945016
2009-06-05,136.90276513072962,142.12363329249473,135.49395943628505,140.78941345214844,16594680
2009-06-08,140.7147803039152,145.18980865280298,140.21755493181658,144.369384765625,11278384
2009-06-09,143.36667071459283,149.16763426951857,142.55453177047218,148.73670959472656,16875544
2009-06-10,148.33891930861017,152.3167227314109,146.10140488328477,149.8968963623047,17733368
2009-06-11,152.84712229107816,152.84712229107816,142.5876986560751,145.1028289794922,16257800
2009-06-12,145.93565683321867,147.0958494485878,141.95785358052447,143.2382049560547,9467072
2009-06-15,142.9440666362127,147.1746214677725,139.56707629881365,142.13192749023438,16612752
2009-06-16,141.54352183658185,143.77688893388344,139.6374908048246,142.92332458496094,9519696
2009-06-17,140.7147971091421,144.3694020073125,138.92063998733246,141.82940673828125,13470704
2009-06-18,140.21752738703958,146.0184889219644,139.69129932815767,143.01441955566406,12714408
2009-06-19,143.2009469412679,147.93287435690996,142.30179950018228,146.7146759033203,14974920
2009-06-22,147.52677583116585,148.27261394985945,144.85833683071502,146.38316345214844,9418608
2009-06-23,144.2989785850204,146.673232287467,140.96342430617068,144.8044891357422,12632032
2009-06-24,145.05307322499888,147.08755780237675,142.72025544022893,145.64974975585938,10190424
2009-06-25,146.22571843126428,148.9853237379737,144.874918572745,145.77821350097656,13230880
2009-06-26,147.92457361910252,152.48247364658187,145.43844633138653,151.41343688964844,12946176
2009-06-29,154.13160702124856,171.54278313131258,146.76438112345633,147.7546844482422,9795432
2009-06-30,148.7532808758526,149.08476451011634,145.70362739419514,147.2201690673828,8956848
2009-07-01,146.72709187203523,150.14136927397604,146.23400389418924,148.7698516845703,7992144
2009-07-02,148.43423987947378,149.4991291029169,146.2754485197769,148.89002990722656,8419040
2009-07-03,147.94115579497551,150.49358406452782,144.82935895624,149.5944366455078,8891848
2009-07-06,149.99636005267627,150.77534869716004,145.0531078210947,145.95225524902344,13548688
2009-07-07,148.91904703714164,148.91904703714164,142.9523406450024,144.02137756347656,12685960
2009-07-08,143.28384606643374,144.02968447857828,140.05187961380742,141.4109649658203,9024592
2009-07-09,141.70920608274048,141.70920608274048,138.39437085273485,139.02005004882812,10921792
2009-07-10,140.88053340431375,146.66492641052164,137.98005183422495,142.6332550048828,24205400
2009-07-13,141.94129196996602,147.08757321394552,140.97169629925386,146.68978881835938,8249000
2009-07-14,146.67321491402333,150.82089758678336,145.11523787344186,150.1455078125,11646872
2009-07-15,149.30437129966862,151.11095099874896,145.43844147319138,148.4756622314453,15574832
2009-07-16,149.16763563789476,150.62616160758307,146.42461058354678,148.76156616210938,9393272
2009-07-17,149.35410133804444,155.3000892814511,149.33338361001864,154.6619873046875,12571528
2009-07-20,154.9768918553366,165.24459996461854,154.9768918553366,163.37171936035156,20075736
2009-07-21,162.8330359752083,163.2556755485908,159.57206803251654,161.0305938720703,14524536
2009-07-22,161.03059938412693,163.65346552306832,156.8456187255437,159.09556579589844,15314264
2009-07-23,159.11217693044034,163.96427366399584,159.11217693044034,162.32342529296875,17288488
2009-07-24,162.43527911440052,167.1506362198724,162.43527911440052,166.0443115234375,14041208
2009-07-27,165.74185418897284,169.46276083873127,165.35236487806074,168.053955078125,10443320
2009-07-28,166.9848736698673,168.93648753015697,163.00707022760744,165.49734497070312,14101128
2009-07-29,162.4518500862529,165.56779430141782,161.1176203328074,164.47389221191406,13927608
2009-07-30,164.60236770619335,167.56500314760123,164.60236770619335,166.89788818359375,22281496
2009-07-31,168.38538760685023,172.28860506342676,167.95445284729075,171.07455444335938,16582960
2009-08-03,171.04557738562534,173.48197431947597,169.73206522223782,172.0773162841797,14640824
2009-08-04,172.37147123470947,172.98885539053776,167.48208815641723,169.36740112304688,9584856
2009-08-05,170.68918228598787,174.60897975550105,170.68918228598787,173.91287231445312,10347128
2009-08-06,174.0289044948018,174.0289044948018,169.06493514813934,170.5814666748047,6832848
2009-08-07,170.5483126629043,170.5483126629043,167.81772054692354,169.0276336669922,9850600
2009-08-10,169.88535348001264,175.27196224889107,169.88535348001264,173.00958251953125,12412080
2009-08-11,172.2885805245996,174.8575781177995,170.66845057665142,172.7609405517578,9207256
2009-08-12,171.3770545882792,171.54279642056963,165.4103486258246,169.28871154785156,7314200
2009-08-13,169.9806321958715,172.67808393817907,168.7748667148257,171.02896118164062,11459720
2009-08-14,171.12843197428762,171.12843197428762,167.89646643094758,169.25140380859375,4906088
2009-08-17,167.81772590499057,167.81772590499057,163.3592672841095,164.29156494140625,10796904
2009-08-18,163.25570964121962,165.49322444340893,162.01264586222555,163.5333251953125,10879064
2009-08-19,164.49877094617722,164.49877094617722,160.35522507851533,161.72259521484375,7609192
2009-08-20,163.33855857339054,165.46005178075788,162.42697859149948,164.9503936767578,4696576
2009-08-21,165.3274533470268,169.47099854369412,163.25568074869312,168.48483276367188,9837224
2009-08-24,170.70577325155443,172.73611047323425,169.93921736173655,172.03170776367188,5919008
2009-08-25,169.98893065896408,174.43909386488517,168.64227855746103,173.61453247070312,8148232
2009-08-26,174.44324259457434,181.32152721944354,174.44324259457434,180.62954711914062,14303176
2009-08-27,180.63372845016877,182.64749572074447,179.05090612110254,181.636474609375,13123784
2009-08-28,180.74142637326253,182.23310251939674,177.44316062593523,181.54112243652344,7292688
2009-08-31,179.46523990703932,179.46523990703932,175.8727780835049,176.61032104492188,10788632
2009-09-01,177.339579465938,181.48727208209883,175.90178148165725,177.74978637695312,11446120
2009-09-02,177.34372621155703,180.65856221551135,175.68630820957983,179.40307617187497,7847928
2009-09-03,179.91272919159334,182.64746897202753,177.00395242317907,181.25523376464844,13643728
2009-09-04,180.6544006692643,183.6419004334867,179.09229646235897,182.40298461914062,9014920
2009-09-07,183.5590334585283,184.80209689052737,182.0010565773257,184.32144165039062,8133400
2009-09-08,184.64470305071907,185.5479879765896,182.09642228686016,182.6309356689453,7909128
2009-09-09,182.7386416856571,183.8491037257341,180.4099611498414,181.46241760253906,7556600
2009-09-10,183.4761615804855,186.45121861894327,183.4761615804855,185.65567016601562,8824944
2009-09-11,182.96651314157265,188.52299045111388,182.96651314157265,187.90145874023438,9594120
2009-09-14,184.62391917886217,187.5989760176568,184.62391917886217,186.471923828125,6304472
2009-09-15,186.11975668194404,188.53130810039772,185.63082643731468,188.16253662109375,6428216
2009-09-16,188.93321209255015,192.6748247907881,188.29923762652828,192.26461791992188,10085952
2009-09-17,193.0891991801613,196.38746508383255,192.2604901708044,195.73277282714844,10261328
2009-09-18,194.8791968071355,197.89568916894396,194.0463403000068,195.92750549316406,5975112
2009-09-22,195.51323172865426,200.63051139772045,194.75497085031236,199.73135375976562,13272872
2009-09-23,198.89016296705518,199.20922402967625,195.41788029811678,196.15127563476562,10933336
2009-09-24,193.91790512815552,193.91790512815552,187.28408556655017,189.31442260742188,44169688
2009-09-25,189.76603975709503,189.96494202907232,185.05898946922383,185.67222595214844,21200256
2009-09-29,188.87520290068045,190.60306925175877,188.38212509404676,190.2177276611328,6782824
2009-09-30,187.61971999829788,192.67484496291632,187.61971999829788,191.13343811035156,8042976
2009-10-01,193.0892266856804,194.7466449404931,189.6335136708272,193.6486053466797,15046512
2009-10-05,191.84614784526542,193.5035659691986,189.8696686396132,192.5174102783203,7023408
2009-10-06,193.90963377607855,194.96211051641464,189.04926300847097,191.62655639648438,10445384
2009-10-07,191.8503319679857,192.93180154620998,184.55354324152856,186.68746948242188,15837168
2009-10-08,187.45396915963306,187.69843425954247,181.42511139819922,183.2109832763672,18074064
2009-10-09,184.80214475107772,188.68050770977396,179.54813671065892,180.459716796875,25903608
2009-10-12,181.4873156080807,186.04521622837495,181.32157376734273,185.5811309814453,9146696
2009-10-13,185.5811309814453,185.5811309814453,185.5811309814453,185.5811309814453,0
2009-10-14,189.6086428710421,189.6086428710421,183.22758277442048,186.94435119628906,8163800
2009-10-15,188.5383842101873,189.0919214477353,181.96243173663112,184.57615661621094,7204728
2009-10-16,184.6260817822896,186.4240715913014,181.88333138563448,182.29119873046875,8313992
2009-10-20,183.04448604627083,185.04224305632565,180.64717356975805,182.15798950195312,12591872
2009-10-21,183.52736274849062,186.37416368539982,181.46300885849558,184.5095977783203,12899344
2009-10-22,183.12783051014986,187.2898266581078,182.39531512365988,184.22242736816406,15117160
2009-10-23,185.62499513879288,189.37079100482234,184.13915464970393,188.1221923828125,12532216
2009-10-26,188.57168135591965,191.40183825645985,185.62499671190162,189.2792205810547,10029776
2009-10-27,188.53842478082757,191.44765601266516,184.43052646961814,186.67385864257812,14337256
2009-10-28,186.50735328426882,188.78811872372665,184.8217450813784,187.8475036621094,12262776
2009-10-29,187.2065548814193,187.2065548814193,182.7282437237646,183.82286071777344,15260688
2009-10-30,185.45850912318193,187.2065471355638,178.3123551198571,183.6438751220703,14282728
2009-11-03,183.3774645323677,187.06499545963126,177.30928511500315,178.38723754882812,12042264
2009-11-04,179.7149777917307,188.12220926786074,179.7149777917307,186.2201690673828,12771288
2009-11-05,185.30449593320466,186.64466645699812,180.2019063023528,184.92991638183594,9016400
2009-11-06,186.49063870837992,187.28974976962573,182.50762222328896,184.676025390625,6601328
2009-11-09,185.62499275376746,186.45739182441216,183.12779554183336,185.7998046875,5086712
2009-11-10,188.62162985046436,188.94211162231136,183.1777480445776,184.6219482421875,6127880
2009-11-11,184.12664611690724,192.70035522632924,183.96016632837478,192.0136260986328,9474696
2009-11-12,190.34462708671305,195.53047560855182,190.34462708671305,193.6492462158203,8001216
2009-11-13,194.1903549656266,197.65314294137988,192.50060125007363,196.4211883544922,7251216
2009-11-16,197.06209893335486,197.66975416851903,194.39011077327265,195.7760467529297,5099088
2009-11-17,196.11739119687493,200.17533675096155,196.11739119687493,199.63427734375,8147944
2009-11-18,199.74667855458372,203.3884252853163,199.7175567740863,202.54771423339844,8816704
2009-11-19,197.09957114134144,201.44052304416252,197.09957114134144,200.6039581298828,6498616
2009-11-20,199.8673010638475,203.85448352742415,198.11093131697407,201.99822998046875,6156416
2009-11-23,201.51548648308497,201.51548648308497,199.02662134629668,200.3542938232422,4655008
2009-11-24,200.8329067332218,203.67970730643268,198.96417500482076,202.6641845703125,7325904
2009-11-25,202.77238386188,204.52042165379277,201.12422987934283,202.98464965820312,5025976
2009-11-26,203.5215661785384,203.5548540113885,197.02885363787337,199.23054504394528,7643840
2009-11-27,196.1131992672373,199.3595552822722,192.04277639266672,193.77000427246094,8169288
2009-11-30,195.83018703486374,199.18473857861477,195.63456515079082,198.05685424804688,7009016
2009-12-01,202.02325948981718,202.02325948981718,196.0299860315284,199.42201232910156,6511080
2009-12-02,200.18363185085985,200.4416836755182,196.279688582588,199.39285278320312,7410024
2009-12-03,199.94223442625795,201.35731268822565,196.7874504299439,197.85707092285156,7344480
2009-12-04,198.2774525551288,201.73190859250826,197.29938367707558,198.41064453125,7718720
2009-12-07,199.35121668280547,201.97743943814208,197.69475089890642,198.99330139160156,6889896
2009-12-08,199.75083670324796,204.02104876510649,198.12349216415245,203.64646911621094,8611792
2009-12-09,202.27291769383692,204.93659397622488,201.61947647691872,204.48294067382815,7670064
2009-12-10,205.14056266046893,205.14056266046893,202.28128435613604,204.18330383300784,4517448
2009-12-11,205.18636542074833,207.15498104122287,204.06679276515257,204.8325958251953,6840432
2009-12-14,204.35390647594306,209.5980189435538,203.94187313222093,207.9956512451172,9189776
2009-12-15,207.26732820700218,209.34832547815682,206.8677726664927,208.60333251953128,8746848
2009-12-16,208.59919516764822,212.761190282725,206.98434919189515,211.83721923828125,9163072
2009-12-17,211.84552105109455,214.08883203274775,211.02976606079187,213.01087951660156,8603088
2009-12-18,213.4271399770217,213.4271399770217,208.84894469670337,210.25985717773438,11180776
2009-12-21,206.67224862280898,211.82895773015727,206.16447696932656,208.94053649902344,8766008
2009-12-22,209.756228366001,210.60529165433107,207.83339875489702,208.29953002929688,5762168
2009-12-23,209.0153879993367,216.00753956920698,209.0153879993367,215.0710906982422,10708656
2009-12-24,215.91591093483515,216.42368231839956,213.10656505858668,215.74111938476562,5583144
2009-12-29,216.0158704458087,216.5818855023217,213.36883758798922,214.52169799804688,6281944
2009-12-30,213.68520061852223,217.2561849549759,213.4021727053102,214.7589874267578,4970400
2009-12-31,215.17511892832678,217.5890757751049,215.17511892832678,216.51528930664062,9255248
2010-01-04,217.25614807811453,218.92094614767862,216.03252556143332,217.4725799560547,4069264
2010-01-05,218.08851523463147,218.97917800721058,216.43204952643964,218.20089721679688,6895528
2010-01-06,223.33268804290358,223.33268804290358,214.35110950022877,215.01702880859375,6817288
2010-01-07,215.3083413619169,215.3083413619169,209.61471979984884,210.18492126464844,10892600
2010-01-08,209.68128581747234,210.03922141388327,204.6036524570651,205.11973571777344,12649312
2010-01-11,206.02709586154714,208.49098484265386,205.93552383765368,207.23822021484375,7849656
2010-01-12,208.09972837296425,215.92427815978772,208.09972837296425,215.33743286132812,24859680
2010-01-13,206.17276476933313,224.33154173485502,206.17276476933313,223.37428283691406,19704040
2010-01-14,222.99971748193917,224.98914318948013,220.60240402462753,223.89454650878906,8413904
2010-01-15,223.89456066606556,224.12347043159457,220.93121157250107,222.73336791992185,5049504
2010-01-18,221.66782880676828,223.91530585437727,221.085149572203,223.63644409179688,6140088
2010-01-19,223.08293612664525,223.7488553389636,218.76279336562664,219.41204833984375,5837512
2010-01-20,220.47335938905465,222.51690305766576,219.58686255728605,221.2266845703125,6091992
2010-01-21,220.0031286330589,221.8094309974165,216.42381174648247,218.52145385742188,6682792
2010-01-22,216.42377648640363,217.25617562673594,212.4282606128085,214.39273071289062,13486496
2010-01-25,212.26171639460495,213.92234811136208,209.59803995357458,211.62077331542972,6498712
2010-01-27,210.76343546667377,210.91743741690286,206.86363786241608,208.28704833984375,9840856
2010-01-28,209.18187281211593,212.66961656178182,206.39333610729864,207.41302490234375,12732872
2010-01-29,204.1374989152346,208.0997258238156,200.17529232889245,206.0603485107422,15012280
2010-02-01,203.6880547320703,210.59696709118833,198.95171209911436,204.0418243408203,12308784
2010-02-02,208.1830120479366,208.1830120479366,201.57791715134482,203.10121154785156,9889384
2010-02-03,203.93771994201117,208.099714226542,203.93771994201117,205.86888122558594,6405608
2010-02-04,205.1864103790695,205.60260999444287,200.81631441764918,202.19393920898438,6176408
2010-02-05,198.97665652220272,199.64674180755193,193.86573459354534,195.83851623535156,13544872
2010-02-08,197.6864530501699,203.2718591095551,195.15596792889104,200.07545471191406,9252480
2010-02-09,200.10867543992535,206.60138620711095,199.29708659402715,205.9188232421875,10387392
2010-02-10,207.3506639891309,207.78350755725592,203.77134702745585,205.34873962402344,7187984
2010-02-11,205.85229725808512,209.61057106254896,205.60257752829366,207.9707489013672,6453888
2010-02-15,208.68244231870335,211.6291268336365,206.00628749564729,207.9873809814453,8950128
2010-02-16,208.09974388024952,212.3449786554066,207.12167508401234,211.5500335693359,4418096
2010-02-17,212.27839893674673,213.62688131595738,209.23183064626969,209.65217590332028,7991184
2010-02-18,210.01427525672517,212.0120329286084,209.0986363237787,210.90077209472656,3721696
2010-02-19,210.17245356626174,211.803964031579,208.5284652425739,210.7967529296875,5998992
2010-02-22,212.6862256420852,215.73279305853666,212.6862256420852,213.78915405273438,5855400
2010-02-23,212.93599537542664,215.50810014513377,212.67794355767353,214.86715698242188,3786032
2010-02-24,213.76007822772274,216.28225143948436,212.34499982824016,214.4509735107422,5427016
2010-02-25,213.9764403335261,218.8959049717778,213.9764403335261,217.86790466308597,8729568
2010-02-26,218.0053193267388,218.9209583158927,214.93377484656517,216.58607482910156,10546368
2010-03-02,219.04995016556336,220.64815208813496,218.30910290531963,219.83656311035156,8534656
2010-03-03,220.67727830019905,222.79156335615184,219.14148608727237,221.9383544921875,5904976
2010-03-04,221.5846216788087,221.75110148472817,216.7567073071442,218.4048614501953,6755240
2010-03-05,219.24554986772628,219.75332135277824,217.51001026174995,219.3953857421875,4984808
2010-03-08,220.83542042712193,223.0287995806137,219.59515423850334,221.38064575195312,8664992
2010-03-09,220.5898732621793,224.8725615130552,217.90955288438371,223.4116973876953,7958752
2010-03-10,222.65836320284436,224.03598738226455,220.58569816782295,221.3556671142578,7330952
2010-03-11,221.83430871971376,224.3315054407612,220.58571035919005,223.32846069335938,4298424
2010-03-12,224.73942310153114,225.08071485872765,221.11017524759896,222.52108764648435,3176920
2010-03-15,220.9520237266521,225.78827094943478,219.42041740929403,224.85182189941406,10582856
2010-03-16,224.74776298626858,228.48939297598005,223.27442060447413,227.44058227539062,5881344
2010-03-17,227.6610953188,229.21767717115725,225.82981776961768,227.93579101562503,6352000
2010-03-18,228.07730845830403,232.5639305943361,228.07730845830403,232.03953552246094,8923048
2010-03-19,231.41523551591447,232.6555017973156,229.74627159063073,230.77012634277344,12582544
2010-03-22,229.084540581521,231.1572059957625,228.318717231484,229.52569580078128,4108528
2010-03-23,230.57869523012022,232.988486335162,230.08756761363207,231.0323486328125,4792560
2010-03-25,230.6577305003089,238.8984794427595,228.98045487980647,234.23287963867188,15207528
2010-03-26,234.40358563851194,235.15274482556683,229.9918704258553,230.978271484375,9105680
2010-03-29,229.5756759801348,230.57455491840952,224.76857108968784,226.13369750976565,13981704
2010-03-30,225.99632031842526,225.99632031842526,218.97088114165845,220.0946197509766,10649936
2010-03-31,220.91043122612342,222.80830560117036,216.97319898869083,217.75148010253906,13070104
2010-04-01,218.10515932541938,222.91642911154278,218.08851541159152,222.2879638671875,8187000
2010-04-05,222.99962211854208,223.91526073119752,219.58678728955357,222.91221618652347,7318616
2010-04-06,223.24943122486076,223.4991509465888,220.19036463369238,220.68980407714844,5348808
2010-04-07,221.04772562985724,222.65009374197493,217.87211117795172,220.06549072265625,8380880
2010-04-08,219.7533380015251,222.90812211136256,218.92093899394357,221.73028564453125,7227984
2010-04-09,222.2505030576876,224.55624391260244,221.83430361375937,222.76658630371097,8260312
2010-04-12,223.5740130764927,224.58122387733624,220.75635498508882,223.34095764160156,8325648
2010-04-13,223.9153102457098,232.5597811883665,219.337116170054,231.56504821777344,57635400
2010-04-15,232.07282433291383,235.12772437643503,229.68384344099354,233.20489501953125,22395128
2010-04-16,232.41417295213625,233.82091937555123,230.6619686908716,232.12283325195312,6244344
2010-04-19,230.96160957549475,230.96160957549475,227.74439516307183,229.06790161132812,8754896
2010-04-20,230.19993207760507,232.2351434676128,226.41251681471192,227.02017211914062,9542128
2010-04-21,228.32704056949495,228.88890988186975,224.77270098380913,225.7840576171875,6496288
2010-04-22,225.41365579493623,229.97937257241207,224.16505725840594,226.2793426513672,6978144
2010-04-23,227.66115896339764,229.21774125091062,226.15036269186177,226.9910736083984,5888336
2010-04-26,227.25332908591562,229.24275517952597,226.83296339704472,227.989990234375,4454288
2010-04-27,227.17002553733337,228.27709998033222,226.9452615432889,227.8650665283203,3280256
2010-04-28,225.58851276994426,227.40729280802984,224.0069543078285,224.70616149902344,5544496
2010-04-29,224.6645832428408,227.48640889383432,222.66682481459767,225.50946044921875,11319960
2010-04-30,225.7465639846134,229.64219459569796,222.84150018022544,227.92327880859375,8067024
2010-05-03,225.41366255341623,225.99217582823889,223.24942502520764,224.32321166992185,5408952
2010-05-04,225.16391650947068,225.24715640466826,221.04354169719016,221.93003845214844,6576208
2010-05-05,220.5357714820165,225.4136374976792,217.2561277211753,224.1650390625,12122080
2010-05-06,223.94032003112102,223.94032003112102,220.21533428993655,221.26414489746094,7808360
2010-05-07,219.59517220811767,220.1986614388422,217.01056943829093,217.82632446289062,8984392
2010-05-10,218.088547535249,223.39925745189166,218.088547535249,222.7250061035156,5635408
2010-05-11,222.23387013917312,222.62509357137338,219.42035769457476,221.4805450439453,5802824
2010-05-12,221.0851801075413,224.65616378083342,220.77303047448285,223.22444152832028,9185176
2010-05-13,223.41591819667119,226.66227468313548,221.52221024623367,225.25967407226562,4923880
2010-05-14,225.580111919502,226.99519011235498,218.92092042372335,220.74386596679688,6824496
2010-05-17,219.33708360044307,220.423368097902,214.4300967433548,217.78466796875003,8170824
2010-05-18,221.418086254851,221.418086254851,214.92954151344662,218.85429382324222,7144600
2010-05-19,218.5880373443174,220.78141743971372,215.87857379184155,216.66104125976562,11939240
2010-05-20,217.4226550859728,219.29971920868692,215.30003728172613,216.4862060546875,6508872
2010-05-21,213.76005347783723,217.08964932640168,212.95679660826718,214.90460205078125,7127200
2010-05-24,217.33936701184408,218.9209250253351,214.69650033140516,216.45701599121094,7186104
2010-05-25,215.32910137360332,215.32910137360332,208.94044029679895,210.87991333007812,8838128
2010-05-26,214.78621979848666,221.05382346432404,214.04934169246349,219.4754180908203,7868856
2010-05-27,220.0407095362165,223.07193824198808,217.30255582438147,221.34280395507812,11312696
2010-05-28,223.5784994023118,224.78009437506316,220.83615535575004,224.19813537597656,6793992
2010-05-31,229.01709026282134,229.01709026282134,219.7684882748676,222.56944274902344,7020752
2010-06-01,222.31826078498975,222.52760001360085,219.1865541022813,219.75177001953125,5782888
2010-06-02,220.64353278974343,222.0628485799431,219.730821988913,221.08314514160156,6557144
2010-06-03,222.7368830291318,226.57198081806362,222.7368830291318,225.91883850097656,5517096
2010-06-04,225.918927890326,229.26835602806247,224.61683361312353,228.5105438232422,4950400
2010-06-07,226.9237354883151,226.9237354883151,221.89959374318633,223.71246337890625,7781952
2010-06-08,223.71242595208435,225.16524820764266,221.71953308121994,222.2763671875,6651144
2010-06-09,223.4068741312497,223.4068741312497,219.09448506912102,219.8020477294922,5427120
2010-06-10,219.82293278444408,222.2345247833345,219.43356999708453,221.52696228027347,5187448
2010-06-11,223.14728605410767,225.324414520473,219.4712965516755,220.28771972656247,9912864
2010-06-14,221.90796420988698,231.01422066003693,221.90796420988698,229.97169494628906,9728848
2010-06-15,229.98010502334498,232.7852510340066,227.93696207647625,228.9920196533203,7946312
2010-06-16,230.68333975859815,232.7432449772609,229.60315802397892,231.8975067138672,5720064
2010-06-17,232.45026153161206,233.10340396318878,229.1008341320211,231.51661682128906,5639240
2010-06-18,226.74377723218274,235.7160514391302,226.74377723218274,233.30445861816406,8356232
2010-06-21,234.40973528064788,236.03422029902654,233.72729743053503,234.5269775390625,7164752
2010-06-22,233.62255605723007,234.40549287222572,231.11048556199106,231.70501708984375,4763688
2010-06-23,230.03032556765254,234.8744230395989,227.58105659904297,234.2715301513672,4948088
2010-06-24,235.66563141846453,237.28173373203396,233.04053076468625,236.3606414794922,12316104
2010-06-25,235.29730314782938,235.4605836645597,232.03161104008373,232.59263610839844,3345664
2010-06-28,231.94790007338995,235.88347816127776,231.94790007338995,235.21359252929688,3834168
2010-06-29,233.87797773521473,235.59875028789358,231.705040624778,233.9198455810547,3773072
2010-06-30,232.61778047699005,235.1842715695169,228.7659381796749,233.7063446044922,9449976
2010-07-01,233.70631718212465,233.70631718212465,230.3568894905141,231.7008514404297,5847248
2010-07-02,232.3623380795203,232.3623380795203,227.42612347205113,228.38908386230466,11169440
2010-07-05,228.59842948905913,230.44061463512483,227.76107260448384,229.72467041015628,3616720
2010-07-06,229.68702957501776,234.37622886637794,229.68702957501776,233.21231079101565,5872600
2010-07-07,234.4264529842866,234.4264529842866,231.5459328952842,232.9317626953125,5923392
2010-07-08,234.96233682023862,238.34525038474217,234.46830444614787,236.84638977050784,6278192
2010-07-09,237.65027309501232,241.20065822044015,237.65027309501232,240.6396331787109,7859112
2010-07-12,238.65085921764307,243.6708087315495,238.646668345332,242.49012756347656,8597240
2010-07-13,240.32146049779809,240.74432987409085,232.8689831513507,234.1878204345703,25502384
2010-07-14,233.61840326782072,235.2135723809911,229.18460220960225,229.6786346435547,14193928
2010-07-15,230.18525937138998,232.45031425274797,229.43582890941263,231.0770568847656,8328136
2010-07-16,230.69182665518903,233.70631150440386,230.35688389416518,232.5340118408203,8205560
2010-07-19,230.18948393727467,233.85711239714135,229.07998569712592,231.98561096191403,7047120
2010-07-20,231.98554157011597,232.9945607376185,230.56622569309346,231.08119201660156,5054736
2010-07-21,231.72180628314825,232.70150988273429,231.11053158558713,232.08604431152344,2634480
2010-07-22,231.50828485217104,231.50828485217104,228.3514529379613,230.64999389648435,8226952
2010-07-23,233.37134557896013,240.32559805309643,231.52916057618398,233.32528686523438,5323096
2010-07-26,233.62260378599265,235.29731779162702,233.62260378599265,234.83258056640625,4470816
2010-07-27,234.71118149133946,237.3069883505016,234.71118149133946,236.8715667724609,5093960
2010-07-28,236.88822312142926,237.68371202904808,235.46471665516407,237.1478118896484,3725168
2010-07-29,236.53655237191194,237.80933061613075,235.36844372743613,237.23573303222656,3613008
2010-07-30,235.7159947334302,237.07669985400506,231.1105312484076,233.48861694335938,4472672
2010-08-02,234.4599725723132,235.5317936784441,232.88154636535972,234.20457458496094,3815232
2010-08-03,234.8786343187286,236.0509340978595,231.90601702164665,233.1453094482422,2434584
2010-08-04,233.62256153456374,242.16360141862307,233.62256153456374,240.69822692871094,9536024
2010-08-05,241.1588258037815,243.4029467436685,239.61390616463342,240.25866699218753,6594296
2010-08-06,239.56781258724865,242.16361901514264,238.81419136624717,239.80227661132812,3676480
2010-08-09,238.52111999021875,241.4016196337453,235.82064390818098,240.71080017089844,4201544
2010-08-10,240.32142844506404,240.32142844506404,235.71596553061158,236.89245605468753,4811984
2010-08-11,237.30695282281258,239.30822769859174,234.4599392744796,235.3726501464844,5344800
2010-08-12,234.12499591660776,234.12499591660776,230.60809683631535,232.1739501953125,6973400
2010-08-13,232.36648060970938,234.2924009895376,230.69176723594572,232.5548858642578,5561808
2010-08-16,231.1105179009651,232.6177604090149,230.27316095204858,231.2696075439453,5193608
2010-08-17,230.69184359280203,232.49216106548633,228.598451182704,230.31503295898438,5140640
2010-08-18,231.53750531389343,236.09271750627212,230.95552606277533,235.06695556640625,6128144
2010-08-19,235.71599691651255,236.55335392154456,233.45094212924369,234.84515380859375,4826744
2010-08-20,234.71111601091195,234.71111601091195,230.60806760401408,231.9143524169922,4624824
2010-08-23,232.1153503417873,235.29730680390415,231.21938247926934,234.7237091064453,4511832
2010-08-24,233.53886322112533,233.53886322112533,230.70859252190021,231.55014038085938,5247552
2010-08-25,231.27798438553728,233.9533356919267,230.77137935353045,232.02322387695312,3502008
2010-08-26,232.36657040495396,233.032265139619,230.05128644832365,231.58363342285153,7834984
2010-08-27,230.94305474222392,230.94305474222392,224.52889210760208,226.9153594970703,6973800
2010-08-30,227.7066401287482,229.10083108799054,223.26445801040686,226.1240234375,4781168
2010-08-31,224.83035638381133,228.09604871117398,224.08928725528762,227.2461395263672,7722280
2010-09-01,227.2461422459104,233.1620613939624,226.77721413905502,232.46286010742188,10131800
2010-09-02,234.3762102553163,235.63224568005003,229.92983667444489,230.5243682861328,3402512
2010-09-03,231.202680214953,234.79493404568305,231.202680214953,232.57174682617188,7606688
2010-09-06,233.3085761472795,237.8093696754684,233.2541561237873,237.11016845703128,6391192
2010-09-07,237.80944896114858,240.56434602003688,235.31412037282755,239.89865112304688,8321272
2010-09-08,239.23283422207453,241.71141849073217,236.5532925017013,241.10850524902344,9386496
2010-09-09,240.32979978336624,242.83348860930082,239.3165898087523,242.4148101806641,7591392
2010-09-13,241.99614415910432,246.60160711022914,241.32625863894071,245.92333984375,6650488
2010-09-14,247.07053293913353,251.20706781178757,247.02028334825778,249.16392517089844,9767144
2010-09-15,249.1137203422151,256.23125520913555,248.61130611631484,255.6325531005859,14344648
2010-09-16,253.89083395833447,253.89083395833447,247.7111351930122,248.35589599609375,7088984
2010-09-17,248.35587947871556,252.25378015364714,247.80740659005647,248.7075653076172,8616488
2010-09-20,249.1136277444721,252.71426169170314,249.1136277444721,251.92715454101562,5025976
2010-09-21,252.4631416298186,256.64992673147395,250.9224128897241,256.1600646972656,9223912
2010-09-22,256.27311102593,256.4740685295377,250.7423639268945,252.40452575683594,10806440
2010-09-23,251.6299486741989,254.11689467096176,248.9504064946221,253.12461853027344,11181376
2010-09-24,253.12462043224966,256.12236235683315,250.67535139032643,255.31851196289065,8791520
2010-09-27,255.81253039078115,256.2312088365926,253.16230400610823,253.93685913085938,7210320
2010-09-28,253.30043269384072,253.5600214798643,251.29077636833588,252.59706115722656,6209144
2010-09-29,253.38422901365675,257.8222211279078,251.42482180467923,253.80709838867188,8972920
2010-09-30,255.13852514755214,257.48731597215107,251.83096450335705,255.435791015625,13665816
2010-10-01,255.47748842198177,260.4220830354871,253.40922179152088,259.76055908203125,8086512
2010-10-04,260.58552115096353,264.77230651649955,256.44479451310593,257.77618408203125,7636640
2010-10-05,257.4872369208031,260.5017216457296,257.0685584867856,258.2994689941406,5189152
2010-10-06,260.0831097330995,261.49823502471196,257.6212880887299,259.8988952636719,5788528
2010-10-07,258.65951626142333,259.37126954346354,254.7239392901424,255.68270874023438,6833672
2010-10-08,256.2312647687299,258.3790774872702,254.30953437162196,257.5961608886719,6548160
2010-10-11,257.93108517515753,259.32946730022763,256.11819497342526,257.44122314453125,4493832
2010-10-12,257.23604767506305,258.32042080560933,255.41898723424438,257.5039978027344,4625624
2010-10-13,257.9896257950822,265.006679751193,257.5039547704924,264.00604248046875,13024504
2010-10-14,265.03188049830203,270.3783928437783,264.2866204791289,266.7191467285156,9193376
2010-10-15,267.95426381043643,271.1362206931854,256.32755265497156,257.5961608886719,25870360
2010-10-18,257.94774273056873,261.1631844220619,254.49783706415263,260.1709289550781,12591096
2010-10-19,259.13688542290635,260.0035581578343,251.29085385472035,252.06121826171875,14077712
2010-10-20,252.02775481058168,254.94176173169453,250.36978359311323,252.76463317871094,7093856
2010-10-21,254.39812729871497,257.8391914075887,252.89185893556947,257.5039978027344,9231920
2010-10-22,255.02605648657308,261.7851615507997,254.8351210811676,259.0908508300781,11345744
2010-10-25,259.5703772332123,260.9366139874099,255.43768974297717,256.2056579589844,5224432
2010-10-26,256.2777717698159,258.2550183247165,254.80968635088186,255.7558898925781,6925872
2010-10-27,254.75031658326986,255.42919817309868,251.79717752395004,252.9003601074219,9072696
2010-10-28,253.222852263555,257.37250800983304,250.1721320308212,252.10694885253906,18232152
2010-10-29,253.64704011630548,254.41078162217593,249.82833258695328,252.178955078125,6886024
2010-11-01,253.1379316341566,257.2918335427189,253.1379316341566,254.7205657958984,4552944
2010-11-02,254.7503765284648,257.3471075077245,253.29078491044137,256.8761291503906,4998504
2010-11-03,257.29189779204285,258.3781125739017,255.85776859579968,256.64697265625,3047536
2010-11-04,258.31436548824234,261.79363256610634,257.3766564371086,261.1274719238281,5514792
2010-11-08,261.7088117412548,261.7088117412548,255.153362419915,255.92982482910153,5381520
2010-11-09,257.70339775245384,260.9450524721213,257.1263443871634,259.6551818847656,5266960
2010-11-10,258.6538411887221,263.49087168339304,257.1348521801545,261.59423828125,9728432
2010-11-11,261.70885583150556,261.70885583150556,258.90846924186883,259.21820068359375,5586392
2010-11-12,257.80522978544036,257.8688749211675,253.64708091793324,254.39810180664065,7499456
2010-11-15,254.83514301932505,258.3950237407831,252.6797025443179,257.130615234375,5850488
2010-11-16,255.59890203895782,256.192923391638,249.51018317398595,252.11538696289062,8375136
2010-11-18,253.64714611393416,257.28341409025103,251.07163067238614,254.91580200195315,7128224
2010-11-19,253.52411213998764,255.31889720665117,249.91330623737358,251.50868225097656,5664792
2010-11-22,252.14925890345282,260.3509855422257,252.14925890345282,258.28887939453125,8780144
2010-11-23,256.9481658101936,259.5703581608326,252.8791237673028,255.60739135742185,4579872
2010-11-24,256.60875162611836,257.54221383024077,250.358806155646,254.232666015625,4038888
2010-11-25,255.05150775878602,264.0000092319069,255.05150775878602,260.0412902832031,18331976
2010-11-26,260.5207329724146,263.40597887504066,256.86749835508516,258.1488952636719,9515792
2010-11-29,260.09646207244515,262.6974184060423,258.92114024544725,260.0073547363281,4964328
2010-11-30,258.27187405176454,261.59838788514645,255.61574713579557,258.9083251953125,9072544
2010-12-01,258.8065366451244,260.2236972640957,257.550602053328,259.02716064453125,4624096
2010-12-02,259.3327725361062,263.8642989523241,257.2961277256132,262.9393310546875,7197360
2010-12-03,263.6606268359375,267.1314005370903,263.3211860546875,265.1881103515625,6647816
2010-12-06,265.61242385265007,269.5499288136883,265.2729830553943,266.7495422363281,6023648
2010-12-07,266.9574920230257,271.1283629340839,266.47801942000643,269.7366638183594,6085496
2010-12-08,268.07338696346795,268.5061822950778,264.25467774746414,265.71002197265625,6951112
2010-12-09,266.88524270047446,270.03356338956814,266.55852274899314,267.4325866699219,7931128
2010-12-10,266.88530041662113,268.32792366211635,264.5771073673927,266.8216552734375,6125120
2010-12-13,267.22474516905766,267.85270230404797,260.9450909478731,266.9107666015625,6849080
2010-12-14,268.47218825462016,269.3462523854464,265.34085542233345,268.04364013671875,3933584
2010-12-15,267.0295217444734,272.3163150521849,267.0295217444734,271.8453369140625,8254392
2010-12-16,273.1988520773813,280.0385907942091,272.40117468163976,279.47003173828125,8509144
2010-12-20,275.97387679958734,285.4527574113628,275.96538249208623,284.2774353027344,11346320
2010-12-21,284.32830862872254,285.9448993626797,280.976331184075,282.5207824707031,8059840
2010-12-22,282.1601184292655,285.1047627396853,281.20544133683563,282.79656982421875,5927280
2010-12-23,283.77241778457835,286.1485026224875,282.5207302360369,285.8005676269531,6231504
2010-12-24,284.0270416184746,286.9801802252361,283.60698784270414,285.9915466308594,3620064
2010-12-27,284.8756521122875,287.8287908085793,284.8756521122875,286.5643615722656,3691760
2010-12-28,286.06366381171324,287.67176006246365,285.42721246831724,287.0522766113281,2554440
2010-12-29,286.9123705048661,289.79761764984255,286.07226271154695,288.9405212402344,3802920
2010-12-30,289.37326998145085,293.10711862637277,288.6943884096468,292.50885009765625,8991688
2010-12-31,291.3250179732601,292.85250131829906,288.96165351061404,292.15240478515625,5859728
2011-01-03,292.2584140923074,294.43931623276677,290.87518923164106,293.4761657714844,5048544
2011-01-04,293.3617261046426,296.9258546832932,293.3617261046426,295.4365539550781,8119288
2011-01-05,294.0406343181994,295.05895686129276,292.35192438803307,293.5823974609375,3523160
2011-01-06,295.3135243303935,296.41670703622543,292.26705114526425,295.1565246582031,4691840
2011-01-07,293.90051085729414,296.5863272504178,284.8204716539194,286.0424499511719,8550928
2011-01-10,286.4031221223652,292.18633539750124,284.4513378827165,288.1639709472656,10390408
2011-01-11,283.433048376579,290.51038027945265,279.02881258863414,282.21954345703125,12319416
2011-01-12,284.28161000449563,287.6760172881314,281.5830520704416,286.5982971191406,10035400
2011-01-13,279.44462584793587,279.953787024701,271.1283266274385,271.993896484375,22352872
2011-01-14,270.37731645170743,278.16323975876713,270.2797355093745,271.91754150390625,10321640
2011-01-17,271.55260603756585,278.4856793668985,270.8100793804319,277.3909912109375,8218616
2011-01-18,275.7955637819036,283.0680765048356,275.7955637819036,281.9903564453125,9797168
2011-01-19,280.64543782423425,281.22673855526995,274.59067421512276,275.7617492675781,6935088
2011-01-20,274.26817617710685,280.6666271980698,273.08862764218725,279.69073486328125,7231848
2011-01-21,277.5776886062193,278.1717099514481,274.18328091919733,275.27374267578125,4626824
2011-01-24,274.946933333809,279.189941564269,273.86921338683493,278.7359313964844,7501360
2011-01-25,277.06854281113635,280.4502299439078,274.61184425504297,276.6145324707031,9925912
2011-01-27,277.407885548072,277.407885548072,270.3220616131488,271.2894592285156,12710648
2011-01-28,272.0447909436713,277.36976766452307,266.51613734384046,268.84979248046875,12684296
2011-01-31,266.33373028764305,266.33373028764305,261.8955378075983,264.5686340332031,7749368
2011-02-01,265.29840667299413,265.4766006349431,258.2380432605177,262.15008544921875,10301688
2011-02-02,264.169849049691,268.4977200106721,260.09655873347344,262.1544189453125,9174728
2011-02-03,263.18542878299536,267.56422360292225,261.89555782387544,264.5601806640625,6049408
2011-02-04,262.98171905996685,265.07776153169226,256.8208612072524,258.6453552246094,6959880
2011-02-07,260.9366177899244,264.24616555310536,259.75706931017595,262.0016174316406,7341128
2011-02-08,263.0665925346236,264.7637963574277,260.690507182698,262.778076171875,6023992
2011-02-09,261.79367704274085,268.1327288716544,260.3425595570943,265.6717834472656,7504144
2011-02-10,263.5460049908386,264.2545957682238,258.0598027396174,259.0950927734375,8252152
2011-02-11,257.1433760898008,260.41049381766845,256.3075155433645,258.0471496582031,11214152
2011-02-14,258.31440928633214,264.6195253254197,258.01739863176505,263.45269775390625,6979048
2011-02-15,263.06659811611195,265.5275437113917,260.8729538414671,263.6224365234375,4599952
2011-02-16,261.56034838043024,265.07779948558635,261.4627674387043,263.3211975097656,2920384
2011-02-17,264.6365456884501,265.44271762497095,263.25332022222335,264.19952392578125,3392984
2011-02-18,265.1881142446284,266.885318175794,262.14164147531466,263.0920715332031,7102304
2011-02-21,263.0665716971655,269.66869818848386,261.0299272711229,268.60369873046875,9398952
2011-02-22,266.478040725515,268.7522986116734,264.2547072550524,266.6180725097656,6085648
2011-02-23,263.5672462420385,263.5672462420385,260.5250209719442,261.2675476074219,7076384
2011-02-24,258.8235515916244,261.36935701711576,254.15624164489014,255.32731628417972,16486520
2011-02-25,256.5493420802769,258.1998687596995,251.69534298091858,255.2000732421875,10366720
2011-02-28,256.44755993586574,266.0197959658522,251.81418408669126,254.3345489501953,14514472
2011-03-01,257.1263931120406,263.74548838027135,255.25946880561656,261.57305908203125,8377632
2011-03-03,259.5109977149636,259.58736361130934,254.6654717873617,256.79547119140625,12571856
2011-03-04,260.26618923561625,262.2179735044194,258.65384570921367,259.8588562011719,9770912
2011-03-07,257.63545106961067,260.9449973778172,256.74441937124743,258.2040100097656,7357728
2011-03-08,257.1475458483442,265.78206867321643,256.2946969441916,264.44976806640625,8514512
2011-03-09,264.76376683391214,265.84998130294815,260.60561793171286,262.6846923828125,6676440
2011-03-10,262.6422826715893,263.06658361290044,259.88432655306696,262.23919677734375,3438200
2011-03-11,260.3510167343338,261.28447865873983,258.3992327105758,259.15447998046875,7278272
2011-03-14,257.5506562460214,263.7454496252503,257.1815061616387,263.13446044921875,3557952
2011-03-15,257.2960987613578,259.5788296090189,255.08973379836465,257.13909912109375,9037824
2011-03-16,256.702061463526,259.7952110853657,256.28200768833125,257.2027282714844,5594720
2011-03-17,253.2312982226687,254.49570675134447,252.11962145990145,252.77304077148435,8321376
2011-03-18,252.8960796580112,254.13929383639874,248.86099431397676,249.58230590820312,7468000
2011-03-21,250.45631135358258,250.93153661908806,246.4636567077042,247.9868927001953,6607096
2011-03-22,249.07733388731242,250.91032195092998,248.13115122500017,249.74774169921875,5119744
2011-03-23,249.04339045413735,254.47868862907876,248.3857241193492,254.01620483398438,7266720
2011-03-24,253.98229513191706,255.61585374835,252.77728460777453,254.81817626953125,8189232
2011-03-25,258.3144718838659,270.27976115312515,257.97927820747634,268.4170837402344,12662792
2011-03-28,266.37614379556373,267.950304507273,263.8939831692432,266.4228210449219,12056632
2011-03-29,265.78215995916923,270.59372940107227,265.5233321924004,269.2911376953125,9860592
2011-03-30,269.1765148938182,271.8496108014964,267.8739027278695,269.0831604003906,5608128
2011-03-31,270.0251290356961,277.0685249219195,268.489151284223,275.0573425292969,18839928
2011-04-01,274.53126206324316,276.32604714181014,272.23154218224244,273.0928649902344,5588288
2011-04-04,273.67403226792345,279.69910398607,273.3345916077462,278.608642578125,7375992
2011-04-05,278.0825642195295,279.444574259499,274.1917373760633,278.6171875,4302536
2011-04-06,278.2565906565584,279.9537946251864,275.9696124523966,277.92987060546875,6766920
2011-04-07,276.8054252945336,276.8054252945336,274.75181298980755,275.4476623535156,3800288
2011-04-08,275.11667253951714,277.0387471126687,272.18474950753944,273.8692321777344,4832928
2011-04-11,271.15370317122563,276.7969044309945,269.94019860638906,275.0827331542969,8000064
2011-04-13,272.4861315687745,281.4898080463269,271.21322843158,280.5648193359375,11068904
2011-04-15,279.711947986505,279.91987205674207,252.67125276602874,253.6895751953125,81019736
2011-04-18,247.70685534876378,251.78014382315249,244.39730846332293,246.6121673583984,41086712
2011-04-19,246.6037066085682,248.3857705585957,244.4822019061545,245.0210723876953,19210632
2011-04-20,247.7068797954469,248.46212715415004,245.33079461755293,246.71401977539062,17949856
2011-04-21,247.68140993561096,249.53136605331576,246.18788315782072,246.94313049316406,23953696
2011-04-25,247.36738611702862,251.52128713656305,246.72244056249664,249.59921264648438,15527240
2011-04-26,249.0646543344408,250.75761095884013,247.79175150138573,249.6883850097656,18230880
2011-04-27,249.9132713631631,251.58076588835604,249.70112087813493,250.60487365722653,9981328
2011-04-28,250.25273586140557,251.01647767990428,247.8766502038541,248.56825256347656,23419304
2011-04-29,246.9432258064516,248.55556989247313,245.07205392095094,246.625,16254336
2011-05-02,247.71115277394617,249.82841046499533,246.9431638767447,248.00816345214844,13468184
2011-05-03,247.79172101588597,250.94426835743732,246.09027029479913,247.0322265625,13234040
2011-05-04,246.1794540308236,246.51889484989402,241.23634710311057,243.52757263183594,16924400
2011-05-05,243.3196341859872,244.30399998864763,240.74836620875195,241.72425842285156,12661232
2011-05-06,242.5219933428862,246.9432187072142,241.68188552513612,245.50059509277344,11930664
2011-05-09,246.94321833543864,247.53723982284347,243.33665930476644,246.8201751708984,4938200
2011-05-10,246.74792583634218,248.20751669764684,243.7184217430575,244.40155029296875,4873368
2011-05-11,244.5670642473638,248.13119217879657,244.3930967166704,246.6079559326172,6410072
2011-05-12,245.91628577840305,246.85824198096023,243.71841559619037,244.5033721923828,4996480
2011-05-13,244.66888368941483,247.11286118536128,243.65480861211145,244.25732421875,8282336
2011-05-16,244.0578658011083,244.0578658011083,241.2023291702212,241.88543701171875,6469368
2011-05-17,241.71577363030104,244.1682457216502,239.64094598483246,241.3551177978516,7570472
2011-05-18,241.8514781136626,244.59671282779783,237.86305022898114,241.21502685546875,10176496
2011-05-19,242.67459855057425,242.67459855057425,240.6294810987817,241.55020141601562,7455960
2011-05-20,241.42725643421485,243.01413794805654,240.33679463384223,241.83883666992188,8023672
2011-05-23,241.66905750955183,242.08911123197558,239.97185401061458,240.75256347656247,6778880
2011-05-24,240.4088888183422,243.02683364625483,240.4088888183422,241.38478088378906,7625464
2011-05-25,239.95914971301156,239.95914971301156,233.92560277064288,236.64535522460938,11075416
2011-05-26,238.81207477849023,239.13259921672193,235.735040171466,237.32057189941406,8476176
2011-05-27,235.90603301044,239.9232734276468,235.90603301044,238.2565460205078,6264944
2011-05-30,239.84632967675165,239.84632967675165,235.99148041462112,237.66676330566406,6867352
2011-05-31,238.72659438123782,240.8634239048794,237.3205647281768,238.09835815429685,20410608
2011-06-01,238.81212073235847,241.3763167316322,237.95738873260058,240.3121795654297,8105864
2011-06-02,237.61547109720132,241.0343987388877,237.35905152407486,239.58563232421875,7117288
2011-06-03,240.26510784857248,242.98315913326806,240.25655218362252,240.70956420898438,6293384
2011-06-06,241.20531582914646,243.25239433251454,238.9103525813721,242.5643310546875,3769264
2011-06-07,241.89344418066844,248.21418341754668,241.89344418066844,247.2355194091797,7978664
2011-06-08,246.9320595829979,247.20556963264696,245.07301759755998,245.453369140625,5945968
2011-06-09,246.2910836643217,246.2910836643217,243.9875845566272,244.5816192626953,4221616
2011-06-10,245.179811243932,246.23113550747422,243.7011210901267,244.65415954589844,7187264
2011-06-13,243.4703938194907,246.35083629220054,241.00876165161142,245.95767211914062,7733184
2011-06-14,245.97471062336152,246.46190355416996,244.85928150054045,245.50460815429685,7870104
2011-06-15,244.6028365356592,244.6028365356592,241.62408830808397,242.36772155761722,7335880
2011-06-16,241.8036778121921,241.8036778121921,238.90186690554532,239.35060119628906,7628960
2011-06-17,239.3335105391583,239.61129843320657,233.452950331656,236.7308349609375,8525168
2011-06-20,236.61542167778904,237.59408547034656,226.71762270351442,231.59387207031253,12458152
2011-06-21,232.7435154046773,235.478657708368,230.20496562756037,233.0982208251953,7542816
2011-06-22,235.30767070037842,237.7607468571051,234.37602136097797,235.4828948974609,5625000
2011-06-23,235.05128069722787,238.39329088976905,233.81191939900611,237.53855895996094,4158768
2011-06-24,238.55566360674575,245.9661847054484,238.55566360674575,244.44903564453128,11219288
2011-06-27,242.03018570554673,249.83817110715376,241.0557995432605,245.39784240722656,10724296
2011-06-28,245.31235449938532,245.8935764155046,243.06868306646444,244.90635681152344,4486792
2011-06-29,245.13709113487627,248.47054530302836,245.13709113487627,246.31234741210938,4800752
2011-06-30,246.6798892727068,249.49622653959503,246.29098210820248,248.76542663574216,11341840
2011-07-01,250.86385930247246,253.85114367501404,249.93220970520733,250.79119873046878,6402464
2011-07-04,253.56908070658184,254.45373674430482,250.86386205728405,251.20147705078125,4114592
2011-07-05,252.74424954038605,253.84684546091881,250.0945803703651,252.6972351074219,6423728
2011-07-06,251.8894920011853,254.06478052244032,251.04331576357805,252.462158203125,3440224
2011-07-07,252.5904284672995,256.4196324859192,251.5476594686867,256.0520935058594,5751472
2011-07-08,256.41962577107233,258.4624271093889,253.62037818973815,254.415283203125,5669792
2011-07-11,252.479239559199,254.37676101079538,246.8935792909419,249.67999267578125,9206520
2011-07-12,243.59859551473218,243.59859551473218,234.7777663348523,238.60269165039062,29652656
2011-07-13,236.41886852606066,239.953193653079,235.99578036434195,237.3847198486328,13338168
2011-07-14,235.9273330188457,236.24785742743938,233.4272426318151,234.22642517089847,10891224
2011-07-15,234.53847256026978,236.15818560798965,232.4871156574103,233.45724487304688,6392624
2011-07-18,233.76929539010226,234.47444957180915,231.40596881295286,231.92306518554688,9408656
2011-07-19,232.57250500574824,236.076905117926,232.20068835417393,235.09396362304688,8324424
2011-07-20,237.00002282697605,237.00002282697605,234.623864398372,235.26063537597656,6222712
2011-07-21,234.64102461138904,238.0001255469593,233.92305807793792,236.59837341308594,5897088
2011-07-22,237.9829751884804,243.08571977395334,236.7607045618322,241.73951721191403,7749624
2011-07-25,240.86346598039188,241.46605618481814,238.56424535830186,239.98736572265625,7404256
2011-07-26,240.09419308379196,241.37629094646798,238.25651948062304,239.47879028320315,6848736
2011-07-27,239.41039092007927,242.39339672628768,238.57274953451082,239.03857421874997,8506440
2011-07-28,236.33337848313695,237.09408155332446,233.72644609842243,235.14530944824216,9481376
2011-07-29,234.2819484610758,237.82480702516315,232.94855872189694,237.26495361328122,9757592
2011-08-01,237.6240688867282,241.35924382390638,237.6240688867282,240.61563110351562,6094952
2011-08-02,239.20100915248872,239.20100915248872,234.6239154802793,235.13247680664062,4932528
2011-08-03,233.76924480220646,234.17096474226366,231.50420458748673,233.56411743164062,5646088
2011-08-04,234.1965178677799,235.90170366927092,231.11948332645142,231.5596618652344,6529888
2011-08-05,225.95698870371632,225.95698870371632,215.81985754301928,221.47817993164062,15758072
2011-08-08,213.6829733679686,213.6829733679686,207.78532330301266,211.16151428222656,16170240
2011-08-09,200.9474750728885,208.55031135355418,200.87909234556108,202.9603729248047,16849744
2011-08-10,209.23837077168628,211.66580103985672,206.08441838278083,209.1614532470703,13955960
2011-08-11,207.8708637592133,211.03337278844475,206.41354123575974,208.60594177246097,8206232
2011-08-12,212.6573108205631,212.6573108205631,200.20814821859386,203.01593017578125,14098080
2011-08-16,207.69990539589134,208.40505939569218,202.7681052313868,205.0758819580078,10146704
2011-08-17,204.79380836154368,210.73419637536975,204.79380836154368,209.31961059570312,8531328
2011-08-18,210.69144864983738,210.95642393022328,200.26371772274604,201.2124786376953,10674664
2011-08-19,194.3660077739372,194.3660077739372,185.61356264860927,190.1521759033203,28899200
2011-08-22,189.22908361701593,191.89586379140684,185.90418493234347,187.5794677734375,15708072
2011-08-23,188.1478333916312,196.81480530854185,187.52815285008012,194.61814880371097,17143440
2011-08-24,194.8789416472535,195.302029912859,190.60528064621724,192.39166259765625,8606144
2011-08-25,192.3317910756014,193.60535428012292,184.75032238508763,186.62217712402344,26853752
2011-08-26,186.8871233433592,192.56253461219222,186.5580432264749,188.25897216796875,21021960
2011-08-29,191.37449677394147,197.63540873851994,190.77618436777013,196.26783752441406,11222528
2011-08-30,199.23801418333113,201.71673679650854,194.87888131188114,200.25941467285156,12142920
2011-09-02,203.85357159888216,203.85357159888216,194.47716621078584,198.22943115234375,14960904
2011-09-05,196.04983668807284,196.04983668807284,191.47702137391062,193.60531616210938,10902544
2011-09-06,192.6479767579727,198.2977618543469,189.9427591727683,196.80625915527344,10816696
2011-09-07,196.40887247019882,197.81064557443926,193.8233079788284,195.85757446289062,13157432
2011-09-08,196.58834624047233,201.20389871742253,196.50287304645474,199.87478637695312,11027872
2011-09-09,198.99017083621874,198.99017083621874,193.25491060871127,194.39170837402344,12392104
2011-09-12,188.7247813428562,189.52396392243506,186.3870815240693,187.90850830078125,8198264
2011-09-13,190.01547124455055,193.14377771198536,187.6777709762559,189.92572021484375,10365216
2011-09-14,192.40015291427085,202.3064874028033,192.2292065322946,201.0030212402344,17236880
2011-09-15,203.25527055399937,207.5716671742588,199.15255693474285,205.9818572998047,13703456
2011-09-16,210.08457376902706,210.08457376902706,202.87919957144558,204.72113037109378,11304104
2011-09-19,205.0502272998758,206.12719807453803,201.38343500028077,201.94326782226562,6558432
2011-09-20,203.16981662600077,208.55462876207065,203.01168284326602,208.25975036621094,9008904
2011-09-21,208.55455593197644,209.82809794702996,206.8450923587635,208.1827392578125,7402480
2011-09-22,203.7681246335452,206.14428395167775,199.72095995207317,201.0842742919922,9037856
2011-09-23,198.9815790119236,204.26382613341602,198.38326670389807,199.90469360351562,10448432
2011-09-26,200.4346357535911,202.1440995979714,196.68237096216774,201.28936767578125,6544288
2011-09-27,203.18687551111458,211.0033950407811,203.18687551111458,208.9093017578125,10341024
2011-09-28,211.97356155437203,217.10195417262295,209.623048271007,211.14019775390625,20061760
2011-09-29,212.14442382585025,219.66178551677254,211.2255871795457,218.05062866210938,23256344
2011-09-30,216.40965835486722,219.15335732990033,214.38394701794402,216.5079650878906,10730656
2011-10-03,212.82824245613423,215.221491768894,210.922186151405,211.62306213378903,9885128
2011-10-04,209.59733954196355,212.12307632568312,206.29808712997396,208.42636108398438,7838480
2011-10-05,210.08881037936197,213.59748878845804,207.53744833388745,209.1486053466797,10771856
2011-10-07,218.81136883511334,220.08491103329516,212.62737512280157,214.4265899658203,18457728
2011-10-10,217.52926126709545,222.30720408113817,216.11039801360795,221.37127685546875,16946432
2011-10-11,221.66625943667853,221.80302494741747,212.82833607671273,214.0719757080078,22339248
2011-10-12,221.80294649549535,229.75195382654778,221.80294649549535,229.0126190185547,34633704
2011-10-13,232.40158533542018,233.2563171682095,229.49549710393643,230.4955291748047,18041536
2011-10-14,231.72635301071037,235.62391760529445,229.60661391498422,234.51704406738278,19600992
2011-10-17,236.00000183746985,236.32478322224952,232.50413631138528,234.75636291503906,14145496
2011-10-18,230.7690214352197,232.91440651747146,229.72625285293003,230.91006469726562,10518136
2011-10-19,232.6581108814177,233.7692627702709,230.87172888402498,233.1495819091797,10135320
2011-10-20,231.36611749725543,236.9525950742694,230.98366284432487,236.14041137695312,5573680
2011-10-21,236.14044500524764,236.2650622492933,232.65533776239974,234.0003814697266,6858312
2011-10-24,236.35096297166768,238.48242312522103,235.59463569358584,237.83782958984375,6075592
2011-10-25,241.5937471576922,249.15698079336525,241.5937471576922,245.693359375,15677584
2011-10-28,251.04777208808076,255.3751530675463,244.52019042704077,245.6890411376953,24868784
2011-10-31,245.46121820447135,249.04945555042255,245.46121820447135,247.31335449218753,10291624
2011-11-01,244.08609162769648,247.01685203651226,242.19528387565094,243.79388427734372,7906192
2011-11-02,242.3672012640807,245.28075603506662,242.14373374920174,243.6048126220703,5317856
2011-11-03,243.57047514977694,244.25804176981865,237.82928967585502,240.82881164550784,10779624
2011-11-04,244.51587324453865,245.02294522121335,239.92207307382898,242.87860107421875,7643688
2011-11-08,241.94176314291212,244.77367346198972,239.86187868155656,244.26660156250003,6107336
2011-11-09,244.5158908286806,246.42818558120717,242.79697419719602,243.68222045898438,6679648
2011-11-11,224.37875379195836,241.31008076316942,224.37875379195836,238.55981445312497,9441224
2011-11-14,241.5206315739176,243.43292602057247,240.47639828046357,241.4046173095703,4633040
2011-11-15,240.65688867278632,242.36720202442245,239.06258958346393,240.50218200683597,5098024
2011-11-16,240.21853973649368,240.9920520290262,237.06433269573932,238.7832489013672,6552648
2011-11-17,237.92373529041402,239.70280895160423,234.88124172655495,236.65173339843753,6366984
2011-11-18,234.7222853933464,237.59286677042647,233.77258009015782,235.5602569580078,4737896
2011-11-21,233.77262033532875,235.04892410052622,225.71950154461493,229.4839324951172,9365792
2011-11-22,223.4591132568718,237.63156939297917,223.4591132568718,234.11639404296878,14859512
2011-11-23,229.90512031518085,231.1556364745909,224.95035106863943,227.98422241210938,12792816
2011-11-24,226.9829273079105,230.67859783961825,222.3074827493157,229.1487579345703,13231776
2011-11-25,228.18609543656962,228.18609543656962,222.68556432246774,223.43328857421875,8022528
2011-11-28,225.1823402448247,227.7478102722465,224.52914364764936,226.5660552978516,7290208
2011-11-29,225.36716070832452,225.8699522281193,221.84768301836974,223.28297424316406,10659368
2011-11-30,221.8261741128064,225.607790409189,220.10725761445067,224.04788208007812,11640232
2011-12-01,229.81912875078817,231.26732424918947,226.08908845740376,228.21624755859372,8125208
2011-12-02,227.84233487420025,233.3815379513516,227.57589447875023,231.55088806152344,9451408
2011-12-05,231.19420903188836,233.57920505442922,229.92220695662752,232.15249633789062,7468184
2011-12-07,232.48349592930822,238.27623712049822,230.6829347877238,237.12026977539065,8070392
2011-12-08,236.09322737897156,237.03863163858887,231.71859242534563,234.06919860839844,7295584
2011-12-09,229.31636591089202,235.47439743466325,228.63310073516033,232.9389953613281,10570752
2011-12-12,233.76407062883098,236.86672369740586,231.8646802455078,235.51307678222656,11025800
2011-12-13,234.74384071238998,237.63160790040567,232.80145663540824,236.54010009765625,9648336
2011-12-14,236.35104868209945,237.83361435110535,234.20240278498946,235.51307678222656,9857632
2011-12-15,234.31411063324492,235.0059787321092,229.04562728009728,233.45895385742188,10053168
2011-12-16,231.62399154777899,239.6857138917296,231.36185259268217,234.15939331054688,13669288
2011-12-19,231.1942468661899,232.35881687876181,228.25490413234525,230.02537536621097,12064432
2011-12-20,231.19423793819527,231.89468792393282,227.85095419164006,229.36788940429688,10484608
2011-12-21,233.68656891903822,236.76343194874715,230.33468359802222,235.749267578125,8422920
2011-12-22,227.7563588071606,236.17904679323675,227.7563588071606,233.8456268310547,12707136
2011-12-23,235.49155706951885,235.49155706951885,230.61413157181988,231.60250854492188,7045296
2011-12-26,231.28022663845587,239.53102625097605,231.28022663845587,238.57273864746094,4236568
2011-12-27,237.64013360161317,240.5622907598247,235.16919188694902,237.15882873535156,6178200
2011-12-28,237.98396172924575,240.992065254173,236.484211454105,239.10125732421875,6851248
2011-12-29,237.03852695803516,238.49100264958597,234.722291741439,235.6719970703125,8837168
2011-12-30,235.83534010321188,238.49966063644786,235.62047554407994,237.86795043945312,5308816
2012-01-02,237.14172135735697,242.07930491559395,235.6634573314285,241.4175262451172,5826176
2012-01-03,242.71958869755778,248.12127067323365,242.36720245686797,246.1746063232422,8903008
2012-01-04,244.51578735183193,247.0941612079145,244.17630565735308,245.32366943359375,7341424
2012-01-05,244.01738520281546,247.18019579904296,243.35130505071444,244.09902954101562,7125272
2012-01-06,243.91422941245736,246.45823399679765,241.60229532103872,243.41143798828125,7087632
2012-01-09,244.730760270638,246.34654613291443,242.12659732561798,243.78965759277344,8265784
2012-01-10,246.66454690499162,247.12864602169975,244.96281517227868,246.11450195312497,11179176
2012-01-11,246.492581095608,248.80451497285023,241.76556158366293,242.93443298339844,13795800
2012-01-12,236.35101686822358,236.35101686822358,221.5726365737094,222.44927978515625,48970600
2012-01-13,225.00618482273256,225.0921306534517,219.3552464529485,222.10121154785156,20898944
2012-01-16,221.84768044377714,227.24078144052174,221.66290529679736,226.90988159179688,13188736
2012-01-17,227.75640199061664,229.7159707024295,226.36838551880066,228.79205322265625,8740424
2012-01-18,227.24074622414128,227.24074622414128,222.16994288555415,224.49478149414062,9700424
2012-01-19,224.83429727497204,225.41873313112913,221.44803987582847,223.0036468505859,9652336
2012-01-20,223.1153572447418,224.29281082715644,221.42222872262437,222.49655151367188,11635712
2012-01-23,222.59966295816034,224.79128126141634,222.51371714234637,223.48490905761716,5160864
2012-01-24,225.00611269127867,226.8625504328313,223.029359218437,225.24676513671875,5653208
2012-01-25,226.467274494357,229.90510788326566,225.60781614712985,229.11441040039062,10545360
2012-01-27,232.22563843893352,235.06185089951262,230.86769009456725,234.20239257812503,12218872
2012-01-30,231.95922924202844,234.21960912862662,231.1943196260057,233.1109161376953,9588456
2012-01-31,233.08508972034605,236.75067095720334,232.56941474308866,236.00724792480466,8658896
2012-02-01,235.4657648283836,236.17911934904615,231.67984716480683,235.72360229492188,6269336
2012-02-02,235.50014552134328,239.18721273959787,234.63208436187645,236.95262145996094,11538256
2012-02-03,235.49582434920708,239.96070504777464,235.49582434920708,239.20867919921875,11637200
2012-02-06,241.08662822516936,241.32725973502613,236.53149976233482,238.68014526367185,7937680
2012-02-07,241.07802203464243,241.07802203464243,233.2268630843251,234.41722106933594,7221640
2012-02-08,236.179111007704,239.1012688585999,235.6075797035428,237.99685668945312,6671496
2012-02-09,236.2650237307059,242.54767062320167,234.79106153200627,241.4991149902344,10156840
2012-02-10,240.56233882137926,240.82017626920495,236.44982313541323,239.8231964111328,5177616
2012-02-13,238.52112705937844,240.6912589243453,236.96121888424148,239.65130615234378,5734008
2012-02-14,238.58551807397146,241.49907202330166,237.55416857221078,240.73846435546875,5477768
2012-02-15,241.9374768835294,247.09422594676627,241.9374768835294,246.15742492675784,7178328
2012-02-16,246.1488847012843,250.76417209285918,245.85237575113385,250.01214599609372,8256552
2012-02-17,250.63943430926295,255.94658735464554,249.25569856339536,253.35102844238284,11457280
2012-02-21,251.82129659257544,254.39106866636195,250.20981218605297,252.5303497314453,6049224
2012-02-22,249.68973587274056,257.3217271676727,249.68973587274056,253.73348999023438,10413120
2012-02-23,252.59483259035034,256.3420797384971,250.6352631732724,252.09204101562503,10474960
2012-02-24,251.9931240964445,255.60284824789423,251.26258468484156,253.37255859374997,8536440
2012-02-27,254.82931041844162,254.82931041844162,246.83635059755966,247.81184387207034,6910568
2012-02-28,248.03961423799547,250.10231373269812,245.37099257015103,246.87074279785156,7950200
2012-02-29,248.7271823511078,249.93902670525935,246.16599293198377,247.82044982910153,8868408
2012-03-01,245.07882449693366,247.09424992145864,241.07804209728397,245.5171356201172,9806632
2012-03-02,246.23476247120902,246.23476247120902,241.7741830206358,244.5760040283203,6077656
2012-03-05,245.6417899434468,246.1359784756585,240.36470328802147,241.4949035644531,5780456
2012-03-06,241.0866363207994,247.52397006582282,240.74285302904133,245.1561584472656,10349688
2012-03-07,244.2579874071409,248.81311525111641,243.66496972248564,247.85482788085935,7908568
2012-03-09,248.72719141067586,249.50070375438563,244.77368387615923,245.40109252929688,6644808
2012-03-12,250.53202639802012,250.53202639802012,239.0152883063101,242.14370727539062,7294472
2012-03-13,244.4256074331252,246.65161673207285,244.2580172828646,245.78785705566406,7710424
2012-03-14,248.38347386567074,250.53211983336683,245.28512218367877,247.42518615722656,10602088
2012-03-15,248.8131545199522,249.68549621950936,246.7074818823913,247.68725585937503,6251360
2012-03-16,249.6726493970729,250.36021607355366,244.70067447462355,246.2305145263672,9031008
2012-03-19,248.81314619291197,249.24287528823652,241.61948533375227,243.8712615966797,6061528
2012-03-20,242.88295477964095,245.22067753635963,240.90620037060637,243.3427734375,9225384
2012-03-21,243.43719902921822,248.3833844631099,242.45312372679342,246.4324188232422,6250664
2012-03-22,247.00825516497295,247.0555295565146,241.87729456218975,243.08053588867188,5664640
2012-03-23,243.48457589606122,247.76038163232278,243.26110830865548,246.89662170410156,5497736
2012-03-26,246.57856541476696,246.57856541476696,242.4617688991067,243.2911376953125,4922664
2012-03-27,245.805039709887,249.56516925090364,243.42434474563362,247.17156982421875,7590752
2012-03-28,246.3207358494017,247.0684603345762,242.71101117889407,244.3525848388672,5919920
2012-03-29,242.410179690167,243.94432093474725,237.88083927774466,239.96072387695312,14000208
2012-03-30,241.49918484584023,246.92237523599138,240.90616699842806,246.34654235839844,7963600
2012-04-02,246.148825050737,248.27598406610213,244.17207121827647,244.9627685546875,4851584
2012-04-03,246.34655821750866,247.3220308833903,244.3053445769277,245.671875,5451584
2012-04-04,244.85965125145293,247.0899411756149,244.4299221337775,245.04014587402344,5254144
2012-04-09,243.87129291294212,245.74921769380686,241.71404418424757,242.6035919189453,6541568
2012-04-10,244.25803010733063,244.74361561640282,235.23371865016324,238.19024658203125,7243056
2012-04-11,237.97962323377783,242.7968896118526,235.7665188417406,241.02639770507812,8179640
2012-04-12,242.60349970448212,243.38561485426825,235.3582647842937,236.40679931640625,11805608
2012-04-13,216.41159253854727,216.8155337291584,205.33318382358533,206.48915100097656,75255568
2012-04-16,206.2699653915145,208.5518310802313,200.51589701185355,203.2231903076172,33491480
2012-04-17,206.18403410703158,206.18403410703158,200.77805010946062,204.61122131347656,23687088
2012-04-18,206.2700151555087,206.48918124318564,202.40245237134292,203.79907226562503,19165328
2012-04-19,204.54245138464827,207.55485661286647,203.51970450599532,206.73406982421875,17113512
2012-04-20,205.81873866714466,208.71080692339822,203.04698615769047,206.90594482421875,11507520
2012-04-23,205.41052100186297,205.41052100186297,198.10512590347037,198.61219787597656,18136696
2012-04-24,198.5906707346242,203.2446487776858,188.93467189898342,201.93397521972656,53037912
2012-04-25,201.94686681885048,203.26184191661744,197.95468811604613,201.96835327148438,24638504
2012-04-26,201.97264861032463,204.44789207497274,201.31517157288738,202.50550842285156,17137064
2012-04-27,202.57428697740022,206.09806541018486,202.40239534653267,205.49644470214847,14062464
2012-04-30,205.58238315391083,212.11426489291466,205.4405809566703,211.60719299316406,10869608
2012-05-02,211.85640245579594,213.83315590670193,211.5770785986027,212.45802307128906,10124688
2012-05-03,211.42671606903392,214.62819784690853,211.42671606903392,213.39486694335938,11400728
2012-05-04,213.31753111082162,214.69266426866736,208.28109752706484,209.87539672851562,10800888
2012-05-07,207.0435124296278,210.46416079170572,203.51113028768063,209.50157165527344,10710000
2012-05-08,205.84018475660486,206.9359936733676,200.18064560512136,205.74563598632812,11526640
2012-05-09,203.51969839540413,205.82305052989827,202.19614118243172,203.36929321289062,10498144
2012-05-10,203.51968137783547,204.96787669294756,199.59196199376342,201.4741668701172,9084024
2012-05-11,201.45698454170423,202.83211754198888,196.9921037779778,198.6465606689453,8901312
2012-05-14,199.41151068170979,201.5859443785079,198.02779540765187,201.0229949951172,7918416
2012-05-15,198.105085454022,208.76236553918415,198.105085454022,207.57630920410156,10267152
2012-05-16,204.37913629189714,204.98075696222654,202.31643685076781,203.558349609375,8589288
2012-05-17,203.55838172005667,204.33189413249926,201.66327211299887,203.73887634277344,5807416
2012-05-18,199.85409082584812,206.6996659645432,197.86013131590803,204.7959747314453,5938160
2012-05-21,204.97220450547226,205.0237803973574,199.73811177675898,201.15191650390622,4776760
2012-05-22,202.40234075589214,203.5239375413661,199.70793177561578,201.20770263671875,5823208
2012-05-23,202.40241369979105,203.2446869639899,198.29419915296288,201.81797790527344,5402032
2012-05-24,204.675981819225,208.15258960411143,201.53918516299166,207.4468231201172,7612048
2012-05-25,205.89578815640473,207.81271889675213,204.85455048608574,206.75405883789062,4313728
2012-05-28,208.59699570323562,208.945528695221,205.86102022525682,207.88250732421875,4725784
2012-05-29,208.33549964653056,211.2980287088401,207.20276794623575,209.9474639892578,5144760
2012-05-30,209.72966826466035,214.24317348145132,208.48365891821618,211.93414306640625,8051488
2012-05-31,209.81682102558855,222.36400633608886,208.34427792533586,211.6771240234375,21626352
2012-06-01,210.42676797203356,211.8644663867493,207.63850437985755,208.17872619628906,6543040
2012-06-04,206.8543124319316,208.80174886136297,204.32744846372347,207.8650665283203,4812088
2012-06-05,207.81275243414993,210.15662779946,206.9152759154167,208.14822387695312,5992720
2012-06-06,208.87576411375778,212.02564298225053,208.8060532787391,210.47030639648438,8777184
2012-06-07,213.30215422418178,214.7703577082365,212.26961690480064,213.73345947265625,6647088
2012-06-08,216.86587881907656,216.86587881907656,208.49238852024004,210.79705810546875,5564824
2012-06-11,211.4723441773518,213.71602479645637,210.41802361033817,211.35470581054688,3553784
2012-06-12,209.31138211241938,215.21901770311257,209.31138211241938,214.1777801513672,4134680
2012-06-13,213.58528315149547,216.93555085499617,212.77930095092378,215.22775268554688,6157784
2012-06-14,214.43484800138023,218.70437565358162,214.43484800138023,217.68492126464844,7883336
2012-06-15,218.7087473266849,220.62131728795876,218.07267055388579,219.79791259765625,6311512
2012-06-18,220.88277846509934,221.69748282377094,217.5281484963,218.85256958007812,7117032
2012-06-19,217.83302809184337,218.26869414802707,214.1647113896741,215.82896423339844,6414080
2012-06-20,216.0903629640831,216.5260290184462,213.7334053554276,215.22775268554688,6535976
2012-06-21,213.99917496091135,218.09443604526103,212.61810500102234,217.07498168945312,6536616
2012-06-22,213.45457972942367,216.48245875609885,211.42437169583556,215.60676574707034,6414328
2012-06-25,215.64599529786926,216.7874489764225,214.19523570992388,215.05784606933594,7949448
2012-06-26,213.74657813448079,214.339067199776,211.69458589954468,212.6399688720703,10330160
2012-06-27,213.65070467522207,215.65476919705327,213.34137741838668,215.05355834960938,8677384
2012-06-28,214.7833514195603,217.5716139937696,213.33259205801912,215.50656127929688,7612976
2012-06-29,217.31029886551278,219.48862984852713,215.75932295105383,218.63471984863278,9364968
2012-07-02,218.09446510085135,219.47117432887262,217.02272216442137,217.78077697753906,5175216
2012-07-03,219.24894761961792,219.24894761961792,215.79412422683586,217.0096282958984,6428808
2012-07-04,217.83305407093727,218.25565870493855,215.13192420045763,216.03810119628906,6390816
2012-07-05,216.11221313476565,216.7874957279697,214.56559816323372,216.11221313476565,5780464
2012-07-06,215.74195114371045,216.5261504814703,212.60515379267105,213.01031494140625,4887440
2012-07-09,210.958270483081,215.12322183559456,209.29401729027785,212.42645263671875,7314680
2012-07-10,212.9535975453711,214.635273008035,212.72270301294662,214.29544067382812,7054720
2012-07-11,213.47641553149344,218.04218831783794,213.04074937734754,215.30621337890622,16945880
2012-07-12,196.0497790588704,198.66377611298867,193.34864876961487,197.3044891357422,54271864
2012-07-13,193.26149652353087,196.81653642197838,193.26149652353087,194.2896728515625,26756504
2012-07-16,194.3070990578104,195.3004093510644,188.49095607031765,189.1923828125,18441096
2012-07-17,190.3773481267996,191.51880172351756,188.4081502812857,189.18798828125,13503128
2012-07-18,189.1879926385251,190.72588537067477,188.46914361640978,189.85455322265625,7873264
2012-07-19,191.69308297573633,196.0497439524576,191.10493374387895,195.63150024414062,10912392
2012-07-20,195.605399467072,195.605399467072,192.15493597082687,193.32687377929688,5153832
2012-07-23,191.69309079050882,192.5557011899623,190.1769812179059,190.74334716796875,3890800
2012-07-24,190.86529491297216,192.73865891234624,188.65211990653503,188.96142578125,7153512
2012-07-25,189.42763060940527,189.95042995791331,187.3364332153732,188.9527587890625,7036544
2012-07-26,188.81767849722127,188.81767849722127,183.0886695626609,185.05352783203125,11975336
2012-07-27,188.38206354883096,188.55633002759956,183.7901460878317,187.2188262939453,9862488
2012-07-30,188.20776724515966,193.0000946518651,187.99429509704936,192.5382843017578,7166920
2012-07-31,193.00009824907661,194.8298960202868,190.386101433062,194.0413360595703,6914440
2012-08-01,193.0001209946187,194.3419643425415,191.7584723606804,193.3094482421875,3047984
2012-08-02,193.26153507035943,194.02831187162977,191.2574704596208,192.19415283203125,2420032
2012-08-03,191.36631870420914,193.20483800427783,190.3947918901238,192.43370056152344,3095592
2012-08-06,193.62741695756588,194.7340044811596,192.33784118202666,193.15690612792966,3250784
2012-08-07,194.48135362879768,197.74012765809758,193.61874323067698,196.33729553222656,5465344
2012-08-08,197.09537639467302,199.97077313252635,196.92110992571222,198.9774627685547,8039104
2012-08-09,199.5568801999101,201.40846133919536,198.2280984411289,198.84239196777344,6931096
2012-08-10,198.48947913096686,202.23620766592364,197.26961402656232,201.5435028076172,5635688
2012-08-13,200.51968235600356,203.10753472145493,200.41512674712084,202.15779113769528,4013928
2012-08-14,201.56529834515646,203.45608511717512,199.47846181231827,202.9637908935547,4044816
2012-08-16,202.85919688831078,202.85919688831078,200.49789939864473,201.7526092529297,3729624
2012-08-17,202.49759545814646,205.1987251738102,201.82667394461382,204.85455322265625,8493280
2012-08-21,206.0700689167737,212.51792730994126,206.0700689167737,209.9039306640625,12206136
2012-08-22,209.37240223137326,212.60505314693202,208.6099865694734,212.0474090576172,5149168
2012-08-23,212.1693724572175,216.3517666576062,211.23269042275547,215.84638977050784,14722856
2012-08-24,213.30212221990212,214.20395955456772,212.08225714184712,213.02330017089844,6724512
2012-08-27,211.75115847800112,213.17143429560988,209.6076939133628,210.1566162109375,7891360
2012-08-28,208.85835692490593,213.6027571486853,208.85835692490593,210.96261596679688,5666056
2012-08-29,211.0366661224964,211.0366661224964,207.59054289802512,208.10028076171875,5616416
2012-08-30,207.71257198387045,209.65562611757315,206.5101290792553,208.4836883544922,11175392
2012-08-31,207.89991646351336,207.89991646351336,205.17700263724143,205.77821350097656,5811064
2012-09-03,206.15717724994707,209.02385138307744,205.4601115618661,206.0787658691406,4321512
2012-09-04,205.6648958696657,206.67998933177466,204.2489811029535,205.7041015625,2333328
2012-09-05,204.5016558048115,205.37298795566284,203.21207996699997,203.8437957763672,4013224
2012-09-06,204.8066710197266,211.55077497049254,204.8066710197266,211.0366973876953,7623384
2012-09-07,213.91198521271966,217.310179682494,213.57217427484295,216.72203063964844,6075696
2012-09-10,217.4845125437949,220.185642306959,215.9814645304213,218.9091491699219,7337320
2012-09-11,217.83307315474278,220.96550849215575,215.619897640595,220.40350341796872,5441904
2012-09-12,220.5341663561677,222.18533651981036,219.67589568246248,221.29222106933594,5083328
2012-09-13,221.21381544915943,223.66224608182114,219.40144028203184,222.62973022460938,5249704
2012-09-14,225.50079982695615,230.4412497262634,225.33525519862974,229.3433837890625,10627848
2012-09-17,230.81591303024544,230.81591303024544,221.92832408004347,223.45315551757812,9859272
2012-09-18,224.8036833148454,228.2018785277442,224.62941689367108,226.61605834960938,7184200
2012-09-20,222.76476902306823,230.4673361337087,222.76476902306823,228.04502868652344,11625136
2012-09-21,227.8839233853988,230.90308158455952,225.1174430683008,225.96263122558594,12293872
2012-09-24,226.54637150953025,227.40898187655918,224.3811024881145,226.55943298339844,8854032
2012-09-25,225.67500775023487,227.5048051103719,225.50510224991615,226.37643432617188,8849752
2012-09-26,224.62943457775307,226.54636536158185,223.68403065935246,225.61404418945312,8489904
2012-09-27,225.89284612978682,225.93641273463345,220.86090327000082,222.133056640625,13822880
2012-09-28,223.14822786884142,224.79503759742477,220.1159868591791,220.87840270996094,9685224
2012-10-01,222.30302606498864,228.30649742996317,222.10261537051767,227.38723754882815,8826288
2012-10-03,227.0038268548793,228.21497013285276,223.1046151662675,224.65122985839844,7823624
2012-10-04,224.37676110608052,226.1019818267654,222.80400224612495,224.42466735839844,7164280
2012-10-05,225.23938055109878,225.23938055109878,179.54236618668597,220.17259216308594,11632000
2012-10-08,219.99392395385053,221.57102222733178,214.34768791994478,216.80484008789062,8077440
2012-10-09,218.2686948066512,222.18968932413597,216.43889736515834,220.99160766601562,9084320
2012-10-10,218.45168584990466,220.28582295719224,216.9268546291859,218.1946258544922,5932104
2012-10-11,217.48453925395245,224.80809139484063,216.19496321215726,220.72589111328128,14966400
2012-10-12,204.76303907697144,213.2890320004064,201.36484396037488,208.71453857421875,56701776
2012-10-15,207.87377140828337,210.1653799298994,205.00709625250775,206.12240600585938,14790120
2012-10-16,207.3683549105002,208.16127577185367,204.50168029993324,205.25973510742188,7282048
2012-10-17,207.03295879169696,207.28999761952196,205.39484946978482,206.51885986328125,5707320
2012-10-18,207.2948741098612,210.18858428144557,205.63757593852606,208.48744201660156,10192576
2012-10-19,207.4702548026562,210.18858865679076,207.4702548026562,208.9916534423828,10937200
2012-10-22,207.66751486771653,210.2762380039203,207.66751486771653,209.1845245361328,4566864
2012-10-23,207.1194664763426,209.04860629957696,206.06720839094203,206.33905029296875,4743144
2012-10-25,205.4534182342617,206.6898302107506,204.32661648943858,205.60687255859375,11256776
2012-10-29,203.52428239460193,205.10266976345278,202.32295851218186,204.79576110839844,4736664
2012-10-30,203.96270209523965,207.38254103836704,203.96270209523965,206.79942321777344,5728256
2012-10-31,206.06716154391515,208.21552131320277,205.67695354093757,207.2071075439453,6517320
2012-11-01,207.11948729640665,207.8209927571904,205.28681284340814,207.3518524169922,7010976
2012-11-02,207.90871116251458,210.8550430894001,207.7421121546598,209.40818786621097,7049216
2012-11-05,208.96966770601955,209.6273289219024,207.60172381368614,208.56190490722656,4959200
2012-11-06,209.04860506734946,211.02158896584584,207.93058085820152,208.842529296875,6815768
2012-11-07,208.8732414822395,211.67926319820577,208.26381292245242,210.8374481201172,4695264
2012-11-08,207.99642176168328,209.09691301344736,207.38260432815386,208.28579711914062,5229160
2012-11-09,207.3825227514286,207.3825227514286,205.6287593454969,205.9532012939453,5938920
2012-11-12,206.50567148039605,207.73330604545998,204.62476423200127,206.85203552246094,3696192
2012-11-15,204.76502528173603,204.92725696244116,199.8238096586327,201.3583526611328,9133048
2012-11-16,200.89357090954684,209.31163411658153,200.89357090954684,205.48405456542966,13693104
2012-11-19,205.54111862995143,208.80311503645603,204.89660186616945,206.81698608398438,4036128
2012-11-20,208.44794026557216,208.44794026557216,202.80521895106935,203.85308837890625,5440304
2012-11-21,204.2871323587315,207.28606359371588,203.5593162411743,206.05406188964844,6989808
2012-11-22,205.89182304160312,209.75010251938443,204.75187683225863,208.92584228515625,5827312
2012-11-23,208.87319447560674,210.36389317673408,206.68537919295352,208.4829864501953,3477736
2012-11-26,209.64053534656276,212.2931030321148,209.64053534656276,211.9774169921875,3788056
2012-11-27,212.3807532736377,217.46666726615257,212.36760861109306,216.6467742919922,5717304
2012-11-29,214.8360134304551,215.647128991366,212.77534146489765,214.41949462890625,10365096
2012-11-30,214.09944116441793,217.15536099728467,212.6481976914402,213.68292236328125,7050712
2012-12-03,213.69610726108067,215.09911822381244,212.58686028197022,213.88462829589844,5202984
2012-12-04,212.99460429375802,214.57299164546146,211.7669696868776,213.73556518554688,4510288
2012-12-05,212.99456845390583,213.0822566253566,208.4786276241915,208.9170684814453,13995024
2012-12-06,209.9254867333697,209.9254867333697,202.9060441839653,205.041259765625,11011928
2012-12-07,203.5242546290112,205.9356794468905,202.65615025787304,203.5373992919922,9485912
2012-12-10,203.5198861949984,205.54110311607872,201.59513483953285,202.87100219726562,6829920
2012-12-11,203.08582302915286,204.84397530377916,200.17896845194366,201.16107177734375,11384424
2012-12-12,202.5596748264331,203.76977586678544,200.47708076707042,201.48988342285156,15359688
2012-12-13,202.11679800685428,202.87968063377699,199.26254442934706,200.2402801513672,9967112
2012-12-14,199.31519587335072,201.24872416248166,198.70137872811821,199.82379150390625,8507992
2012-12-17,198.7891090321528,200.9681689229547,197.90783851946085,198.7233428955078,10961640
2012-12-18,198.1752920549696,199.42045996233801,196.85996932009147,199.13986206054688,8292000
2012-12-19,199.40291502259961,201.67403024957605,199.05655100418764,201.34519958496094,9991896
2012-12-20,202.2177087326446,202.55968405151117,199.7536624542608,201.64773559570312,8441728
2012-12-21,201.59509142610813,203.55054178814055,200.52530009427335,201.4065704345703,6924016
2012-12-24,203.53306885763848,204.1731755258552,202.82278594666542,203.63829040527344,4323992
2012-12-26,203.69961810485293,204.39234608181698,202.0642423041148,203.02003479003906,3263560
2012-12-27,204.12057414844855,204.2257956954094,199.63531035896455,200.60865783691406,8110232
2012-12-28,201.8669403253768,203.91883489540635,200.6699839859894,203.71714782714844,7064256
2012-12-31,202.9981440634511,203.7961150936951,202.007263311859,203.3225860595703,3451824
2013-01-01,204.10304643980493,204.3047121569562,202.16951750392866,202.45889282226562,2959992
2013-01-02,203.10338031501325,204.1381052331542,201.98974458959222,202.48956298828125,4349944
2013-01-03,202.99811401646483,205.96636714108337,202.64736133565884,205.00616455078125,10599288
2013-01-04,205.92693199380298,206.50129390645645,204.48885427489492,206.0277862548828,8454008
2013-01-07,206.16367685784329,208.68907917188415,204.8001214545999,208.24188232421875,8761624
2013-01-08,207.382559076511,207.64123494254662,203.74349937178576,205.54110717773438,12867424
2013-01-09,205.2078346053865,207.1019074879555,203.72591321517928,204.40110778808594,6149968
2013-01-10,204.40117338593907,205.42273224861353,202.48956653894658,203.63829040527344,10901016
2013-01-11,221.06191668229997,238.6872420504643,221.06191668229997,237.8191375732422,92852568
2013-01-14,242.00184431273482,248.76697886067527,241.3397942697133,246.09687805175778,50924760
2013-01-15,246.0529520512744,246.3554718910009,243.29077529089835,244.39126586914062,20377880
2013-01-16,243.86075566970064,244.54472755085388,241.6247077482417,242.67257690429688,11660824
2013-01-17,244.82532093330403,246.10994379969017,243.70290830353767,245.3470611572266,11767072
2013-01-18,245.96531408941954,246.40375493449872,243.5495007513844,244.47900390625,7290592
2013-01-21,242.28685188289379,246.45642949960416,242.28685188289379,245.20248413085938,5899560
2013-01-22,244.96562076198575,245.4084287863118,243.50998893032718,244.0843505859375,5110280
2013-01-23,243.86084800421872,245.3515471829572,243.86084800421872,244.61497497558594,7458712
2013-01-24,246.40378915077503,247.98217641223908,244.71579166282044,245.3690643310547,11211296
2013-01-25,246.40381243729834,247.98219984792874,244.75088150231068,246.81155395507812,8442536
2013-01-28,246.57920305562115,247.9471474537961,245.6146329156454,246.4608154296875,6723008
2013-01-29,246.05298033643083,247.71905539929332,244.5228262050819,245.4391632080078,6197184
2013-01-30,245.9433972461905,246.0486187695849,243.8213477927979,244.7069854736328,6805528
2013-01-31,244.82534528022217,246.1494450733656,242.8962057400485,244.60612487792972,17480440
2013-02-01,244.74646748946435,245.69348262842743,241.31785137215059,242.9795379638672,7899648
2013-02-04,243.8607886129609,244.64998210361773,240.70401465033356,242.6857757568359,7500016
2013-02-05,242.3044136706419,243.97926681952444,240.75233684418748,241.65989685058597,6166112
2013-02-06,243.35659715284186,244.4790100259894,241.65545519464982,243.42236328124997,9097344
2013-02-07,244.29921631472027,245.43916240664106,243.77747603891268,244.60612487792972,10704472
2013-02-08,244.04938201040753,246.99132512171022,243.09358928478903,244.60182189941406,5482696
2013-02-11,245.63649987644536,246.8378235906221,244.20278965389494,244.82977294921872,7394792
2013-02-12,242.8962448199035,243.2557749008053,240.41905387544057,241.60284423828125,4442392
2013-02-13,241.7563257444843,245.2769978045586,240.70406752579228,244.61058044433594,6322888
2013-02-14,245.03590195125054,247.98223408787274,245.03153466777306,246.64498901367185,6894000
2013-02-15,244.65003761127764,246.27226904346713,243.4487137512519,244.52728271484375,5194256
2013-02-18,244.03623909859152,244.36068112835537,242.28247525311116,243.7819519042969,2754784
2013-02-19,243.78187896350647,247.71906905528235,242.6375441150714,247.32008361816406,4643344
2013-02-20,247.74103286419964,248.3636275113268,246.27225583544984,247.23243713378906,5545224
2013-02-21,245.66716835436824,247.27184462589506,244.92618624339534,246.21083068847656,5558744
2013-02-22,245.4129131029366,250.34976207989192,245.27262485530107,249.0826721191406,8703536
2013-02-25,251.66505322764226,256.224838164171,251.45461017848513,255.85655212402344,10457648
2013-02-26,255.69871296204568,260.3812528459949,255.69871296204568,259.5394592285156,12173544
2013-02-27,258.50480492866194,258.50480492866194,254.4799252469741,255.22088623046875,7029760
2013-02-28,255.63737739539678,257.4393739308412,253.01548774322313,254.90956115722653,11808104
2013-03-01,255.5233469523269,259.67975796539776,253.59420706456055,255.50581359863284,8414632
2013-03-04,256.5755780245601,258.02243278785653,251.85356164286793,254.59820556640625,10108320
2013-03-05,256.4484692489579,257.75062586760737,255.45758854046315,256.1634826660156,7171944
2013-03-06,258.41711262271355,261.0214477522933,256.5975825626792,260.4427185058594,12205480
2013-03-07,261.4204087118589,263.9239107440239,261.31079847759815,263.4460144042969,13715360
2013-03-08,262.012306405382,262.09999459360336,259.3158946175756,260.4558410644531,6162896
2013-03-11,261.4686587636766,262.1876976662618,256.92640607429666,258.3074951171875,4866160
2013-03-12,257.80320526903995,258.2153353631615,255.34793664743003,255.88284301757812,5714056
2013-03-13,253.41885435041303,253.41885435041303,249.9201043363485,251.09072875976562,10730136
2013-03-14,251.3143600208931,253.3224110683671,249.28875420829695,252.02464294433594,8332320
2013-03-15,252.22190504965656,255.31728067636377,251.4940888741706,252.3885040283203,7260792
2013-03-18,251.3361972501142,253.4187911217898,249.99895276409092,250.85391235351562,6446824
2013-03-19,252.1035450847209,253.08564852653151,249.13092402076083,250.4374694824219,11976144
2013-03-20,251.20906249849563,252.0771667794968,247.94267831161432,251.28358459472656,8994640
2013-03-21,252.80498325123787,253.81339716292334,250.96353176033395,251.9105682373047,9940080
2013-03-22,249.9069182641989,252.147355490653,248.15754339716503,251.06878662109375,7370288
2013-03-25,249.4903548787148,251.226584772403,248.38986416115225,250.15240478515625,5036856
2013-03-26,249.47281548860153,251.63432007180518,248.50824572748567,250.31024169921875,3415584
2013-03-28,251.22666147603275,254.0282948328329,250.0165601862261,253.36187744140625,12348048
2013-04-01,255.23837392147794,258.9914323657451,255.23837392147794,258.1715393066406,7422040
2013-04-02,256.92638846369886,262.16136895723093,255.59792099108543,260.3506164550781,9720888
2013-04-03,258.5836351156151,263.02505375673564,258.5047243261675,260.2979431152344,8355472
2013-04-04,258.2416370043788,258.60553431326105,251.8447898702482,252.54629516601562,7499960
2013-04-05,252.45429963414472,254.20806343848056,249.91134211785774,251.30120849609375,4372960
2013-04-08,249.91127632686758,251.98509291624734,247.91637052460925,248.32411193847656,3716360
2013-04-09,248.46884373614887,248.94235133916246,241.69054322191747,242.57620239257812,10840656
2013-04-10,245.7899991639138,247.96467058051383,243.44434005665917,246.89924621582028,6551616
2013-04-11,251.35814412284606,257.41740534928334,248.5871893344366,255.76008605957028,17018672
2013-04-12,230.18583009380592,230.18583009380592,198.9381428088983,201.38902282714844,98027744
2013-04-15,200.8058861055644,206.6809928169499,193.26470435662182,205.10699462890625,66559976
2013-04-16,203.34891020515786,203.96272752789875,200.5428881583424,201.35400390625,14301736
2013-04-17,201.6828028039531,202.73067221513318,197.29839404734545,200.2666473388672,15149144
2013-04-18,200.49025123904244,203.69964727118582,200.0430543547258,201.30575561523438,13224368
2013-04-22,200.94627521754532,201.0690301266294,194.9790892960709,196.8205413818359,15401288
2013-04-23,197.29836335668566,199.104748046715,196.8073010890342,198.37254333496094,7869960
2013-04-25,197.1230308990177,197.2984072610275,194.943971037747,195.34295654296875,13762344
2013-04-26,194.6765150410539,196.22859137048388,193.13319468368888,193.9662322998047,11129584
2013-04-29,193.440137361816,197.19319598575294,191.6863736504668,195.48327636718747,8965680
2013-04-30,195.89534790572236,196.6275525992845,194.86062334417804,196.02249145507812,8840720
2013-05-02,196.07075444654217,200.93305934828342,196.07075444654217,200.51654052734375,9376184
2013-05-03,201.39781008025926,203.78731277958966,199.7711901996165,202.37991333007812,9117192
2013-05-06,202.99807381178678,205.62871839682072,202.99807381178678,205.28674316406247,6000104
2013-05-07,206.06724241828934,206.50568335960486,203.85311566464603,205.96202087402344,6983104
2013-05-08,207.38254045745742,208.69786312420663,205.01934834784734,206.12420654296875,7278352
2013-05-09,206.23381108887,207.72451007015613,206.06721211896578,207.0668487548828,4561424
2013-05-10,207.1282449558984,209.13629558289287,206.68980408465544,207.95689392089844,4534040
2013-05-13,206.50569355771816,207.1326555714617,204.33979948230845,205.15530395507815,5014960
2013-05-14,204.9535852139714,207.8911392127019,204.9535852139714,206.0716094970703,4484448
2013-05-15,206.3302783949945,208.05773118278063,205.8392160454606,206.98355102539062,8893176
2013-05-16,206.37413253663522,206.9265723547116,202.84468327612979,204.5414581298828,6991752
2013-05-17,204.91847943841137,207.73327830718023,204.75188047584038,206.22065734863278,6431752
2013-05-20,205.71643617118178,208.96089829323367,205.54105984026006,208.00071716308594,8758288
2013-05-21,207.83851154024296,211.94671117022597,207.55352496678032,210.24118041992188,5660128
2013-05-22,210.45164018833208,213.34535024092165,208.54442219912534,209.16262817382812,6245672
2013-05-23,208.34710948105854,212.13962315322007,206.60649059654827,206.9309539794922,5100584
2013-05-24,207.0844017595951,209.1362964825406,204.6641995766246,205.88305664062497,3688648
2013-05-27,205.29554654682082,209.22398098271364,204.33975402348378,208.05772399902344,3325168
2013-05-28,207.8209665258454,208.69784824114433,206.38725635803365,207.48774719238278,4234952
2013-05-29,207.82096932882084,209.66242095578505,204.57650693845528,206.27764892578125,5166528
2013-05-30,206.9962354918822,208.34012782238398,205.4882277767067,207.70144653320312,6338632
2013-05-31,207.75020295702012,215.99101148246908,207.75020295702012,213.9330291748047,18498304
2013-06-03,223.98346128437328,232.85409341444748,219.5614425048046,223.01657104492188,33215248
2013-06-04,220.87874097421104,223.49113781621736,218.53690274468107,221.40209960937503,11714560
2013-06-05,219.99167367635854,220.89647380930933,217.7740156755888,218.32843017578125,5078784
2013-06-06,217.3304505515861,217.74292621337716,214.30555684240818,215.5252685546875,7509232
2013-06-07,215.1127984818141,219.36182200353358,214.66926693855265,217.04660034179685,6618168
2013-06-10,218.2175297141255,221.5883696040185,217.96914770666518,220.59042358398438,4289040
2013-06-11,220.87874044049656,223.0520453163167,218.73649143991483,219.59249877929688,5957704
2013-06-12,218.41712690849073,222.333502103216,214.03504355404587,214.7890472412109,5927288
2013-06-13,215.02409374368463,215.11280005298482,210.67748458797485,211.1121368408203,4154328
2013-06-14,212.1589395153736,213.6935634597947,210.86825799499331,212.44723510742188,5584064
2013-06-17,213.91079886408986,215.20147983668195,212.4382873052957,214.89988708496094,2720504
2013-06-18,215.55632038857334,218.217509529173,215.0861726423715,217.0244140625,4284904
2013-06-19,216.97562215881842,217.21512485109807,213.54269248464283,216.29702758789062,5836832
2013-06-20,215.37889078172606,217.15301673544704,207.8166789039904,210.1540985107422,6802928
2013-06-21,210.28713524112098,215.73369266795868,210.28713524112098,214.55833435058597,6161368
2013-06-24,213.11691227736938,213.18344201065057,208.6283642759403,211.156494140625,7336552
2013-06-25,211.12107335079347,211.72872039690492,208.01635168387003,210.5799560546875,5790640
2013-06-26,212.15002702872764,214.1902722296049,210.38031875729754,212.8419189453125,5567232
2013-06-27,214.75796671268313,221.7613252363252,214.0128424054015,220.24002075195312,10670944
2013-06-28,219.21106028429475,222.45328070974296,215.0241261849933,221.66380310058594,11707392
2013-07-01,219.01584172336388,219.41502004971264,216.54094476272553,217.41912841796875,4209080
2013-07-02,217.16189466965628,218.53240262897143,212.89511311492043,213.24549865722656,5110832
2013-07-03,212.9838242176839,217.4989661808153,212.2386999676935,213.29429626464844,5349856
2013-07-04,215.82244899632286,219.56141124407625,214.66926698360103,218.9271697998047,5210784
2013-07-05,218.8384645987638,220.30655834606068,216.3280717193082,217.88043212890625,4337360
2013-07-08,220.4351701219501,221.2335268749069,218.26186562779006,218.9404602050781,5415168
2013-07-09,220.08041080872977,223.00771977958348,220.08041080872977,221.6061553955078,8611368
2013-07-10,222.20932583743217,223.53992060292578,221.1448500250373,221.86779785156247,6865416
2013-07-11,224.8705433305537,227.3942340515585,222.63070853012113,224.2806549072266,15704960
2013-07-12,246.70554411556688,257.7450616633211,243.94235123610886,248.75022888183594,52873040
2013-07-15,247.05153630919472,247.4906282537656,242.0174527416674,243.29481506347656,12874240
2013-07-16,239.68896459264238,245.76978838549343,237.8261314972197,242.06185913085938,6301536
2013-07-17,242.3145979073687,244.68307385505346,242.3145979073687,244.0177764892578,6575048
2013-07-18,244.29717860127798,249.93002930613676,242.9532866627656,248.44419860839844,13078696
2013-07-19,248.64375556506795,254.14354609130206,248.64375556506795,252.5867462158203,16402840
2013-07-22,250.3470537125756,256.7960009508355,250.32931677414766,255.18598937988278,6751136
2013-07-23,256.36128938928204,258.7696575455578,256.36128938928204,257.42132568359375,6168480
2013-07-24,255.47425108023367,259.6434489277236,255.47425108023367,258.0112609863281,4875280
2013-07-25,258.04667565776566,261.2711589372536,257.33702512312755,258.60552978515625,7177688
2013-07-26,259.90949165067235,261.94973680697456,257.4789473880641,258.4281005859375,6899640
2013-07-29,258.1353389632548,261.15135323292856,258.1353389632548,259.12884521484375,4362952
2013-07-30,259.99822821073593,263.72389371222033,259.99822821073593,262.18927001953125,6336208
2013-07-31,263.3689853141556,265.3737562093147,259.74976420919387,263.4266357421875,11807328
2013-08-01,265.05444660717853,265.68868804259284,262.28237449992474,263.8702087402344,8690632
2013-08-02,264.7882914558491,267.89301179117734,264.4423455669224,266.8995056152344,11962296
2013-08-05,266.01257398918926,268.33667574193703,265.8085450779221,266.92181396484375,8502784
2013-08-06,266.82854150795026,267.18336669612574,261.7767222226642,264.99676513671875,10031832
2013-08-07,263.9012787609898,266.36731857119486,261.7945038465113,262.86785888671875,6503608
2013-08-08,260.79665068105805,264.16749174428264,260.79665068105805,262.9743957519531,5765368
2013-08-12,263.9900345390678,267.8931130067153,263.54650289501694,266.5979919433594,7594376
2013-08-13,266.8374635395446,274.45732701335646,266.8285842456937,273.5347900390625,10334312
2013-08-14,272.3283886368289,274.53716723047313,269.89340460725356,272.2973327636719,9211208
2013-08-16,267.89313412668656,269.6628211946031,263.2493487846432,264.20294189453125,12087616
2013-08-19,265.2407237205549,268.5095379730082,261.7678589842135,266.56243896484375,5259328
2013-08-20,267.89303909514376,267.98174539947985,264.5665526825385,266.70880126953125,10362056
2013-08-21,265.65764443321876,265.65764443321876,259.2087004423544,262.45977783203125,7526584
2013-08-22,265.14322494193755,269.3523360416527,262.9255666536979,267.9108581542969,10965816
2013-08-23,266.5624717523996,267.888626806294,264.54884276969284,266.1810302734375,5498864
2013-08-26,267.88863123632655,270.54096304479134,266.87294826251895,268.84222412109375,5571544
2013-08-27,268.9575511434677,273.21545432779703,268.9486718491075,271.0909423828125,8525552
2013-08-28,270.73165002632373,277.65074199947355,270.73165002632373,276.4310302734375,14329696
2013-08-29,272.3283665942093,277.3801865226317,271.53000981917745,275.3976135253906,20086288
2013-08-30,274.2799232908663,277.0209397347664,269.44542917076535,275.5085144042969,12678560
2013-09-02,272.9582626883306,277.4379324515144,271.84943353902764,273.7388610839844,5125040
2013-09-03,272.5058553271417,274.5017478222136,267.6092700705961,269.1083984375,6267312
2013-09-04,271.41480507293994,278.52904975756553,271.05112204501927,276.1162414550781,8979400
2013-09-05,274.6968718795184,274.6968718795184,265.6843222672779,266.5447692871094,9457072
2013-09-06,266.64229767566127,272.49691433567443,266.64229767566127,268.69586181640625,13465928
2013-09-10,268.957533333323,282.7957177660402,268.957533333323,280.21435546875,21879136
2013-09-11,278.9813532427707,281.46069034960664,275.6770430970495,276.6838684082031,9145680
2013-09-12,275.4331406106139,276.6839084625873,270.3768800583418,271.9602966308594,6957440
2013-09-13,271.4635477610949,271.9603118743452,267.2987898778085,268.6072082519531,9255384
2013-09-16,268.3366368726575,271.25950599086553,264.3537314872583,265.53350830078125,6332184
2013-09-17,267.6269542315095,268.7756966874511,265.3205900253381,268.12371826171875,8027280
2013-09-18,268.33664264532365,268.7136445399493,266.5625160823793,267.6402893066406,7439816
2013-09-19,266.0301952785354,269.22362209748417,265.4358673963712,267.8043212890625,15327808
2013-09-20,266.11889387579237,268.95749541046746,264.6552399594755,265.68865966796875,7991712
2013-09-23,266.562511825385,270.0176189201774,266.2121261661629,267.8398742675781,8886376
2013-09-24,268.7801505686304,268.86885688895006,265.8439627033224,267.45843505859375,11752256
2013-09-25,268.9398336288234,269.2236895302431,265.46696809927715,266.9749755859375,8080776
2013-09-26,269.13497530591735,269.387796981044,266.20766674128475,267.2100524902344,10682440
2013-09-27,268.2478572125745,270.6429273662582,265.3205492469611,266.7043762207031,5701568
2013-09-30,267.91080637635474,270.9977904483404,265.90161701824445,267.2721252441406,8679184
2013-10-01,268.7800879027713,269.516354521128,266.3850178125486,267.4494934082031,5310216
2013-10-03,269.2237187590584,270.28819474756204,267.8931237734287,269.4144287109375,14686712
2013-10-04,268.44752698596153,269.5785326758652,266.5625175027887,267.5737609863281,7352816
2013-10-07,267.4495125650596,269.6449936383549,266.68662967080553,268.0571594238281,9795344
2013-10-08,269.69381122060025,270.7316707647114,268.0970975660246,269.14825439453125,17982912
2013-10-09,268.5140748359272,277.7750075054988,267.00606714771754,275.8634033203125,17371792
2013-10-10,277.21606994084095,280.3961778378679,274.1689998385133,277.4378356933594,17434688
2013-10-11,295.83548060772637,296.1015994808368,280.02802387633056,290.46875,41290600
2013-10-14,288.8277236108033,295.8843143712933,288.8277236108033,294.89080810546875,12231712
2013-10-15,294.85982087087933,298.67863244908136,293.86631437379697,297.59197998046875,9221320
2013-10-17,297.18141438614725,299.65331120567254,290.9168894071726,291.6754150390625,11513008
2013-10-18,293.23709291205904,296.61921621849,291.0061351144932,295.78485107421875,10944776
2013-10-21,297.4313033473203,301.4202516631356,291.3720304846569,297.6499328613281,9383368
2013-10-22,297.87752113435926,300.21556083145913,296.75310955380365,298.2657165527344,7208760
2013-10-23,296.2712975940385,297.94898279317704,292.61252554543745,296.69964599609375,6561584
2013-10-24,294.69178155259584,301.17940466765145,293.5986118615799,295.2673645019531,6480560
2013-10-25,296.98504905712866,298.94829156892456,295.0485823914686,297.3018493652344,6011344
2013-10-28,296.0213620412197,297.60087600814546,293.8751760059931,296.5791015625,3412448
2013-10-29,296.2266756131585,300.2825538907379,295.08888675517755,297.6634216308594,5200392
2013-10-30,295.46809700607304,297.9533930966576,295.1512965918402,296.6192626953125,5591088
2013-10-31,294.8701515837516,296.9850951697788,294.14731255931474,295.369873046875,9687544
2013-11-01,294.48651470793243,295.82508977478665,291.7558128568683,292.4072570800781,6166704
2013-11-05,290.20297505659374,293.64311615699313,288.50744721954726,291.4389343261719,5320232
2013-11-06,292.2822588441248,295.5751439683496,292.2822588441248,295.0352478027344,3704664
2013-11-07,296.4184217437649,303.40578572806555,295.7000707823554,299.6265563964844,7192712
2013-11-08,298.94836539023953,302.44650309955574,298.94836539023953,299.84521484375,8616112
2013-11-11,298.9483728738617,303.2318122463827,298.0649222179589,300.0727844238281,7803200
2013-11-12,300.0638873317955,301.17936646685797,296.9940974667844,297.7749328613281,6452184
2013-11-13,295.91868371139753,299.71577792157814,295.91868371139753,297.34649658203125,4687512
2013-11-14,299.1536568508464,301.179362576614,298.95287060912864,299.3276672363281,4343528
2013-11-18,302.60721413615846,304.74893431877945,302.3261220768712,303.7762451171875,6326536
2013-11-19,303.94566053053813,307.69366926285835,303.4146969841318,307.2430114746094,8975208
2013-11-20,304.21342281365077,307.2743014457069,302.964086374991,303.6065979003906,4306608
2013-11-21,303.05330286080374,303.4102561032782,295.65545562519964,298.44415283203125,8495496
2013-11-22,298.5914323788978,301.1793437772804,297.69904913807625,298.7342224121094,2720936
2013-11-25,299.1268060974378,301.51839709063955,295.1110822685641,296.8066101074219,5707296
2013-11-26,296.2713000035706,298.8592119614331,293.83062259759413,295.93218994140625,7321096
2013-11-27,296.27117771440106,297.68561358774605,293.21923198805575,293.8885192871094,6779624
2013-11-28,294.6114107156497,297.87754227250326,291.3631442539614,296.9673156738281,7499968
2013-11-29,297.69902549715846,300.376175007025,295.3788292552741,299.3544006347656,5411560
2013-12-02,299.126815287253,301.3488404928167,296.7263134615895,297.93994140625,4711376
2013-12-03,296.27128133456984,299.7961956757492,296.27128133456984,298.8368835449219,7001240
2013-12-04,298.9484505357259,302.1610308996919,297.7705087596127,300.3182678222656,8443120
2013-12-05,301.6255275671718,303.32105568071506,298.23447134008524,299.06439208984375,6317072
2013-12-06,297.9712567757699,298.8591738216919,296.11062883917737,296.7888488769531,6544848
2013-12-09,300.28698400816046,301.9869785721444,296.364963715528,297.9489440917969,8856632
2013-12-10,297.6098182827814,302.5045491962056,297.3019504143118,300.80902099609375,12345896
2013-12-11,300.28698130564493,301.777257063551,298.056023049288,301.1213684082031,6256960
2013-12-12,300.23335929508744,302.1341396417883,298.76985973626705,300.1842956542969,5520232
2013-12-13,298.50221714538156,301.6255587298624,298.50221714538156,301.0767517089844,8315624
2013-12-16,301.6255292630712,309.1215483335144,299.287489577011,308.072998046875,10117696
2013-12-17,307.43494219998496,310.98660987489416,307.43494219998496,308.4388732910156,10713952
2013-12-18,307.8722271631649,309.99163742262147,307.64913134638,308.53704833984375,9183344
2013-12-19,308.98770045806475,316.3453960004409,308.31841302024947,313.42730712890625,7331456
2013-12-20,314.56512613490827,318.84856615036233,313.08376108154937,316.91656494140625,8685456
2013-12-23,312.33415038505234,315.8947509847614,308.8137026759096,309.5186767578125,8845904
2013-12-24,311.08476626951796,312.59288507920905,309.3089325146724,311.1204528808594,7109912
2013-12-26,311.1739284777133,315.4038148619303,310.88390402473004,314.1767883300781,6869928
2013-12-27,315.0112794982685,318.75928905603826,315.0068132247883,317.804443359375,7382064
2013-12-30,318.37553409249864,319.02697815348034,310.10314659673963,312.5438232421875,11863432
2013-12-31,312.3341370260965,314.27060431831825,310.57168011002074,311.0535583496094,3590808
2014-01-01,311.62017399877004,312.2448421597068,308.9474910103868,309.47845458984375,1478688
2014-01-02,309.0545919947472,313.0480065596111,309.0545919947472,310.5984191894531,4404744
2014-01-03,310.103213599547,319.0270470844261,308.25151815143465,318.1480407714844,10046344
2014-01-06,319.0359375464609,319.51781577639554,309.5320561387843,313.9314880371094,11098328
2014-01-07,314.0340880052277,314.6453573739214,307.57768738025345,308.5102233886719,7713688
2014-01-08,308.85377824360336,310.1031145323669,305.2842459899934,305.9178466796875,8990392
2014-01-09,306.97982528819426,310.727834782992,305.00320518597476,307.943603515625,12590808
2014-01-10,311.44171552916555,319.026972211108,307.69370634514695,316.9075622558594,30258176
2014-01-13,319.6515711598312,327.9507325551032,319.6515711598312,327.058349609375,17119912
2014-01-14,325.27374998079586,329.73566699013463,324.8677111756052,328.99945068359375,7425832
2014-01-15,329.7623991133992,332.3547769093408,328.4862866606373,331.25714111328125,17130144
2014-01-16,330.0925129302675,333.5237216365044,329.61507925095583,332.41717529296875,17608232
2014-01-17,332.7697106612033,335.95104820157064,331.9665657440805,332.8366394042969,25667896
2014-01-20,331.25258366910026,335.5315559784997,330.57883011814545,334.5811767578125,9761944
2014-01-21,334.6437367295817,336.42850332547283,331.8193523062647,335.3888854980469,12102464
2014-01-22,333.85840933406195,337.1423839746917,333.75579397738915,336.0625915527344,6769760
2014-01-23,337.6866862327548,339.01632829237394,335.61189559500866,338.436279296875,7907344
2014-01-24,335.98226286465183,338.83342273002813,335.063103843964,335.3709716796875,6876584
2014-01-27,331.9665033066134,335.88405628418235,331.1812018446779,333.0552062988281,8099048
2014-01-28,330.80641012780666,330.958110895155,327.2235007505965,327.959716796875,14108544
2014-01-29,327.14771387570187,334.0815276766109,326.0456117986741,331.770263671875,8102080
2014-01-30,330.51198023769456,331.6720784637214,326.61226978908303,330.5610656738281,7183632
2014-01-31,330.1817668825504,333.72898991865344,328.98151589811425,330.2799377441406,5369928
2014-02-03,328.8432839849693,329.46795236703025,323.4711402565855,323.85931396484375,4384112
2014-02-04,319.5623937442249,320.5395488986138,316.4881382678618,317.78656005859375,4535112
2014-02-05,319.47322991655756,320.2763749079679,316.1491020354426,319.58477783203125,4326992
2014-02-06,318.75929818047166,319.7409197594149,315.992910094359,318.01861572265625,5749904
2014-02-07,320.0979299746197,321.423128056495,316.6934959715619,318.27301025390625,7551456
2014-02-10,319.46429314086447,320.00865567585276,317.46536323671114,318.9199523925781,6049424
2014-02-11,319.83004866180045,323.2211038652459,318.8930465661116,320.9232177734375,5833592
2014-02-12,321.30259335406663,323.70756188685067,320.6511492157281,321.26690673828125,4208712
2014-02-13,321.6862811529439,322.85975627644217,319.4776328643589,319.9907531738281,3588320
2014-02-14,322.64561047220724,326.9692026952675,321.54797478485875,325.2112121582031,5962168
2014-02-17,328.8432318439363,328.8432318439363,325.61727506847865,326.4471740722656,13569920
2014-02-18,325.45212900139984,329.69988143433136,325.45212900139984,328.5754699707031,4978240
2014-02-19,329.79353978466065,335.7145101550508,329.74447614528134,334.9470520019531,7064304
2014-02-20,334.18852928014826,334.18852928014826,330.7171678306037,331.1856689453125,8816848
2014-02-21,333.3943473571697,335.1255619665614,332.6135120950243,334.7061462402344,5517984
2014-02-24,334.2867448935811,334.97387559648706,332.8589317813822,334.634765625,4357608
2014-02-25,335.0898800339444,338.40063030634934,335.0898800339444,337.5796203613281,8099512
2014-02-26,337.32084855137884,340.6940613942325,336.6158745402501,339.77490234375,7352168
2014-02-28,335.63420850699447,342.4207643924139,335.63420850699447,341.3231506347656,9839496
2014-03-03,341.33661878138014,343.5631108001431,338.38728756110515,338.9494934082031,7204176
2014-03-04,336.42846351435657,341.2874856393395,335.7056244138769,339.0654602050781,6937912
2014-03-05,341.59532640070574,343.06775855133765,339.9890367818346,341.04205322265625,4943504
2014-03-06,342.4966634782716,343.56305701790046,340.6539009316623,341.9523010253906,6226312
2014-03-07,341.5150025515218,342.13967070356273,330.92241981639546,333.7780456542969,15072744
2014-03-10,332.8322258357243,332.8322258357243,325.300518801607,327.6474914550781,7432472
2014-03-11,325.98760090516726,330.97601455309285,324.0288240306792,327.9820861816406,4124272
2014-03-12,327.80811498420854,330.4808207417645,325.8984231905993,327.6207275390625,3940104
2014-03-13,305.1950181891159,306.9708518317365,298.05595343615414,299.6265563964844,40790880
2014-03-14,298.0559981637753,303.75831827624063,297.61427282323785,302.88824462890625,11167544
2014-03-18,303.4102667814935,304.4721940005496,298.0559679559377,298.9974365234375,11804312
2014-03-19,298.9483209311065,299.6488503381158,289.0205595270511,291.9654235839844,15777848
2014-03-20,291.8093056488613,298.9037520705997,291.8093056488613,294.7586364746094,8023032
2014-03-21,297.1636543014734,297.8775609784739,291.8539733912819,294.9906921386719,12380320
2014-03-24,292.0056376177947,296.1329100771034,291.8093176635568,292.326904296875,8160344
2014-03-25,289.8459978535669,292.67484760089496,289.66752125390343,290.4171142578125,7548064
2014-03-26,290.91691512316294,291.7155937076491,288.29331730268257,289.9263610839844,8458568
2014-03-27,289.84601999897086,291.1756620533764,286.9859279135014,288.33343505859375,13599368
2014-03-28,289.14112437317425,292.61248672701464,287.9988693814619,291.14898681640625,7146824
2014-03-31,293.17463386829445,294.9281580029413,288.24421707820517,292.9515380859375,9176928
2014-04-01,292.97386789650847,296.7174110256426,292.25549507036976,295.7313232421875,8628352
2014-04-02,298.84134916241584,298.9484308101415,295.42351647670847,296.4542236328125,5644400
2014-04-03,298.01141063903606,298.76993646339054,296.1864911013119,297.89093017578125,4700216
2014-04-04,299.0376065770757,299.4837981714909,295.0308147739066,295.9187316894531,3925584
2014-04-07,294.307996465617,295.7759625575975,290.55998680777714,293.8974914550781,7097544
2014-04-09,292.7954494713851,295.3610516557556,288.28444718639474,290.4306335449219,10664680
2014-04-10,290.4260840833077,290.7161085949902,284.32663679216733,285.669677734375,21263240
2014-04-11,286.45500579797687,290.52428188473993,282.4392814176314,288.6993408203125,18678336
2014-04-15,297.35989279323746,302.33939485809805,289.8014122791244,290.8990478515625,20782384
2014-04-16,289.3060568711509,289.3060568711509,280.8775051178054,281.7520446777344,13198304
2014-04-17,283.77782343020306,286.45943898064854,281.8458227495157,284.8531494140625,8391912
2014-04-21,286.4550388755763,287.3474221742541,282.8855056808651,284.0411376953125,6119624
2014-04-22,283.068404439416,285.5626110126399,280.42247529973304,281.15869140625,6626896
2014-04-23,283.2468949626522,284.8353414216523,282.3500454861166,283.1219482421875,12016720
2014-04-24,283.1219482421875,283.1219482421875,283.1219482421875,283.1219482421875,0
2014-04-25,284.49173922743745,285.5625989735884,282.29202354689795,283.38519287109375,5962904
2014-04-28,282.79624015338675,284.937959864236,282.4392868682452,283.6038513183594,6042480
2014-04-29,284.04564974480763,285.11650987579657,282.97478961381876,283.5771484375,4835464
2014-04-30,283.5681903681105,284.67029253508275,282.97476414694273,283.84930419921875,7741936
2014-05-02,284.22402210671896,289.75679741931447,284.22402210671896,287.3205871582031,4764392
2014-05-05,284.8486974376031,288.5074683006801,283.29149322029156,283.5011901855469,4196688
2014-05-06,283.501248154679,284.17946819241286,281.5469373989834,282.45269775390625,4566024
2014-05-07,281.1899351481463,282.88546316078185,272.17686518624123,273.72515869140625,15596072
2014-05-08,273.9616520896193,275.6036285210139,271.8600852219501,273.542236328125,9161992
2014-05-09,273.5154375723204,278.8697365133773,272.4312007514357,277.6605529785156,6179400
2014-05-12,278.2629330635091,284.35791485200934,277.0894578364649,283.3406066894531,7044200
2014-05-13,284.04561462238786,292.2555412781402,284.04561462238786,291.3854675292969,7299968
2014-05-14,290.0468046658985,291.3630696820733,287.09300801661783,290.390380859375,5184688
2014-05-15,290.3904438996685,294.0269056659905,286.03114298167964,292.0279541015625,8409192
2014-05-16,294.39725615998776,298.0560277582174,272.98452283451854,283.55926513671875,14188792
2014-05-19,285.3840962432523,285.3840962432523,267.72384459315884,269.0579528808594,17246512
2014-05-20,272.0876325044683,280.1057041186317,271.48080758267116,278.619873046875,8787344
2014-05-21,278.24514715328064,282.3768866976635,276.5540849491864,281.734375,6788304
2014-05-22,281.9930140136833,283.7777799251623,274.956565693,277.8791198730469,9832744
2014-05-23,278.8697385550658,282.97470110659634,268.7991858416859,273.9214782714844,9081776
2014-05-26,274.0508567581635,277.6159229731095,272.1902292341691,276.17919921875,5750544
2014-05-27,276.6388291205726,281.5469373791634,276.59420995458544,279.6773986816406,4984128
2014-05-28,278.73591955146077,284.49179174965803,278.24510874386254,283.17999267578125,5389320
2014-05-29,273.65415028209947,273.65415028209947,263.70309027184135,264.5625,41341328
2014-05-30,265.9645961612926,267.7241194295867,260.53674726004175,265.9103088378906,28035616
2014-06-02,267.8191505871317,271.1844129835966,267.8191505871317,270.7727966308594,6229856
2014-06-03,272.11622039040327,274.73515366612713,269.1082867707288,272.948486328125,6824936
2014-06-04,272.74951405013144,273.8667555540166,267.18596674861135,269.9903564453125,5508008
2014-06-05,271.3924601916261,277.5801994496052,267.9548223625322,275.11505126953125,12153720
2014-06-06,271.40606717258237,272.2971480695936,266.86929794196055,271.6684265136719,16882424
2014-06-09,271.9352964794847,272.7494740138544,269.2304266163592,270.1667175292969,10858344
2014-06-10,271.39254358630575,279.4619441317422,271.0623581593351,278.19091796875,10479176
2014-06-11,280.8911514804095,294.6643166375407,279.56586067898877,288.8836669921875,20375704
2014-06-12,296.7224187918421,298.2648370018422,282.3114749497873,287.22821044921875,21128856
2014-06-13,288.4449613707022,290.1185482564973,283.24780002633327,288.30926513671875,10151744
2014-06-16,288.2188567454428,294.8860619146056,287.6760717044909,293.4793395996094,9375328
2014-06-17,293.9180303525096,295.54638509130467,291.1634013365762,293.7235412597656,10079392
2014-06-18,293.55619760450617,296.27012238975584,290.6387284603628,293.14910888671875,9791280
2014-06-19,293.63307577801066,300.6123762507978,293.5652276642014,299.60821533203125,11313704
2014-06-20,300.3409860318824,302.0959817544258,297.88489312808986,300.0334167480469,8853000
2014-06-23,298.5317661119933,299.3414160301618,291.42580101961653,292.4299621582031,6328112
2014-06-24,292.1992890789403,292.6425547078567,288.77521117592954,289.8291320800781,10638024
2014-06-25,293.5561556699165,293.5561556699165,290.0280539530824,290.50299072265625,6433520
2014-06-26,291.29453543088425,292.6514975524567,286.6582481821784,287.9021301269531,7376552
2014-06-27,289.48535057743493,292.7058839370007,286.9523537598824,291.6022033691406,6890744
2014-06-30,291.2945844135012,295.1845431494579,290.51658383191955,294.5105895996094,7290576
2014-07-01,293.5562303647401,294.4427836440544,290.02812775018697,291.3896179199219,4662512
2014-07-02,290.5709096271193,293.42958619009636,289.322499682883,290.86944580078125,6119632
2014-07-03,290.40798448169534,292.05442745032104,288.62584529995263,290.4532165527344,7504912
2014-07-04,289.48982446911,294.7683946771673,289.48982446911,293.6421203613281,5752968
2014-07-07,295.36556286220724,304.683373880525,294.91324193898794,302.6434020996094,11638312
2014-07-08,302.964506516553,308.15263552076374,298.8076823059687,302.3448181152344,11460480
2014-07-09,301.2456600480825,306.130724805619,297.62709356101846,299.4680480957031,8270752
2014-07-10,299.8887238182031,305.92267954540375,294.0628400993844,297.8713684082031,11345616
2014-07-11,307.70473015533923,310.47294179242294,298.5633460851534,300.9425354003906,15826360
2014-07-14,299.8886895880164,299.8886895880164,288.20072456485826,291.76953125,8231600
2014-07-15,293.01336924744606,294.72766039901927,291.0276856575455,291.8056640625,4139800
2014-07-16,293.1039350665785,293.55625595402694,289.7793765438326,292.1631164550781,4589488
2014-07-17,294.92221680624175,302.6840240642986,292.3484937858458,293.0405578613281,4946672
2014-07-18,294.2798502276821,296.2429176672171,293.4294961379577,294.148681640625,4098368
2014-07-21,294.46085353720923,296.12087977940604,288.40880980581244,289.54864501953125,7435968
2014-07-22,289.93761869834697,293.7099695696764,289.30889723412133,292.533935546875,8733360
2014-07-23,293.9180671827894,303.5072685128527,293.9180671827894,303.00518798828125,11827336
2014-07-24,302.5121880832379,307.1258608081916,300.47221660824385,305.9724426269531,5571560
2014-07-25,307.48766364985505,307.48766364985505,298.9568893938305,303.2539367675781,5337672
2014-07-28,302.6026216564193,306.4021164574864,300.41792098019647,304.9637451171875,4601448
2014-07-30,307.0353247894973,307.0353247894973,302.65686876831484,305.0632019042969,9934720
2014-07-31,305.76885250821846,307.11675962127555,302.43976709330065,304.651611328125,8457168
2014-08-01,303.0549170263113,306.8544115084322,301.245633939587,302.26788330078125,7607008
2014-08-04,303.5072398925445,315.07759647760486,302.99159862646457,313.508056640625,13086960
2014-08-05,314.4533939855648,318.4338166942428,313.9151366955635,317.8005676269531,10985624
2014-08-06,318.88621600441655,326.4264138044733,318.88621600441655,323.486328125,18004184
2014-08-07,316.53413559840084,320.64120014387976,315.02791597960214,317.2895202636719,7754224
2014-08-08,316.6245546596991,318.43383782918306,314.3629506978441,315.05499267578125,3811352
2014-08-11,318.7957056391668,324.19641167221494,317.5292073761281,323.273681640625,5628672
2014-08-12,325.5805658932248,325.5805658932248,320.3336437421253,323.572265625,5916936
2014-08-13,322.05694864602395,327.9325916291915,321.21562751099356,326.4308776855469,8941360
2014-08-14,326.39478002474146,328.17692005501925,324.45885529690355,326.806396484375,6762480
2014-08-18,326.7565262077393,326.7565262077393,321.14774862610034,322.0343017578125,6777888
2014-08-19,322.1428528861794,324.6758492020494,319.33846410789477,320.94873046875,6424824
2014-08-20,322.3238049486391,324.08785608433897,320.87637837575727,321.55938720703125,3938224
2014-08-21,321.71309649378094,322.3599062576153,319.33841282897623,321.0527038574219,4298880
2014-08-22,321.0527500133031,326.3946626425385,320.9668134855118,325.76141357421875,4855040
2014-08-25,325.580510355047,328.90054059470924,322.23786407548795,328.1858825683594,4198352
2014-08-26,327.6611627605558,329.2895175175105,325.6709513909445,327.85565185546875,5842128
2014-08-27,328.38493267278756,330.19421604839516,325.770527029426,328.4346923828125,5569872
2014-08-28,328.2943907627088,328.7150402135348,323.9702001017948,325.5623779296875,7599304
2014-09-01,326.58012267719016,327.3807171863289,324.3139912084549,325.6392822265625,3643152
2014-09-02,325.671004167027,327.9326083626313,321.64987632443814,326.9148864746094,3583832
2014-09-03,326.57559430271203,338.9148960120588,326.57559430271203,337.8157653808594,11857560
2014-09-04,336.97895354761755,336.97895354761755,334.5228607474251,335.5089111328125,6238464
2014-09-05,337.6122562291115,343.31149849664473,335.2013951201729,337.4991760253906,6468352
2014-09-08,337.6755739589745,342.9044069533775,337.6755739589745,342.1037902832031,6517296
2014-09-09,339.0597412470779,339.73369496016204,336.5267442473666,337.97869873046875,4316800
2014-09-10,335.4410414678235,335.4410414678235,331.0987626138711,331.7591552734375,5080752
2014-09-11,332.3653059605661,334.6902303303026,328.4391704621613,333.28350830078125,5013032
2014-09-12,333.63185609812723,335.4411394826073,330.1942176676151,331.99444580078125,3907552
2014-09-15,331.5511310855384,331.82252355300267,328.1406368282656,329.4071350097656,4958800
2014-09-16,329.832314155576,333.85796911441395,327.80592588709055,330.3072509765625,5034904
2014-09-17,332.8990122537661,339.0686848692046,332.10294541329876,338.430908203125,7926120
2014-09-18,332.3607806789938,337.4041573632471,330.59672964145227,334.44598388671875,9104776
2014-09-19,334.62694243160115,342.6691977718977,333.0257311469747,334.9028625488281,14755016
2014-09-22,332.9081116131779,333.15688805528015,328.56583189648427,330.24847412109375,8612040
2014-09-23,329.7419072623695,333.2202502619742,325.268458369792,326.3133239746094,12962304
2014-09-24,328.3848201911153,332.20693001289897,325.5125838161655,329.72369384765625,5564560
2014-09-25,330.1941980420332,336.41813693191136,329.83234138664466,333.9032287597656,24975512
2014-09-26,333.36039081872275,336.5492520877485,331.144019156563,332.921630859375,8864840
2014-09-29,334.8078859120497,340.23120836878735,333.00765780246655,339.1546936035156,4996144
2014-09-30,338.7158961615635,339.8105213083846,334.8169042011026,339.03704833984375,6927368
2014-10-01,336.7076509018189,349.18717911275456,336.7076509018189,348.0428161621094,9470864
2014-10-07,340.9865590541179,352.1724434839556,340.9865590541179,346.5953369140625,20063456
2014-10-08,342.40686517984665,343.04011433605774,329.38002539493306,330.207763671875,20327680
2014-10-09,334.717444285253,335.9839427230891,328.01404014774283,329.9047546386719,12432832
2014-10-10,331.0988258974341,353.53393759758814,323.20130030514423,351.783447265625,45893056
2014-10-13,351.8422381509325,360.4996532612408,351.8422381509325,356.6594543457031,17726984
2014-10-14,358.6904006886382,358.6904006886382,352.8102301855458,354.4657287597656,6860512
2014-10-15,354.4657287597656,354.4657287597656,354.4657287597656,354.4657287597656,0
2014-10-16,355.54149621953235,359.02388576212985,351.3708280200627,352.3690490722656,10017392
2014-10-17,352.3325320964538,357.61083314824157,349.79824250944694,351.1246337890625,8190016
2014-10-20,351.24769342077104,352.1182962297341,346.6075498200483,347.5419616699219,7702720
2014-10-21,350.96508646869256,350.96508646869256,338.2115129814586,343.9501647949219,26081384
2014-10-22,347.2639285735504,347.5009367729516,344.24645297411223,346.0560302734375,5353320
2014-10-27,350.9742414006079,350.9742414006079,344.7934438150559,346.6941833496094,4767752
2014-10-28,343.2254813161611,347.54201785226564,343.2254813161611,345.3450012207031,6666368
2014-10-29,347.5966416090965,354.86682152840166,347.5966416090965,353.84124755859375,8229336
2014-10-30,355.16765929053565,362.93923089077134,355.16765929053565,359.7759094238281,15245208
2014-10-31,363.46801277073916,370.6652592335024,363.46801277073916,369.32061767578125,8670800
2014-11-03,371.65884997587074,374.6763251466344,367.6066980639424,372.47930908203125,8578408
2014-11-05,372.3973686208137,378.68755673215674,369.84482851766006,376.0256042480469,10241080
2014-11-07,375.43311405991693,381.3313237480044,375.43311405991693,379.8362731933594,9970400
2014-11-10,380.6065121137242,381.158069822453,377.4112965985945,379.7359313964844,5594168
2014-11-11,379.6903080727616,379.6903080727616,374.111167373526,376.06207275390625,6255088
2014-11-12,375.67913849575604,378.38667156737836,373.50037248686675,374.31170654296875,5392896
2014-11-13,375.7702686785452,382.97661665195824,374.89510340061474,380.9300537109375,4956680
2014-11-14,382.3339908945181,383.9247879416609,380.5107482102333,382.1197509765625,5233176
2014-11-17,381.51344519014435,385.4242909587189,378.1495721028459,384.56283569335943,5458184
2014-11-18,385.16009055504713,385.4153267744493,380.337621637397,381.27203369140625,5267120
2014-11-19,381.0577880000529,381.9648692000409,377.3885114529232,380.4515686035156,5201120
2014-11-20,381.96937107271077,385.8437620680784,381.40873280769864,385.2147521972656,5347928
2014-11-21,380.14608853281266,380.9665477166964,373.91060763784793,377.97186279296875,10463272
2014-11-24,382.8809489680946,390.32432803774395,382.1471116210094,389.72723388671875,11047440
2014-11-25,391.5413626137729,393.8158756452365,387.074418081043,392.2889099121094,14886576
2014-11-26,391.9971367289626,393.6107241433913,389.4081412866063,392.0381774902344,7930800
2014-11-27,393.99356633732015,398.9619019884396,393.09107023168616,398.00469970703125,17389032
2014-11-28,398.38772014185304,400.9311352212623,395.953672934652,397.45330810546875,14347264
2014-12-01,399.9282288682272,401.31391092653115,391.3225334614186,396.54156494140625,18341864
2014-12-02,394.7229444509308,394.7229444509308,385.6158554897886,387.7308349609375,10654992
2014-12-03,383.1545450324195,388.88863579261533,380.0641568194375,387.1656799316406,12775044
2014-12-04,384.7041563494275,391.06725468489185,381.96929267869695,383.2091064453125,9399228
2014-12-05,385.6157347614945,385.90747132575217,375.5514464731062,377.4658508300781,7358760
2014-12-08,366.28950154741773,368.112744462039,356.9453816099836,359.2062072753906,166320408
2014-12-09,361.50345523263377,362.0960091247059,355.979020813224,358.2307434082031,10050460
2014-12-10,358.4495057201325,361.9136667621887,357.19146383779395,358.0392761230469,7804712
2014-12-11,355.714661994141,356.2525097050599,349.1509880670323,350.2540588378906,8285932
2014-12-12,353.5359163435497,357.4285354057799,349.7162091907521,353.4629821777344,14572500
2014-12-15,347.31855957589283,356.8541264360924,347.30945671752266,350.9377136230469,12966284
2014-12-16,351.1018240512171,355.82402691008645,351.1018240512171,353.34442138671875,17792756
2014-12-17,352.97973626515346,356.5350590219564,345.7414726833415,353.435546875,17851776
2014-12-18,356.26158089218063,361.33020389340254,354.5750815967596,358.4312438964844,19949980
2014-12-19,364.21101640319273,366.10719357017166,362.09605897926343,364.4024658203125,14294632
2014-12-22,365.74250239137797,366.49002748138014,360.154258808349,364.57562255859375,10465104
2014-12-23,364.8034425196951,368.6413765834217,358.01186474041697,359.4795837402344,8196952
2014-12-24,360.2728058169343,362.27837305579374,349.160148973262,351.9861755371094,27339488
2014-12-26,354.6389124944533,357.4831664897115,352.0590197727635,355.9425354003906,2268748
2014-12-29,356.6354307884976,359.6893625983131,355.9881706665508,356.9544982910156,2792676
2014-12-30,357.76581110023204,360.0904456226058,356.7721526971425,358.5133361816406,4640552
2014-12-31,356.4439380399811,360.8105952837501,355.5323167150707,359.64373779296875,6968808
2015-01-01,358.9873375102883,361.3666779706182,356.79034356363843,359.98101806640625,2002764
2015-01-02,359.5434254899942,368.12179046217244,359.5434254899942,367.05517578125,6778320
2015-01-05,366.45357139022764,370.11828493261913,360.54626032229277,363.9010314941406,9937024
2015-01-06,361.0020709851815,361.91369237655823,352.6333821610669,356.298095703125,9667316
2015-01-07,358.26719943026603,360.0448611068284,355.5323353124777,358.0028381347656,7249916
2015-01-08,362.02304449276903,364.101545498216,355.5323053187387,359.80780029296875,13564920
2015-01-09,361.02021639245834,384.52181493835377,348.79538968387715,378.2225036621094,44863328
2015-01-12,381.4223444261873,386.3815552982018,378.3228320670835,385.78900146484375,12758888
2015-01-13,384.3031026041001,384.3031026041001,378.3228576860764,380.8571472167969,8801236
2015-01-14,382.60752417865683,388.89771221018583,381.53182866822647,388.1045837402344,9921260
2015-01-15,389.2987484597023,392.507673219459,385.11441562308966,389.12554931640625,8342452
2015-01-16,391.6324895923579,393.8203805956672,385.06881658243014,386.21746826171875,6690960
2015-01-19,386.5274360647667,388.77915850920994,381.89641760758497,383.3367614746094,4087744
2015-01-20,384.15721401830626,388.8976447560737,383.14530547750036,387.2931823730469,6804504
2015-01-21,388.6241329232632,396.72843680909534,386.1627555859589,395.6253662109375,8494908
2015-01-22,396.51885314795544,401.66038894271753,394.05747536732594,400.4661560058594,9958396
2015-01-23,401.11337182548584,405.67147832350275,394.7502729593578,403.85736083984375,9486328
2015-01-27,404.94222943185224,404.94222943185224,388.3689700395894,389.53582763671875,13739968
2015-01-28,391.9971984535199,392.87236389215485,388.40541907256824,391.0035400390625,13134356
2015-01-29,391.08553464805516,391.97890570998,387.9131103539156,391.17669677734375,15369424
2015-01-30,394.09399049032385,394.2854399156699,387.7946767663769,390.5204162597656,10833744
2015-02-02,390.44739937147375,392.3618040847124,387.6304984816886,389.599609375,8702540
2015-02-03,389.599574557008,390.1647529998951,383.24555691438655,386.69146728515625,5265956
2015-02-04,390.15568080066765,391.9971737008315,387.6943031983601,390.6935729980469,5160016
2015-02-05,392.1430579170815,404.7598887912658,391.6325410466842,399.9830017089844,11875936
2015-02-06,402.0250471534549,409.8285354293266,399.01669646046986,406.67431640625,7453728
2015-02-09,401.11341330733103,410.95892436123825,401.11341330733103,410.029052734375,6536868
2015-02-10,408.9532884025865,418.98112204598476,408.58863990646296,415.38934326171875,8516920
2015-02-11,415.790520259071,418.1060297109538,411.3691564720583,416.5836486816406,5796972
2015-02-12,416.24625204995414,423.34777250235084,414.4230095968225,421.3877868652343,6287536
2015-02-13,419.27286999290516,424.2138305414213,416.79324234706735,418.6347351074219,5657516
2015-02-16,415.75395545651145,420.603753323844,413.0099668602203,415.47134399414057,6244276
2015-02-18,417.6228212127882,420.24827261694423,411.7154887843023,418.7076416015625,8613764
2015-02-19,418.2518364632701,425.5448065846872,417.8963130724024,423.84918212890625,9673624
2015-02-20,424.5420609027161,425.90949292194324,415.13411080532904,416.2645568847656,6971628
2015-02-23,419.34578914552725,421.0231633995578,409.8831780564335,413.0738525390625,5090488
2015-02-24,415.5171206187646,418.6075089055422,411.6153980196432,414.38671875,6437676
2015-02-25,417.32203648368284,425.69074783979966,415.69936815869556,422.5547790527344,6044972
2015-02-26,420.71325253849585,420.9867389431796,409.3908975794843,411.7064514160156,6445776
2015-02-27,414.76941483907717,415.8177792672736,410.5030452320411,413.1011657714844,7801076
2015-03-02,419.8927006750861,420.8954839376622,415.3437200501316,417.8324279785156,7040992
2015-03-03,417.5225940433026,419.8836845262787,415.38940890641993,418.95385742187494,4905552
2015-03-04,419.3459383666314,421.8802286238246,410.5761207200284,414.7239990234375,4375228
2015-03-05,413.3383129882919,419.1179843925324,407.19399298425355,409.7921142578125,5684916
2015-03-09,411.87047274410577,411.87047274410577,397.28453302762574,399.2992248535156,7984720
2015-03-10,400.76706004948835,402.3806033904433,393.8569423991668,400.7488098144531,6329916
2015-03-11,400.037696986449,408.40636314033634,395.47959025497204,397.8680114746094,6780912
2015-03-12,397.28459820802124,405.9358762191771,396.9199496552833,404.449951171875,5688564
2015-03-13,405.6715036425378,406.5831249990379,399.7277145930526,404.8327941894531,6179684
2015-03-16,403.0369839790491,416.0640461082368,403.0369839790491,413.2653503417969,6818632
2015-03-17,413.26525907112375,415.60814357724365,404.25845858593703,408.49749755859375,5539312
2015-03-18,411.05001906339135,412.57244434650636,405.2247682147448,406.4919128417969,4905564
2015-03-19,407.4218335647164,410.04728526061353,405.2612731494125,406.6651611328125,6891740
2015-03-20,408.5885442785741,413.67537180385176,407.120825522637,411.58776855468744,6430896
2015-03-23,410.77654524474787,414.7876788423442,405.7626282477525,407.21209716796875,5078700
2015-03-24,407.4764839007174,410.8494828185919,402.2073304233041,403.20098876953125,6736532
2015-03-25,405.28856070539643,406.4280872768529,401.2500963412573,404.59576416015625,6170968
2015-03-26,402.5719998407544,403.83001953515173,388.71535491869946,391.33172607421875,15740840
2015-03-27,394.54974802677515,405.6168230915168,394.36742374395317,401.5054016113281,10074220
2015-03-30,402.1344294809875,408.40636659139363,400.18352417322126,406.2184753417969,4623088
2015-03-31,409.3179383151365,414.54151023508024,401.9064754108802,404.4590148925781,8016412
2015-04-01,400.91284298442343,401.0222553579376,393.40109152291757,396.3638610839844,6738488
2015-04-06,397.2845707061282,398.3238101069378,393.893321595318,397.1387023925781,7741752
2015-04-07,396.5552434018155,397.97738145311814,389.80924615773864,393.7292175292968,8542268
2015-04-08,397.92272208275784,402.00676795447055,396.1997666216528,401.21368408203125,10185576
2015-04-09,403.191911878536,404.55934403582427,398.26915611229816,403.8482971191406,10581548
2015-04-10,402.97308238918083,408.04170586865354,402.97308238918083,407.30328369140625,7123776
2015-04-13,408.04169272501736,409.13563828192093,404.048809247423,408.18756103515625,4872336
2015-04-15,407.7682389232645,409.3179952527292,400.21090666625093,403.6112365722656,6237784
2015-04-16,405.1245260190854,406.7654444413049,393.91158346725206,400.137939453125,9007812
2015-04-17,397.47600746907625,400.19262110758257,392.62616440222683,397.33013916015625,6450316
2015-04-20,396.7375817075039,397.46687873270156,385.643132906582,388.7426452636719,12825384
2015-04-21,391.6325129414124,392.927033000652,386.5456838605452,390.6479797363281,8881648
2015-04-22,392.1887165368398,392.90888865990354,382.50727785570314,389.7546691894531,12350984
2015-04-23,391.7601388105798,391.9971692573339,385.0688471960415,386.89208984375,11891800
2015-04-24,389.4263598130427,392.033605571224,361.00202616411286,363.7733459472656,43565452
2015-04-27,364.6484957516653,365.01314424741696,355.185862835634,361.8498229980469,19822640
2015-04-28,361.3667216809983,361.3667216809983,355.89699330035756,357.5196838378906,10393500
2015-04-29,357.51960448715295,359.54339908753667,353.3352498508426,357.565185546875,8289056
2015-04-30,357.35554882083443,358.26717011884676,352.30517573239786,354.1192932128906,13134260
2015-05-04,357.26435182108685,364.6484836142759,355.51404355101374,363.39044189453125,13361592
2015-05-05,364.6484810354573,365.32307182282204,355.906042605183,357.8569030761719,9408516
2015-05-06,360.09043201032125,360.09043201032125,349.20568203134627,350.4363708496094,10508408
2015-05-07,350.42725102302956,358.6500712445623,348.2393597575372,354.4383850097656,6779984
2015-05-08,356.99090612154004,358.73211173168164,354.6662717737108,356.9817810058594,5777676
2015-05-11,358.2671287702331,364.6484771198301,355.93336961411546,363.49072265625,4785512
2015-05-12,363.49077396210384,363.6639731106317,354.0737212600144,355.0035705566406,8284892
2015-05-13,355.8513186543368,358.2488867486526,351.6122802740559,356.7538146972656,7099084
2015-05-14,357.35554876686143,357.50141707707314,347.87468726896515,352.760986328125,6233844
2015-05-15,352.79744756530164,358.5588898029474,352.3051809596229,357.67462158203125,5189344
2015-05-18,359.1787950449885,364.4479706520005,357.64726679758166,363.3813781738281,6469976
2015-05-19,362.3330579514173,371.1575354786544,362.0960274800205,368.7235107421875,10272076
2015-05-20,371.94151536518956,374.1294066320436,370.7746355715912,373.2724914550781,5882188
2015-05-21,373.5641537126137,375.93436906218193,371.44009391598854,373.48211669921875,10059312
2015-05-22,372.67083759879046,374.04739484961686,370.1365255924146,373.1175231933594,6888824
2015-05-25,373.85589706031357,374.95896774156074,365.9339168249621,367.7115783691406,4675808
2015-05-26,368.2950320734828,370.3826361002578,365.04054824628787,365.9795227050781,3965040
2015-05-27,365.92488127212584,366.289529883259,356.4440173826637,358.9053955078125,8454708
2015-05-28,360.12691070095536,370.4829387577605,360.12691070095536,367.6751403808594,10980540
2015-05-29,365.53269021169774,374.94061505419035,364.8307464501623,368.8692321777344,18993044
2015-06-01,370.6287228341959,376.31723020214264,368.88751744500246,373.36358642578125,5724892
2015-06-02,373.41841496446347,374.6946850587535,365.560219864513,366.2257080078125,4673140
2015-06-03,367.96684805966225,371.84123895771353,366.10714933115025,368.4591369628906,5495796
2015-06-04,370.11824923590564,374.6763557535892,366.94580264832194,369.7627258300781,7489464
2015-06-05,370.1182285535604,372.67076806082633,366.134448130996,366.7725830078125,6125788
2015-06-08,368.2950448017353,369.1428571531741,362.2783435747763,364.6576843261719,6141048
2015-06-09,365.3322425187124,366.0433115967247,361.5490140559484,363.2081604003906,7561740
2015-06-10,362.82523726758154,371.82293405206246,361.91361606841673,369.4800720214844,6385840
2015-06-11,371.20313026184823,372.8075929204597,363.7460845870932,364.2201232910156,9229464
2015-06-12,365.5601821521038,369.3069550163651,356.53513027353563,360.0995788574219,9852924
2015-06-15,361.64499760243774,369.7333688288615,358.3319036849286,366.64239501953125,5236426
2015-06-16,368.0860931727599,371.28813849945186,364.6249415971686,369.9369812011719,5223444
2015-06-17,374.24962076001975,377.95139742431274,367.2902851499193,368.5859069824219,6412068
2015-06-18,372.2506404984688,373.12057154325356,368.62290400147435,370.8995056152344,3474426
2015-06-19,373.99045897314875,374.0274902928449,367.623399151933,368.456298828125,6670458
2015-06-22,371.99158968210304,380.82031902487057,369.0671767366182,379.0064392089844,5710868
2015-06-23,379.4320436026751,380.32047888864975,369.4927839858417,370.32568359375,6952116
2015-06-24,375.7303137848679,375.7303137848679,366.92009025626874,368.36376953125,7073694
2015-06-25,369.8814489009808,371.4732080039523,365.60590229623676,366.64239501953125,7117466
2015-06-26,369.80748336856504,374.4717128599974,369.47431443609787,372.12109375,5320284
2015-06-29,365.3653035533476,369.99252370979826,363.6995042970253,366.5313720703125,5690668
2015-06-30,366.47588170334194,367.7529991431996,362.7741051204799,364.3843688964844,6212530
2015-07-01,366.1056782949223,372.028520410917,364.9951453981733,369.2151794433594,6880852
2015-07-02,369.8074890013166,370.69592443886046,364.64350603252785,365.73553466796875,4007568
2015-07-03,365.73551000534667,367.5863982138757,363.5144441551118,366.5869140625,2695306
2015-07-06,364.62500357688486,365.7355365827028,360.92322689082516,363.9956970214844,4305602
2015-07-07,364.624997478915,366.47588579099073,362.4039315044242,362.9591979980469,3497418
2015-07-08,362.4038871267134,362.4038871267134,353.44558427447436,354.445068359375,7024178
2015-07-09,354.4450874572624,357.59159737202657,345.7644173501135,347.22662353515625,8587772
2015-07-10,350.9653774728775,352.4460878895442,345.24615156358084,347.04150390625,7411522
2015-07-13,348.3371696544118,353.51965676935527,345.7644304607233,351.72430419921875,6531768
2015-07-14,353.5195874934644,360.36787269621743,350.00290049745615,359.53497314453125,5367074
2015-07-15,359.07224422547876,364.9765810075432,358.3318890827458,364.2547302246094,4129566
2015-07-16,365.62441479252203,367.0310851335686,362.58895399730756,366.1241455078125,3472938
2015-07-17,366.8460087569931,371.84340645449004,366.1426622657321,370.8624267578125,3447978
2015-07-20,370.6958860235826,374.1755421733533,365.51339922729284,370.6403503417969,4377180
2015-07-21,383.1337849289328,425.3340279066124,383.1337849289328,411.8780822753906,38310112
2015-07-22,409.04636146046175,411.6376053792158,398.5518326270494,408.3615417480469,12665660
2015-07-23,408.65758648431284,413.4884227481696,403.4936264955281,406.4550476074219,7710748
2015-07-24,405.5481641967058,409.5830646470865,400.939425095389,402.60522460937494,4480302
2015-07-27,402.3460780740106,402.734737475779,392.55485257514147,394.3502502441406,6752244
2015-07-28,395.53474969814056,398.31108158652245,390.259719110215,393.4432373046875,8476602
2015-07-29,397.5707378550783,404.23393457890637,394.2391394931642,401.790771484375,7071334
2015-07-30,403.4935787593093,403.4935787593093,391.6478957131644,396.09002685546875,11956598
2015-07-31,399.2551260991704,400.2915964159383,392.3883125543879,398.6998596191406,7931012
2015-08-03,399.0514865323838,404.23397337046674,395.7013608941149,399.40313720703125,7961012
2015-08-04,399.05145501808573,399.4031056649622,389.05665976253067,391.3702697753906,9099054
2015-08-05,393.1286697083021,403.49364405089386,393.11014275046665,402.14248657226557,4753476
2015-08-06,404.9743333946521,409.2313762045593,398.68131358870227,402.36456298828125,7238252
2015-08-07,399.60673874155935,407.5655575307613,399.2365611234569,405.56658935546875,4988058
2015-08-10,406.45500967120597,409.5459836307111,394.9795039336765,402.01287841796875,3992754
2015-08-11,406.75122040407405,413.45142683991816,405.60363353747687,410.5825500488281,7574406
2015-08-12,412.7480553177759,425.33409467275743,411.2673448054251,423.63128662109375,10168440
2015-08-13,424.59372614990656,431.9417428003145,390.7410011941146,428.6656799316406,9787960
2015-08-14,431.25696427463737,432.62660351098685,423.1500646640373,425.4266662597656,5109066
2015-08-17,425.70428631753373,426.9813811014062,415.5244012099405,422.79840087890625,3107436
2015-08-18,425.7043169393464,435.95822023749975,425.7043169393464,431.016357421875,4150446
2015-08-19,433.1078494878457,439.10470932875074,430.44258848915484,435.162353515625,6869518
2015-08-20,429.03593367672903,432.55262165768585,417.5604255283437,419.985107421875,8369114
2015-08-21,422.3356984460435,429.75773336571285,413.67353222368496,425.66729736328125,10822142
2015-08-24,410.87861490822803,415.709450732243,399.273556020161,404.2524719238281,14122684
2015-08-25,407.1954328062341,414.2288084637963,386.65057233282863,401.8833923339844,13735078
2015-08-26,403.4195670983035,406.08482774681426,392.01807892787264,394.091064453125,11498212
2015-08-27,402.75321347715715,407.2323532292081,399.0699645723654,400.82830810546875,15343392
2015-08-28,407.7876828299988,416.4128399941437,407.7876828299988,411.285888671875,7208820
2015-08-31,420.0960097250274,420.0960097250274,400.71722281400844,405.1223449707031,9917064
2015-09-01,403.49368232888185,412.6000444705062,400.532260807202,403.1235046386719,9071550
2015-09-02,406.4551122198667,412.74813308301583,403.4936906372083,406.9918518066406,11171830
2015-09-03,410.9527094719785,411.63752905742086,404.4190651935542,406.95477294921875,8590536
2015-09-04,408.3058929348003,411.267313735778,394.97949933040064,397.5522155761719,7318888
2015-09-07,401.6241722312418,401.6426991864669,390.53737109836186,391.925537109375,5180988
2015-09-08,393.1286421350083,397.5707736845564,389.53793720753646,391.944091796875,5459496
2015-09-09,402.4200844605649,407.0473047427159,396.8304113972662,403.0123596191406,9148664
2015-09-10,401.60566082999327,404.0488237915609,392.75840773508577,399.9583435058594,8363004
2015-09-11,404.0674309463108,409.5645599978529,401.8278380941968,403.7712707519532,9883810
2015-09-14,406.8251500252188,408.67603787792683,400.772755784402,407.102783203125,6557076
2015-09-15,406.9732630721785,408.3799108416166,402.80876506609366,406.8992004394531,5291886
2015-09-16,410.1568323970713,410.80464327856487,406.56612730044446,407.80621337890625,7478240
2015-09-18,411.56346228393,413.82153654345365,406.84369801547984,408.8426208496094,11576876
2015-09-21,407.1953825564052,410.4714454603422,404.41905040261156,408.9167175292969,4351234
2015-09-22,412.7481065845994,420.5033107812193,407.6026278775285,409.9532470703125,9626986
2015-09-23,409.9531733732742,416.94953919294704,406.2513972980712,413.21075439453125,4758254
2015-09-24,412.19276292074414,426.7037069529789,410.8971413040197,422.2060852050781,13399262
2015-09-28,421.98398312773554,423.05750732250897,407.5655821082504,409.24990844726557,9788464
2015-09-29,407.935675793604,419.5592603483102,406.2698767545194,415.28369140625006,8699370
2015-09-30,419.92956189426684,432.7191734022365,416.8015334402838,430.1279296875,9495692
2015-10-01,433.0708697661478,443.3803089475074,429.40610175671765,434.2369384765625,10864394
2015-10-05,434.2183433227668,440.27073830340913,430.14638954906655,437.4573974609375,6881760
2015-10-06,439.4193335641474,441.45531034287603,425.0008890821701,427.40704345703125,8711880
2015-10-07,427.92535893434723,432.6451239225937,417.7269467081931,419.48529052734375,9182488
2015-10-08,420.6699348659325,425.55626228621674,416.8386048218793,419.0966796875,9080874
2015-10-09,420.5217691181356,434.1813320997412,420.5217691181356,432.1453552246094,11782138
2015-10-12,443.84306018493504,451.5427743833263,410.52706734369724,415.67254638671875,30404970
2015-10-13,409.953199940173,411.2673486071116,401.7167476390855,406.9732971191406,15326862
2015-10-14,404.0304050983038,412.95172321143275,402.45714998035345,406.3070068359375,8865510
2015-10-15,407.1583569545681,408.805629222458,403.16042074374656,406.2143859863281,8255666
2015-10-16,410.5667116082521,411.4633177333305,407.2044728416695,409.0350341796875,6418992
2015-10-19,411.68735738153543,416.9175052974533,411.12698439054424,415.40447998046875,7347494
2015-10-20,415.7968954600185,422.14779143739526,414.90028926020227,420.63476562500006,8788310
2015-10-21,420.2798188954417,428.4425778128885,420.2798188954417,425.28582763671875,7278098
2015-10-23,426.55596499958847,430.740065346204,420.3171179574148,429.58197021484375,6033362
2015-10-26,431.1136640238142,432.79478316428833,427.06030810577045,430.42254638671875,3195942
2015-10-27,429.6193732718698,431.48728359044316,427.4152299752974,429.3952331542969,5263748
2015-10-28,427.56461303539936,432.6079702009545,425.5099119679509,430.81475830078125,5255472
2015-10-29,430.77738825681445,431.82343608155605,424.40784261965644,427.77008056640625,5887324
2015-10-30,427.75144260034233,427.75144260034233,422.1477119112549,424.1837158203125,4044676
2015-11-02,422.14760612898317,424.31439969378334,416.2076439663382,422.59588623046875,3544988
2015-11-03,423.41789879935743,429.7874453027714,423.41789879935743,427.938232421875,3614682
2015-11-04,429.6566627120945,432.458527800996,423.0069302630654,424.68804931640625,3205572
2015-11-05,426.98565528751806,427.7515168559541,418.1878239403557,419.495361328125,2345306
2015-11-06,419.5326202949634,427.3404938538773,419.49527121256455,425.2484436035156,3026172
2015-11-09,418.41183141730136,425.8834712640389,416.6186196127762,423.8661193847656,6125676
2015-11-10,421.2137335408,421.2137335408,410.9775769265593,412.3785095214844,4680052
2015-11-13,410.92152402547885,413.1817134843111,407.2044011735073,411.2391052246094,3520868
2015-11-16,404.8321898531519,408.6987548759758,398.68673788633225,403.5433044433594,6808334
2015-11-17,403.46854829361456,404.5519451828348,393.0082525971135,396.5572814941406,7184106
2015-11-18,388.89887210621555,390.44924656715904,377.7848073173972,381.05364990234375,10125252
2015-11-19,384.8828571328297,393.008265667301,382.47324866228,391.4392395019531,8539622
2015-11-20,391.51400566576046,397.19243483486804,389.29121061154626,393.15777587890625,6082978
2015-11-23,392.2611058850243,396.8935318751781,387.7781218177669,393.6433410644531,5616350
2015-11-24,392.26117881591506,392.56006271727756,387.40461184009894,388.9549865722656,4325802
2015-11-26,388.88023385580016,395.81019943022255,388.5440464785964,393.15777587890625,9853968
2015-11-27,395.2498007278086,399.7327852351183,390.393234178223,398.36920166015625,5142478
2015-11-30,399.73279405014114,410.3051843210027,394.5773435117348,406.419921875,18105534
2015-12-01,406.4572394143883,409.0723135650324,400.834811749194,403.0950012207031,5898550
2015-12-02,403.4499387429124,403.4499387429124,395.62341260826304,396.25848388671875,6397616
2015-12-03,396.37060543989855,397.7902356516847,391.90631761617254,395.1564636230469,5504726
2015-12-04,391.88749162479354,397.8274541456705,388.56260292791427,391.90618896484375,8375530
2015-12-07,394.2411038066181,395.623338968694,388.52528095131424,390.86016845703125,4513870
2015-12-08,390.411935350907,397.0243193227342,388.263838586752,390.1690979003906,5724372
2015-12-09,389.64600542632365,391.1216360071004,382.00624936938283,384.1169738769531,6818254
2015-12-10,387.25514166739066,392.8588723849487,384.90160212798264,391.2711486816406,5587746
2015-12-11,393.75550070044335,396.70680816600776,390.7294950623957,393.3072204589844,5390198
2015-12-14,392.07434922370356,400.9095735507815,391.53267350944054,399.5459899902344,4816672
2015-12-15,400.94692371611217,403.1323695255657,395.5486814890343,402.5533447265625,5431808
2015-12-16,404.7388141582605,410.19310313022885,404.7388141582605,409.389892578125,5495852
2015-12-17,410.9402281064282,414.6013501981408,406.45724379981266,413.5926513671875,4958782
2015-12-18,412.2103907770307,412.2103907770307,403.2630744530681,404.6453552246094,7219820
2015-12-21,402.34783867668233,413.7047412938749,398.2197390821903,412.22906494140625,4331012
2015-12-22,409.98756217585304,409.98756217585304,403.5059233670004,404.8695068359375,4109254
2015-12-23,409.0910942134931,411.87426259926775,406.1024374327274,411.2578430175781,2870928
2015-12-24,411.7061971735047,412.60275778668534,407.2418634386462,409.5767517089844,1230054
2015-12-28,407.20441719395296,414.6760578764108,407.20441719395296,412.7147521972656,5526952
2015-12-29,411.40720517647986,414.67604789638375,409.9315744185188,412.696044921875,3345062
2015-12-30,411.35116070855,413.40586185654803,404.5893351421569,405.8221740722656,5153970
2015-12-31,407.260454671212,414.65735142235184,406.08366216892676,412.95758056640625,7943938
2016-01-01,410.9402445801996,414.28378560160974,408.39986846330237,412.90155029296875,1806550
2016-01-04,410.9214906966169,411.8554456694291,401.99291763914806,403.0576171875,3975362
2016-01-05,405.5232844805855,405.5232844805855,396.8375024776619,401.24578857421875,4949786
2016-01-06,401.4699628412974,401.4699628412974,395.5860454997442,399.4899597167969,5588328
2016-01-07,396.01566196556325,398.9482718753644,391.4766310334371,392.5600280761719,5294088
2016-01-08,396.557300990844,398.76144395591297,394.31580894567674,397.2297668457031,3156716
2016-01-11,394.61474968429906,399.71410833960715,393.0456776645067,394.39056396484375,5360622
2016-01-12,396.7440515789094,397.0989362086004,385.10696410921344,392.24237060546875,6565212
2016-01-13,394.87616531006074,407.5779530305357,391.5512764625764,404.7387390136719,8751294
2016-01-14,398.23843704317903,431.4872371340261,393.8861973488347,423.2684326171875,30227006
2016-01-15,428.87216618096625,434.8494786016069,424.9682522475452,425.8461608886719,13036614
2016-01-18,425.8462004331624,434.13970394563415,421.5313093875176,422.8575439453125,10066612
2016-01-19,424.0156419019554,432.96291407787,421.6060558346612,425.7528076171875,7500436
2016-01-20,423.64198516539506,433.35511710040413,417.2910912078891,418.8788146972656,7507998
2016-01-21,424.01563268609215,426.81749810031744,419.15906596810163,424.781494140625,6743000
2016-01-22,428.90951232343286,430.5532823484985,422.5212688383096,424.4825744628906,6436018
2016-01-25,425.97682765188404,428.44245945427605,420.11160915200696,425.0055236816406,4579262
2016-01-27,428.2931403288283,429.4699329546488,424.0156439243831,425.32318115234375,6971962
2016-01-28,424.38919465903473,426.85482698622246,420.728072449715,421.99826049804693,7788598
2016-01-29,425.13624467547,437.0908666698593,422.7453111559393,435.18560791015625,10232108
2016-02-01,437.09100800523674,440.7894795013214,433.9529095963383,438.3424987792969,4251126
2016-02-02,439.65002749758105,444.56264058775673,434.84950726399063,439.1643981933594,7632702
2016-02-03,436.2690949576061,439.2951001556722,430.6466673957109,432.4958801269531,5245966
2016-02-04,433.3737606881572,446.41173430113986,433.3737606881572,440.7333068847657,5549346
2016-02-05,439.14559401440823,443.3110419893879,437.78201073964806,438.8467102050782,3984224
2016-02-08,434.75611273720074,437.91286283327247,427.30316904587414,429.9182434082031,4221044
2016-02-09,421.5126039172761,421.5126039172761,408.5119316109809,413.7981262207031,7579572
2016-02-10,413.9288195381204,421.2136678964177,412.8080736368439,414.1343078613281,5866054
2016-02-11,415.04966484278884,415.7968289559172,400.1624290093625,402.96429443359375,5214378
2016-02-12,408.9602522733155,412.5840255236459,398.6120477200206,405.2057800292969,7408096
2016-02-15,409.53930396413483,411.01493475421194,405.93422822249556,407.8581848144531,5093478
2016-02-16,406.0837333436496,408.23183036915646,401.11507328681625,403.151123046875,5125448
2016-02-17,404.12236234274485,412.060980507555,402.3478476941403,410.13702392578125,4164598
2016-02-18,410.94023911828594,421.02695407846204,410.94023911828594,419.68206787109375,4189072
2016-02-19,418.112977317053,423.7167076006264,416.1143226365665,421.1203308105469,3974018
2016-02-22,422.5213130871312,423.6233619312369,416.18911536307866,420.896240234375,3857010
2016-02-23,422.24104143194916,423.08160090394375,416.9361954500024,419.8688049316406,2501960
2016-02-24,418.22516781346343,427.28453388713604,417.7955392707561,420.4106140136719,4950714
2016-02-25,420.4292574487993,422.3718659102659,411.3511951925831,414.7881774902344,4484528
2016-02-26,418.4679401688139,422.894878316757,416.91756554902895,418.8415222167969,4235636
2016-02-29,421.96088208563486,422.29711501671625,399.0976812179216,404.9815979003906,8166076
2016-03-01,408.99762327905205,422.2597852984527,408.99762327905205,420.4478759765625,6386154
2016-03-02,424.78144838345787,434.66267443858214,420.27976686154267,431.8608093261719,7214898
2016-03-03,436.34382339695156,445.6273279846989,431.1136748288374,436.8294982910156,5814304
2016-03-04,439.18298338244676,442.69466324955306,433.01888047644036,437.3337707519531,4281680
2016-03-08,434.4757967489604,444.7493001114681,428.647927598518,434.6438903808594,7617746
2016-03-09,427.75142056283477,442.2277240971665,426.9855591668054,440.26641845703125,6305782
2016-03-10,434.43858805126644,434.43858805126644,425.640712269482,426.8175048828125,24381016
2016-03-11,428.1997167497013,431.8421416460216,425.2110604245154,427.0042724609375,4058548
2016-03-14,428.12509100186014,431.20714335854893,425.3232252230522,426.3318786621094,4174262
2016-03-15,427.3777595083614,431.30037006328956,421.7553328049912,423.7913818359375,6720258
2016-03-16,426.59328326805786,431.48719821372396,422.7267187943292,430.5345458984375,5588850
2016-03-17,432.1971082393331,436.99762874412,431.13240845473524,434.00897216796875,6474622
2016-03-18,434.4012826417793,447.9249363744054,434.1023987214838,445.8328857421875,8477422
2016-03-21,443.8154025985887,447.92480447450157,440.84544402957795,446.39312744140625,5138392
2016-03-22,445.02965077317873,446.0570014884998,437.8381957659311,444.5439758300781,7097950
2016-03-23,444.562683982229,452.2958149496826,441.61137637127035,451.21246337890625,6333176
2016-03-28,460.4024100022259,462.1208778728542,446.71062224451526,450.12890625,10787510
2016-03-29,447.92485620224244,455.3591477569464,445.1416883061825,447.2710876464844,6995356
2016-03-30,447.40177872691413,452.0342044886084,446.6359630151557,450.52117919921875,5756818
2016-03-31,452.12756520611475,459.46845981018066,448.41044296090956,455.1349182128906,17996320
2016-04-01,454.2757816014224,456.5919721149867,446.4679074844923,450.33447265625,5511428
2016-04-04,453.3605302174433,466.23041403008716,453.3605302174433,464.6239929199219,4577054
2016-04-05,463.98890734365284,464.1010002002643,453.52860991561556,455.6954040527344,4790716
2016-04-06,458.75874444166783,458.75874444166783,446.80411917934424,448.5599365234375,4931354
2016-04-07,451.4365736374248,451.4365736374248,438.9589236239685,441.38720703125,5657890
2016-04-08,439.27637331974483,439.8927927231957,434.120969225588,435.5032043457031,4195578
2016-04-11,435.5219572063616,443.34848264434254,430.0302738975902,442.2837829589844,5768678
2016-04-12,441.01361039640125,446.3932010415872,440.30379538014796,441.64868164062506,5842138
2016-04-13,446.411809182677,446.411809182677,435.72737270784563,438.099609375,12511386
2016-04-18,466.9775068662706,473.66463388525,460.8134037756358,462.7560119628906,25015990
2016-04-20,464.73602029374814,465.651277976651,457.9368459551969,464.5865783691406,8072848
2016-04-21,467.3512084343286,467.3512084343286,455.0603481885804,458.1237487792969,5441100
2016-04-22,458.12361743597177,458.9454795813782,450.91346671121164,452.5011901855469,5143938
2016-04-25,452.8000204450677,457.5631903044777,448.70927073326214,454.21960449218756,5364134
2016-04-26,454.0701448000568,463.07350591905487,451.5111176651389,460.3089904785156,5846744
2016-04-27,459.2070396993421,464.1196527997565,458.9642478483641,463.29779052734375,4486208
2016-04-28,459.8794322102676,463.0922282212206,450.9134644011316,451.71667480468744,12165168
2016-04-29,452.5759842324785,457.0963637997806,450.16639810220624,451.3244934082031,5036410
2016-05-02,452.03415295575707,452.4637813126903,446.86005214381726,448.6906127929687,3615250
2016-05-03,449.3257351528283,452.85606669093767,437.76339088906036,440.0048828125,6824810
2016-05-04,441.2004463675597,445.68343142802604,437.33388087356394,444.13305664062494,5812842
2016-05-05,446.48660418850096,447.92488598614943,441.23775805052117,445.4779052734375,6302668
2016-05-06,444.48795639262886,444.48795639262886,439.7247850937305,441.38720703125,2596720
2016-05-09,441.57389058599244,448.8774363746399,441.0508667049155,447.9434814453125,5123678
2016-05-10,449.2324392205014,454.5186346321928,447.0282958866221,453.0803527832031,3395704
2016-05-11,447.73804184985005,453.79005220926473,445.49654977550784,448.9895324707031,3709888
2016-05-12,449.75549063003075,453.1550785537594,447.1030668918813,452.0343322753906,3406932
2016-05-13,450.5399194442108,452.0342475352364,445.3658175496896,451.00689697265625,5652064
2016-05-16,452.1089486821566,457.13365428335504,450.16634039231286,453.90216064453125,4533878
2016-05-17,455.77010608882796,457.9182029003122,451.3431678675552,453.62200927734375,3796294
2016-05-18,447.9249150270137,453.52864624086294,447.5139838586544,451.97827148437506,4256596
2016-05-19,452.38914152010335,454.33179544035687,448.67201855853466,450.44653320312506,3954400
2016-05-20,450.1663978854284,455.58333794297096,448.2984875207586,448.8962097167969,3994548
2016-05-23,449.5686636119391,450.22243222201035,442.69474453396265,443.81549072265625,4585946
2016-05-24,444.954976617418,445.21646584502975,439.9302700311008,443.7221374511719,3485060
2016-05-25,446.09430086925414,453.1923595660202,446.09430086925414,451.5299377441406,3857396
2016-05-26,452.07148860188516,463.16689938865056,452.07148860188516,461.05615234375,6136436
2016-05-27,460.10361574626637,470.5265634295935,460.10361574626637,466.0435791015625,6180764
2016-05-30,463.8020399470194,475.1962906263461,463.8020399470194,473.5525207519531,5285700
2016-05-31,472.58126256667236,473.23503111172505,462.86812989731783,466.47320556640625,13782038
2016-06-01,465.5019990255228,473.8888990207209,465.4833016790053,470.0409851074219,4840534
2016-06-02,468.84540858210727,476.2796994802786,468.47182658323703,471.2923889160156,5053552
2016-06-03,470.7319882040524,477.92344125891753,470.7319882040524,473.291015625,3998380
2016-06-06,472.54383731840903,477.06416998065765,471.1242076080915,473.23495483398443,4225768
2016-06-07,473.3284131364507,475.3831142195213,468.8827780360614,469.7420349121094,5692420
2016-06-08,472.1890704511856,472.1890704511856,461.5046316612402,462.531982421875,8741370
2016-06-09,463.43899402272496,463.43899402272496,445.97855863435166,448.03826904296875,12740804
2016-06-10,444.2210219834358,449.7388167265076,442.2179651022983,446.1862487792969,6383956
2016-06-13,444.7501106033966,447.8113486117719,440.66842916939777,446.29962158203125,5286722
2016-06-14,446.8666206380883,446.8666206380883,441.1409439866086,444.0699157714843,2940728
2016-06-15,447.3579877952226,450.7405061034146,445.6006413039222,449.7200622558594,6711572
2016-06-16,449.54993432287824,449.54993432287824,442.21804722644777,448.2271728515625,5302564
2016-06-17,449.3610133243446,450.77825789958956,444.1077508719171,445.7706604003906,8515082
2016-06-20,446.3374953797586,457.9778143056854,445.8461655424879,456.8251037597656,6229566
2016-06-21,457.7511436028587,459.11173548336194,451.8743296635562,455.82369995117193,4761724
2016-06-22,455.0299781077402,458.0345180642982,449.03976710784207,453.32928466796875,3031258
2016-06-23,452.497884202958,459.1305613949449,451.005025511199,457.90228271484375,3828626
2016-06-24,448.9829937478502,453.1402436899599,438.4009029861163,451.4584655761719,7808348
2016-06-27,442.9549870215365,447.1688897067549,438.40089035338843,440.7440490722656,5583778
2016-06-28,439.45923361685743,443.1251546085267,436.54913029409295,438.07977294921875,7655974
2016-06-29,441.80234810447934,445.9218146404323,438.47652925443685,444.76910400390625,5459150
2016-06-30,446.1485868182835,447.6603143466809,441.40552324423146,442.48266601562494,9346224
2016-07-01,445.95961434361544,445.95961434361544,442.2180795387954,443.08734130859375,3991912
2016-07-04,444.52351171223495,451.4774683587905,444.52351171223495,447.4524841308594,5381322
2016-07-05,447.84938104445126,448.79421096226656,442.5772485567512,444.2401123046875,3596416
2016-07-07,441.6889037089501,442.5581653567776,436.5112561802546,437.3616027832031,5954876
2016-07-08,439.53482532203395,441.0465530101579,435.94447206273964,437.7207336425781,5551648
2016-07-11,441.19770944220704,445.4683122331517,438.4010041543692,444.0888977050781,6668882
2016-07-12,445.9596082212855,446.0918751494141,441.4244257647979,444.65576171874994,6197368
2016-07-13,445.959540820135,451.9308819390556,444.14544965801224,451.17501831054693,5275420
2016-07-14,451.62858090213206,452.02542781604336,439.91269302935706,444.5423583984375,7413328
2016-07-15,449.5500098163852,449.70119180820416,397.5843718594681,405.35089111328125,61484126
2016-07-18,407.1270895706401,410.01827747952075,398.774804827187,408.9033508300781,14332824
2016-07-19,411.41659603685594,411.9457098451601,405.93658430038363,410.7929992675781,10404644
2016-07-20,404.3871142615794,411.9079679499324,404.3871142615794,409.3380126953125,9822896
2016-07-21,407.78848368531834,410.88750653487585,406.5035061132112,408.1286315917969,8668002
2016-07-22,404.38713461142265,408.1286696631851,403.1399408827467,405.31304931640625,9386538
2016-07-25,401.7415959413272,409.39471665422644,401.7415959413272,408.4876708984375,8469552
2016-07-26,404.51936617889953,411.90795266098957,404.51936617889953,411.45440673828125,7189610
2016-07-27,409.9425980467732,414.40221166476425,407.61835442363383,410.1882629394531,7431820
2016-07-28,410.20725912149226,410.79302583686024,405.9177416427022,407.2215881347656,11258562
2016-07-29,405.36974820919403,406.93817482683545,403.0643728375389,405.8421630859375,8156784
2016-08-01,404.95398023737596,411.13315680322694,403.7634856743153,410.15054321289057,9096662
2016-08-02,408.12859568693636,410.05603880840096,406.2767204783696,409.6025390625,6822502
2016-08-03,410.3017594601297,410.6229923349657,404.5005142623696,410.018310546875,7213460
2016-08-04,410.5851477649187,410.77411367919433,404.4059715949572,405.0673522949219,4237278
2016-08-05,405.1429223907127,405.6909050913632,400.60774042365256,403.6311950683593,5609968
2016-08-08,404.0091587536538,408.54434107829724,401.5715167078621,407.6750793457031,4643064
2016-08-09,407.03258203493255,409.86707076776634,404.9539569641878,409.45135498046875,7192664
2016-08-10,406.6546768545502,411.1520751655742,406.35231291619607,409.0545349121094,5576454
2016-08-11,408.80891150511536,413.8354241517141,406.37126924121515,407.1649169921875,5038552
2016-08-12,406.2956816520147,407.7129261866816,400.6077884658466,401.571533203125,7449928
2016-08-16,393.8049775392028,399.8708020288985,388.5139317757202,397.50872802734375,16429408
2016-08-17,396.80955768305625,397.83000143634985,389.45880109427355,390.51702880859375,6599316
2016-08-18,391.7263804119497,392.7089940399659,386.0574024030937,386.7754821777344,8434000
2016-08-19,389.2698233829135,392.671210189172,384.9047149283079,385.9818115234375,5686016
2016-08-22,384.7346567464478,389.26983934070853,381.3710537621852,383.77093505859375,10253518
2016-08-23,385.5282837508145,393.8050007673058,385.5282837508145,392.9168701171875,7406138
2016-08-24,395.69471250502613,401.3826062435472,395.69471250502613,399.6252136230469,6129966
2016-08-25,398.71812273146736,399.70073636632293,390.06347368418795,391.5941162109375,4796562
2016-08-26,391.53744941305746,395.316768422836,384.3756352761006,385.58502197265625,6881054
2016-08-29,384.5833950227549,389.2697586252887,382.08905433996784,386.54864501953125,5220282
2016-08-30,390.1957314075236,394.9387947164347,387.3801574969814,393.2003173828125,4375438
2016-08-31,391.95315827598694,395.2222783879035,388.4384193402343,391.4807434082031,11139814
2016-09-01,392.2932503373684,393.2191648926504,390.0256592949559,392.1231994628906,2877826
2016-09-02,392.6900698472152,393.04908661686534,387.83360912920887,389.96893310546875,3332592
2016-09-06,392.38774176054596,396.4127251744912,391.38621313502773,394.93878173828125,8215044
2016-09-07,396.07258457133565,400.22983498191263,394.56085714930765,398.4724426269531,7425470
2016-09-08,394.9388007358217,394.9388007358217,387.002231534432,392.1610107421875,9092774
2016-09-09,391.91537807138576,393.42710566278936,387.9660081925498,391.3484802246094,5053438
2016-09-12,387.4746681806937,399.8519375129714,387.4746681806937,398.3402099609375,6203096
2016-09-14,398.3212490181651,399.77632352675465,393.29478316736106,395.16552734375,5152418
2016-09-15,395.1655317114475,395.6190776103712,391.2917302628844,393.88055419921875,4701722
2016-09-16,396.45050988232356,402.3084535459804,392.3310434984486,400.6644592285156,9949384
2016-09-19,395.3167333651584,403.9713823568884,393.55934095460833,401.061279296875,5809154
2016-09-20,398.07571818864346,399.53074688448936,395.22231367873286,396.8852233886719,4214004
2016-09-21,398.34014518244584,401.0801509249247,397.2252647478293,399.00152587890625,4231532
2016-09-22,400.2298647980271,400.98572856535105,397.5843416123933,400.154296875,3629514
2016-09-23,399.4740062724151,400.1543021256384,393.0491641658578,394.0129089355469,5205294
2016-09-26,394.0884885939265,394.5609034687694,389.6477887704035,391.4996643066406,6371798
2016-09-27,391.17838959312405,396.7906684793297,390.53587775147713,392.95465087890625,6525660
2016-09-28,393.0491601651401,393.918421953826,390.4981199429144,392.6523132324219,5434708
2016-09-29,394.9198643231496,394.9198643231496,387.0022105971554,388.9674377441406,8902638
2016-09-30,389.6855753692068,394.523122174023,389.6855753692068,391.5563659667969,6502354
2016-10-03,391.3484106370857,393.0491038750064,387.7958422021334,392.3310241699219,3656160
2016-10-04,393.0491075905818,397.3575397275608,392.40664192610774,396.52606201171875,5066586
2016-10-05,396.52608466810807,396.77174960124023,391.9153344808607,393.61602783203125,2307574
2016-10-06,394.93882345560684,394.93882345560684,387.73920252646656,388.2872314453125,3721882
2016-10-07,389.25092773740363,390.7060024066822,381.7489890231975,382.6749267578125,6288558
2016-10-10,384.35671620828816,389.93121135486854,381.7111930878771,389.25091552734375,5413170
2016-10-13,386.01964027023814,399.85193816712524,386.01964027023814,397.71661376953125,9778690
2016-10-14,397.9244326001751,409.186773441347,376.5145852271572,388.19268798828125,33461690
2016-10-17,391.1406006626907,393.72947107988324,384.4890084629544,386.3975830078125,8014858
2016-10-18,389.2698529164706,393.2381378248424,388.2494552508808,392.6901550292969,6388134
2016-10-19,393.80502959425746,395.2033591343127,391.5374382530237,393.7294616699219,3509836
2016-10-20,394.844319965399,397.0929961312629,390.7059844553599,391.7830810546875,3535490
2016-10-21,395.35463419821457,397.64654512110275,390.5798197755308,396.6152038574219,3863620
2016-10-24,396.30956870350536,398.2958727094861,391.7257471859708,392.3369140625,2902974
2016-10-25,395.927606557259,396.84438023978555,387.79132755429816,388.5552978515625,5636014
2016-10-26,388.4788860006886,389.56753432001426,385.53759577022726,387.4093322753906,2775216
2016-10-27,388.82273969383874,388.8418342907021,382.4053697599869,383.3221435546875,7227790
2016-10-28,383.97150291537207,385.80502709410246,379.36858621542166,381.03021240234375,5840706
2016-11-01,384.5827261848584,384.5827261848584,376.7902414555635,377.9552917480469,6332798
2016-11-02,376.1789652866205,377.21032983870435,374.34544125765086,374.74652099609375,5377194
2016-11-03,374.7465203606579,375.1094109098806,368.65385265904393,369.32232666015625,5225108
2016-11-04,369.3796521234954,374.03987576872356,367.0877411485823,370.9075927734375,6005548
2016-11-07,376.255399281758,376.6373844586938,372.43554751240003,373.5624084472656,4537672
2016-11-08,376.98114729731753,377.30582534335537,370.75477080910423,375.3385925292969,5261108
2016-11-09,355.24619084380925,372.282719272445,344.16862145190555,366.0563659667969,12764158
2016-11-10,367.6607005138674,367.6607005138674,357.15610907061404,358.83685302734375,7287330
2016-11-11,359.0660326154447,360.975958320846,350.9297537733397,352.0184020996094,7096782
2016-11-15,352.95433819497583,359.0470070291041,347.052661968096,352.7824401855469,9235850
2016-11-16,355.24617328586834,365.50246476944176,354.69229018074395,359.4098205566406,12222616
2016-11-17,356.8696077788776,362.50388844758345,353.8710338335447,355.1697692871094,5706730
2016-11-18,355.24615113631535,356.48760273974875,350.4713372769563,351.4263000488281,6040228
2016-11-21,354.06199449113615,354.06199449113615,346.4413871698566,348.026611328125,7940568
2016-11-22,350.2422105658342,354.73053629881525,348.23678842982144,349.2108459472656,5483126
2016-11-23,352.22848324146537,352.53409000072213,348.54234068178465,351.5218200683594,8251786
2016-11-24,354.5587106690264,359.027942718564,352.68697363428345,355.3608703613281,16780644
2016-11-25,355.4181053799665,376.255391698969,355.4181053799665,373.3905029296875,12631380
2016-11-28,374.07807149339595,375.6633192712109,370.7547958588176,374.2499694824219,7365712
2016-11-29,373.88711174782077,376.1408337696094,369.41788021323026,371.518798828125,6125506
2016-11-30,371.67151148149793,373.199451919243,367.10678476083024,372.64556884765625,8500918
2016-12-01,372.81747622500427,375.70145921117665,369.3796101532573,372.6646728515625,4611590
2016-12-02,368.5393040280455,370.3728282641003,367.12595417219205,368.4247131347656,4453228
2016-12-05,368.9595578985988,369.9908994096699,365.9418651337924,367.33612060546875,3659576
2016-12-06,367.3932640024235,374.154404925856,367.3359802262159,369.1885986328125,3562110
2016-12-07,369.7616491314806,371.67157500509364,366.7821694315493,369.1504821777344,3385980
2016-12-08,370.54467660825077,376.6755333797075,370.54467660825077,376.1216735839844,5941662
2016-12-09,376.25536614000055,385.0983315329579,374.9184181384878,377.9169921875,8648384
2016-12-12,375.4150454135894,375.4150454135894,368.6921152996905,373.3332214355469,5345020
2016-12-13,374.5363479545056,379.2538540771821,370.9456790970592,378.2416076660156,4854282
2016-12-14,378.54724817068524,383.87594517665815,375.9115415569073,381.8896179199219,5382614
2016-12-15,380.99200144053566,389.2237768358547,377.7833168252098,379.0629577636719,7966416
2016-12-16,383.4366986238427,385.690420391764,381.12569307068367,383.952392578125,6436742
2016-12-19,384.3152734237289,385.13655087190386,379.73145134541215,383.76141357421875,4124134
2016-12-20,382.74912311149217,389.2428707091921,382.48172884162335,386.62628173828125,7636498
2016-12-21,388.0968993677098,390.38881019074745,381.31666318289007,382.57720947265625,7343976
2016-12-22,382.94013958684894,384.6590728817525,370.3346287575562,376.14080810546875,7060054
2016-12-23,376.2171691024405,384.50622788726577,371.900718421707,377.5732116699219,7306036
2016-12-26,377.4012958892458,379.6932065930266,372.4736785503084,375.3958740234375,3213828
2016-12-27,375.3958516974946,382.7108755844901,374.3453926874024,381.5840148925781,4912816
2016-12-28,383.1120089822499,385.72859792114724,380.075222391693,381.41217041015625,5476816
2016-12-29,383.41759783953927,385.0410347419732,377.45863877053245,379.0629577636719,6240124
2016-12-30,381.2211460308123,386.56893765849907,379.2157241704298,386.0341491699219,7267768
2017-01-02,386.22521689629815,386.93190348763545,381.73689090667324,382.4053649902344,2335222
2017-01-03,383.55127301127885,383.85687977749694,375.1094106712682,379.63592529296875,6778482
2017-01-04,380.09430685135703,383.589480189382,379.0247531280097,381.12567138671875,7073586
2017-01-05,382.59632683706167,385.6140189261367,377.687826858066,380.5145263671875,8207074
2017-01-06,380.03710643414144,381.54592940838916,369.7807892417273,371.3851318359375,14393448
2017-01-09,371.3850829093129,373.1804178778736,368.61569041654616,370.6593017578125,10545692
2017-01-10,373.1994961667431,374.7274367856448,369.7425351793827,370.7356872558594,11939854
2017-01-11,372.12990075512994,373.75333748105066,368.21455335732117,370.1817626953125,12241574
2017-01-12,373.4095761280092,383.66589132304097,373.4095761280092,382.0042419433594,11855740
2017-01-13,393.4447522055815,397.2646041687425,367.73715315641334,372.74114990234375,31276246
2017-01-16,368.61561871502045,368.7875166716258,363.82171040914363,365.0440673828125,12351372
2017-01-17,365.27331698307967,368.233702035753,363.80268341175497,364.9486389160156,5560094
2017-01-18,365.9799541506707,367.0877203850299,362.8094821442769,363.19146728515625,5952962
2017-01-19,363.2679253907149,366.552988786629,362.1601589843227,365.9800109863281,8876480
2017-01-20,362.8858582117375,364.0891206463533,361.35791775610915,362.3892822265625,9124742
2017-01-23,360.9759461778456,365.94175284484237,359.0660205366929,363.917236328125,7948580
2017-01-24,362.88590430955134,362.88590430955134,359.1042418756738,361.1860656738281,6826010
2017-01-25,361.39613178075064,361.6635260417681,357.07970435983304,357.76727294921875,9978090
2017-01-27,356.716894108107,361.9500963691758,344.2259958648436,359.88739013671875,10635138
2017-01-30,358.1110889216061,363.4588811828354,354.8069079486798,362.6376037597656,11369208
2017-01-31,359.6389510622392,359.6389510622392,345.44819608378987,354.7113342285156,24068534
2017-02-01,351.84653217623224,352.64871502517315,345.7538873418487,350.1849060058594,11531782
2017-02-02,350.2803499409735,360.975933145278,347.64464332553285,357.4998779296875,11828268
2017-02-03,356.69773275251424,359.4098413392681,351.8274220306823,357.5762939453125,8423958
2017-02-06,358.01555716140615,360.4984604652729,355.45625216990067,357.2515869140625,6727934
2017-02-07,356.3921439640716,362.8094898034139,354.6923053883694,359.9255065917969,9268002
2017-02-08,357.5381333839429,360.63220405857066,356.18209063924866,357.7291259765625,6319962
2017-02-09,357.9201348851146,362.8859425195932,357.74823688101577,361.3580017089844,11907266
2017-02-10,361.45345270330023,371.28957043868724,360.3265918338172,369.876220703125,12252452
2017-02-13,371.61428093237464,376.6755846749053,367.7944290512194,376.0071105957031,13724268
2017-02-14,374.34545280058177,377.7833192038524,371.42325703199225,377.2867431640625,9338818
2017-02-15,377.85975023619324,381.5267986919273,370.06724312460153,375.0330505371094,7259486
2017-02-16,378.5472701647292,387.2947391139209,378.18437962225204,386.6071472167969,12815858
2017-02-17,387.23742172871147,387.23742172871147,379.1966394842034,382.0233154296875,4851208
2017-02-20,380.64821667990986,393.8267048640111,379.5022611856402,385.9005126953125,4650662
2017-02-21,390.4270190935955,391.3437927949128,382.00425105652187,387.1801452636719,7613996
2017-02-22,387.71494788942204,387.71494788942204,376.7901813436678,378.2226257324219,6607838
2017-02-23,381.5650191497574,389.6248974075743,379.4449826740072,385.3657531738281,9542656
2017-02-27,384.7736026425528,390.77077362601267,384.63991717777566,386.72174072265625,5328696
2017-02-28,386.5116302572618,390.65618275412925,385.518478281577,386.72174072265625,5940132
2017-03-01,386.5690179207526,392.29879585436055,385.84323672335177,391.5921325683594,4282448
2017-03-02,391.30560415555374,392.6807413949405,388.2879120894524,390.8854064941406,2948498
2017-03-03,385.9005655607102,395.0873286832404,382.1380204982282,393.90313720703125,5401612
2017-03-06,389.6439400287017,395.71748980705485,389.5102545546069,394.9344482421875,5286386
2017-03-07,390.38886451326323,391.840426888123,387.60037728678793,389.5484924316406,4644496
2017-03-08,388.4406781931243,388.4406781931243,383.68495878206573,384.964599609375,6179176
2017-03-09,384.96461993211267,386.9509473256126,381.6031553586249,386.3970642089844,3480630
2017-03-10,387.7148932116194,392.54701426070574,387.1037263510845,390.33148193359375,4550324
2017-03-14,390.69438391325895,397.99031384038113,390.69438391325895,395.2782287597656,7878396
2017-03-15,395.31642931764367,395.31642931764367,384.85002719274655,386.54986572265625,6373978
2017-03-16,387.06556740888766,394.094080535658,387.06556740888766,393.00543212890625,6702956
2017-03-17,395.50744429694004,398.37233299916477,389.3383746323399,397.3791809082031,9507846
2017-03-20,392.1269198593939,392.1269198593939,387.75316140723766,390.1978759765625,4427388
2017-03-21,389.9686517889055,395.3355152078986,389.166468979374,394.53335571289057,4869584
2017-03-22,390.56076317130254,397.2454806987709,389.77769819271697,392.566162109375,3990852
2017-03-23,392.7762015323524,398.41048207949774,392.14591675550713,397.4364013671875,4501662
2017-03-24,396.5005848462623,398.7924957413274,392.56611915811527,393.9794921875,4883896
2017-03-27,392.37514727371877,397.9712393300642,391.34380596817476,393.00543212890625,7684824
2017-03-28,394.01767118528664,396.88255973001725,393.4638113849235,395.41192626953125,4796796
2017-03-29,395.08719760112604,397.83747160003384,391.8593956102408,394.15130615234375,6981186
2017-03-30,394.9726427990538,395.698423905635,389.7203470171515,391.72576904296875,12157180
2017-03-31,390.86632965677495,393.17735861323087,385.0410557478907,390.4843444824219,14153854
2017-04-03,394.2660484339304,394.38061602083667,384.31531494554406,385.3466796875,4315600
2017-04-05,383.8950404608018,384.0478438325648,378.5472488523926,380.4380798339844,7398338
2017-04-06,381.27853757130134,384.20071036921877,378.92931926015814,381.8323974609375,5379008
2017-04-07,382.3289262603522,382.3289262603522,373.9634425805954,374.9375,6404508
2017-04-10,376.217225963991,377.9743485262257,362.9241225941159,364.1846923828125,9528472
2017-04-11,365.1969919912835,371.17507045326806,365.1969919912835,369.4370422363281,8655466
2017-04-12,370.52562651359443,373.1613335950167,366.83946018174703,370.0863342285156,6696752
2017-04-13,370.5255926943397,378.165295636491,353.9665458930359,355.7809753417969,30973188
2017-04-17,355.24618007304156,356.0483395409458,352.7632766639289,353.2980651855469,7213434
2017-04-18,353.24075810074396,356.77412064460106,351.08253273463293,352.4385986328125,4647518
2017-04-19,352.57232762200005,355.2462239311593,348.61879026212483,351.12078857421875,10071702
2017-04-20,351.9993647519039,355.13164808107683,350.8725037395487,354.2148742675781,4549000
2017-04-21,357.07971704268857,357.07971704268857,351.8465157737006,352.8396911621094,3577466
2017-04-24,350.47138369741106,354.67322045018653,348.7524504803665,353.9283447265625,5556666
2017-04-25,353.68006415466994,356.392149427937,351.6364295877784,354.9978942871094,4737060
2017-04-26,355.2271219252427,357.3662296021416,347.6829146389035,349.2299499511719,9084496
2017-04-27,349.8984000312415,354.86420701858447,349.8984000312415,353.4317626953125,7797208
2017-04-28,354.0429373395136,354.253047829797,349.7456042759274,351.0252685546875,5029702
2017-05-02,352.9542220438667,353.8709955827755,349.5545454278095,352.41943359375,3231126
2017-05-03,353.90922304067703,358.7222263541694,350.528663965072,356.8887023925781,4659448
2017-05-04,357.9201268117381,358.9323969017439,354.82605606585685,358.1684265136719,5279806
2017-05-05,357.5380246074879,358.0536951248645,351.42626350308643,355.819091796875,4432788
2017-05-08,358.30204275081803,362.3319811060599,356.01013202959746,361.16693115234375,4707098
2017-05-09,363.11511558719684,363.63080958709753,359.86824144269804,361.6062927246094,5649372
2017-05-10,361.79727528850975,362.88592373390134,357.9774234597318,360.4603271484375,3364302
2017-05-11,361.682630795811,362.8285862484855,358.13017355542473,360.6321716308594,3229482
2017-05-12,364.03186003507216,368.99766714992626,363.4397876958213,368.3291931152344,10979996
2017-05-15,368.0427553343624,368.0427553343624,362.5421589023607,363.47802734375,7297164
2017-05-16,364.07008671029155,366.76310103608597,361.7208917066435,364.7958679199219,6130168
2017-05-17,363.49705749545245,366.11366974785454,360.536672598579,363.9554443359375,2915508
2017-05-18,360.21198520407546,372.01533529638067,360.15467810755524,367.37420654296875,8057848
2017-05-19,367.27868040649497,367.73706719783155,362.0645743697677,365.9226379394531,4257396
2017-05-22,366.0946542995255,369.3415287593299,365.38796763426285,367.25970458984375,5503052
2017-05-23,368.48195151544746,369.37960721233696,364.4519898895904,365.6743469238281,4039982
2017-05-24,366.7057795397088,368.8066980683217,362.73312426888504,364.7194519042969,5636286
2017-05-25,367.0877533233683,376.86656448151075,367.0877533233683,375.60601806640625,10438514
2017-05-26,377.01937561225947,381.98518299114437,374.574661115306,380.3426513671875,4988004
2017-05-29,378.509128432679,380.7246378386203,372.7029489686594,376.3127136230469,6308434
2017-05-30,375.1094964685446,381.98523061969917,373.82985527177993,380.53369140625,3716910
2017-05-31,379.5213525773903,379.5213525773903,372.37822539383376,373.2185974121094,7763900
2017-06-01,375.9334767519401,379.96702403917953,371.76419487225587,376.7479553222656,5508606
2017-06-02,377.52364215252146,378.3187097902438,373.95550774823397,375.9916687011719,3917966
2017-06-05,376.2049683094647,376.98064865649445,371.1824333280694,371.8417663574219,5462698
2017-06-06,374.2657712329868,382.9921752254658,374.0330765952751,379.8312683105469,7008686
2017-06-07,382.0225349761672,383.53512097934396,366.5089294949015,372.8307189941406,12455046
2017-06-08,373.47066794392674,373.47066794392674,367.7306386002087,370.94970703125,6195352
2017-06-09,364.0073928461058,368.8166205024878,357.9764828371272,367.9051818847656,14757662
2017-06-12,365.8690093026678,374.3433310906354,364.60852876945415,373.8197326660156,8591676
2017-06-13,369.8056195613281,373.47071407531166,369.06871373476906,371.47332763671875,4937794
2017-06-14,372.3264939064806,373.06339956108957,368.9135057800474,371.78350830078125,7438110
2017-06-15,372.1908466402106,375.4099154727828,368.293033805371,369.26263427734375,5528062
2017-06-16,368.09909354327004,369.9413343390841,363.0183968172527,364.6667175292969,10948450
2017-06-19,364.5504403955039,364.6667877337876,359.91574476676936,360.63323974609375,6855860
2017-06-20,362.63056545963184,367.245873034236,362.2621125571406,365.94659423828125,5184396
2017-06-21,366.50899488128954,368.0603557061839,363.03782030121096,365.8690490722656,3735864
2017-06-22,367.5561488739442,375.70079277700523,362.6693483289758,364.6279602050781,9465242
2017-06-23,366.50898156670337,368.1185278328145,363.79410022176484,365.83026123046875,6403018
2017-06-27,366.5090084218048,367.67252908346137,358.2674037350711,359.5472717285156,6904660
2017-06-28,361.77729907211904,361.8548718390446,357.20078988613085,358.63580322265625,5905224
2017-06-29,360.7689514160156,367.65311482560395,359.37271252136145,360.7689514160156,15914040
2017-06-30,361.0016312335616,363.79408523627694,360.30352365085423,362.8438720703125,4216700
2017-07-03,364.9963960902597,370.387384240632,362.4754348362659,369.1850891113281,5088924
2017-07-04,369.94136879784537,376.2049975558026,368.2154988290426,373.16046142578125,5167726
2017-07-05,371.938675684131,371.938675684131,366.6640595123165,368.79718017578125,4226228
2017-07-06,366.5089875717727,371.16306995363647,366.1987201473592,367.28466796875,3829720
2017-07-07,366.0630284549285,366.6835870885109,361.87435828378597,362.7857971191406,5776886
2017-07-10,365.81091728857723,372.2490557718992,364.569823792353,371.1824951171875,1464376
2017-07-11,371.02734478553026,383.76788616102965,371.02734478553026,378.2799377441406,11539708
2017-07-12,378.12482332528435,380.66517200571815,375.72020925169585,377.1164245605469,6275976
2017-07-13,379.0168122715867,381.42142609891226,373.91670448472405,378.9392395019531,5170392
2017-07-14,387.6269233436616,390.49692684797594,374.6730501683173,377.0000915527344,22478180
2017-07-17,378.14419520954186,384.7374786131954,377.7563550093269,381.6541442871094,7698250
2017-07-18,382.4297818283516,389.70178476740256,380.50996831806526,382.2552490234375,8260180
2017-07-19,380.6457660377946,383.4382201902622,375.8559254022438,380.02520751953125,5890278
2017-07-20,379.8118850203105,380.0251923857649,375.0220682473919,375.9916687011719,6809740
2017-07-21,377.3684756804072,381.07234447403425,376.74794089316043,380.12213134765625,5980754
2017-07-24,381.4408411557189,385.5131633032889,381.0917755028865,384.17510986328125,6129176
2017-07-25,383.96175042089294,387.45231178835564,382.48796257789667,385.4549255371094,7145614
2017-07-26,387.1032491135764,387.4523147217191,384.11689885853417,385.5325012207031,6870024
2017-07-27,386.28879934314216,389.3915206230068,374.9638619372594,376.6121826171875,12676852
2017-07-28,378.5320894935076,389.00377639547963,373.21867325701777,386.8124694824219,11098428
2017-07-31,384.6986798204265,396.2563123241579,382.7012934464286,392.1839904785156,19158248
2017-08-01,392.10640942896816,394.4334504344813,387.20022184025714,389.99267578125,7689398
2017-08-02,390.16717347527003,392.7850943708546,382.8757837152778,385.260986328125,4257584
2017-08-03,384.34967782245417,387.35543968231696,380.1803952426445,381.6347961425781,4640348
2017-08-04,383.1860402438056,383.57388036550986,378.5513460550633,381.5377197265625,5349018
2017-08-07,381.44077671956194,381.53773675431523,374.53722697950224,375.5262145996094,6073744
2017-08-08,375.6231988976753,376.3019191847904,370.40674395661404,373.8197326660156,6004648
2017-08-09,375.29363239822976,377.7176339931341,374.0913134040228,375.95294189453125,3922410
2017-08-10,376.16616953481156,382.99214668030953,375.95283851560896,380.5681457519531,9140684
2017-08-11,378.5320281932117,386.6766722424509,376.04984149040314,383.06976318359375,6544156
2017-08-14,383.1861004148177,383.65151336832224,378.97804390229606,380.645751953125,3816470
2017-08-16,380.85904915964943,382.4491843971626,375.8171269202651,378.22174072265625,6178080
2017-08-17,389.77943848491947,399.1845642394063,387.0839441013175,395.92669677734375,25784260
2017-08-18,394.78257294928454,394.78257294928454,342.92833033559964,358.073486328125,164404960
2017-08-21,358.36432774047074,358.36432774047074,337.4209579374562,338.7396240234375,90407176
2017-08-22,347.1945510334536,347.9120459331676,333.5425712882099,339.51531982421875,49242598
2017-08-23,341.2992927428118,350.4911079749206,338.9334775686881,346.2636413574219,61284190
2017-08-24,352.93450586316214,356.1341868229106,349.9675195044607,353.76837158203125,42380524
2017-08-28,366.10177496795353,369.9801771103718,363.794120958837,364.9576416015625,40712108
2017-08-29,365.13209333640265,365.3454006724824,358.965425830821,359.70233154296875,13369392
2017-08-30,363.4837678880731,364.18187537486244,358.40304807534756,359.3920593261719,16149664
2017-08-31,360.22591605127076,360.2841015408228,354.05927204973693,354.8543395996094,15022452
2017-09-01,355.24224876307335,359.10126362691824,352.93459475529573,356.7936096191406,8433922
2017-09-04,357.2008613265946,357.2396358818698,346.53525471803715,349.1337890625,10177108
2017-09-05,349.83183485114773,350.9953553661737,347.9895940356899,349.7930603027344,9783392
2017-09-06,349.0561767429879,349.1725240675248,345.1777747791769,347.34967041015625,7735910
2017-09-07,349.0561883209339,349.2501084255567,346.08920125145085,347.4078674316406,6241192
2017-09-08,348.66835802313454,348.66835802313454,342.1138488318086,342.96710205078125,8604542
2017-09-11,345.33290079096105,345.87586283204695,338.8365778690754,340.795166015625,13787642
2017-09-12,342.28838736498517,344.3051612783519,340.8339865147528,342.8701477050781,17241354
2017-09-13,343.4324739663908,344.2469288627742,341.6871931839529,342.7537536621094,11478228
2017-09-14,343.0446346925624,347.7374913400094,341.9198887166194,346.10858154296875,13698006
2017-09-15,346.06980349057443,354.19506036247594,346.03102893957976,352.255859375,13459460
2017-09-18,352.93457589662466,355.9403373946454,351.4995624470632,352.58551025390625,8475860
2017-09-19,352.15886924285763,355.2615905577727,350.41358850321797,353.80718994140625,6033330
2017-09-20,355.64939726864503,355.64939726864503,351.9455287817396,353.981689453125,5767830
2017-09-21,354.87374335385823,354.97070339302593,352.2170477494165,352.760009765625,8204152
2017-09-22,352.2170907992059,353.03154575900777,344.4021012183454,348.3968505859375,17604088
2017-09-25,349.44399196859536,349.81244486320566,344.8286844927088,347.252685546875,9088700
2017-09-26,347.8926646039089,352.31405241880054,346.8454913138674,351.3444519042969,7366478
2017-09-27,351.4220264342699,352.12015779273423,347.1557838617798,348.9786376953125,6000138
2017-09-28,347.5435352869099,350.56870727552035,346.8454277787241,347.5047607421875,17537266
2017-09-29,348.2804587396522,349.9869648881994,347.1169382761567,349.0173645019531,5705832
2017-10-03,352.97333179589583,353.7102375929687,349.6766903271017,350.4329833984375,4947522
2017-10-04,350.21972826463804,351.1505542869209,347.9508723841709,348.90106201171875,4991492
2017-10-05,349.0561668758847,350.97598052807933,348.66832669046704,350.23907470703125,8611300
2017-10-06,350.6074963626988,357.58861907788526,350.5881090895334,356.8711242675781,8574308
2017-10-09,356.81288414524823,360.30344496840826,354.48584359647487,358.3254699707031,3504832
2017-10-10,364.55036495728103,364.55036495728103,360.51681780426924,362.8050842285156,7143220
2017-10-11,362.80510096164124,363.79408868584494,359.9156868874884,360.9628601074219,5982504
2017-10-12,360.6913993874632,362.37849485132676,356.63846441265656,359.64422607421875,10280972
2017-10-13,361.77730625120324,362.0487991048877,359.741145356398,360.7301330566406,7180728
2017-10-16,362.99897709474584,365.3454051642372,361.8548439684006,364.181884765625,5758750
2017-10-17,363.32867280269124,363.32867280269124,360.49744424712327,360.8852844238281,5625102
2017-10-18,360.2647527922602,360.6913675216497,357.9570989861047,358.50006103515625,7231852
2017-10-19,360.69139178130143,361.46707219373434,358.82976352583995,359.50848388671875,1091434
2017-10-23,360.69134251877244,365.3454243577243,359.95443675885133,364.3758239746094,9154096
2017-10-24,366.89674445788927,367.1488499984153,357.43343629487384,359.3338623046875,14529328
2017-10-25,356.4251274883018,366.3926249065195,354.97072680486207,362.7469177246094,13984134
2017-10-26,365.3454138297737,369.1462424876812,364.6085080910875,367.42034912109375,33659258
2017-10-27,370.38738944048885,371.43456271045716,366.1211472584518,367.0325622558594,8524956
2017-10-30,370.25164503126007,370.25164503126007,364.97700427007015,366.159912109375,12968326
2017-10-31,363.761102492851,365.7273787225421,361.7948262631599,362.5223388671875,9954988
2017-11-01,363.7610923110581,365.49142494571186,363.0925536111967,364.5672607421875,5633134
2017-11-02,362.99421557908613,364.1543232451947,361.794791993066,362.93524169921875,4686138
2017-11-03,360.6149599261874,365.68796078455597,360.5953019698535,364.4098815917969,3699086
2017-11-06,363.03356383046633,367.6936285593791,362.83693622161104,365.21612548828125,5066534
2017-11-07,364.25253731863836,377.52489697802196,364.09522567727623,375.7552490234375,13442820
2017-11-08,377.62330132806426,378.25250003965607,372.6092975874417,374.4969177246094,5369994
2017-11-09,374.77223872988554,378.7047910775234,372.9042763647576,375.36212158203125,4723232
2017-11-10,377.0530668879322,379.23562836600064,373.5924260575615,378.3311462402344,6589428
2017-11-13,378.33115127089263,381.2215913228913,373.336805550393,374.3592834472656,5021216
2017-11-14,374.3593477953653,375.49977364255955,370.93802224899025,373.2385559082031,5733710
2017-11-15,371.68519060566007,374.9688621784729,371.4295651049477,374.3003234863281,7023516
2017-11-16,374.3002667577943,391.64283419108403,373.00252949466426,388.69342041015625,15687502
2017-11-17,387.5530046746788,387.5530046746788,379.55027085084674,381.8311462402344,8057670
2017-11-20,381.06431395002977,381.850824401939,376.44356504506294,377.7413024902344,5661190
2017-11-21,378.03626137975925,382.0474696703438,377.5446923245992,379.9828796386719,5364656
2017-11-22,380.12047420325047,381.8704646781846,378.82273681817776,380.00250244140625,6084920
2017-11-23,382.0474787631522,391.0726916311706,381.06434062943333,389.81427001953125,11894618
2017-11-24,389.6765778048654,400.84501081183777,389.40129437108124,397.0107727050781,18619912
2017-11-27,395.88999431984814,395.88999431984814,390.6203653093758,392.76361083984375,6017730
2017-11-28,391.0530452275266,393.2159491856381,385.90138685313207,387.23846435546875,4616868
2017-11-29,388.39852241017263,390.08951503295077,385.5080821806115,386.451904296875,3838070
2017-11-30,389.10641737513487,389.10641737513487,380.80871708221696,383.8564453125,17266944
2017-12-01,385.15411018254053,386.64847497794784,376.3648430263604,377.05303955078125,4085000
2017-12-04,385.39011274423507,391.9967955908004,380.8873357081222,387.4940185546875,17811606
2017-12-05,387.49405481443165,394.4350196464568,384.9968935532215,387.1007995605469,9976738
2017-12-06,387.35636507073156,390.93497772575813,386.9631098777664,389.44061279296875,7490094
2017-12-07,388.92945320545374,394.3957109353868,387.59237571683235,393.1766052246094,7549544
2017-12-08,393.6485002110963,396.0080316808931,391.2889687412995,393.9827575683594,5983244
2017-12-11,391.2692351066526,395.9686391755953,390.87597993774347,395.33941650390625,5139098
2017-12-12,394.0417603082671,398.76082330597086,394.0417603082671,397.3844299316406,9320434
2017-12-13,397.5417038031191,400.7270614224976,392.3310722389895,394.72991943359375,5362398
2017-12-14,395.3197558623814,399.1539937332177,392.97988282277754,398.40679931640625,6023572
2017-12-15,398.3675062177811,403.6371353481735,397.9152531497459,402.2607421875,10384134
2017-12-18,397.9349533724832,405.3281224576487,395.5360822095035,399.7832336425781,4035448
2017-12-19,400.1176012215257,400.3142288673172,393.0783219012321,394.80865478515625,7118898
2017-12-20,395.2608180876926,400.5697636391768,393.6484812619032,399.4883117675781,4186326
2017-12-21,399.0754131788222,404.6399604293433,392.6260416373537,401.926513671875,11059162
2017-12-22,399.54729771074847,410.87306708399154,399.54729771074847,408.72979736328125,12906940
2017-12-26,405.05287680339853,409.57531183566954,402.3000902620162,407.2550964355469,10808906
2017-12-27,404.2663068469377,408.631429547539,404.03036335051235,406.7241516113281,6970172
2017-12-28,405.05288364752823,408.98543591595086,402.61469644062737,406.3309631347656,8433472
2017-12-29,405.0921369047322,412.44603731196577,405.0528209890875,409.79156494140625,6601768
2018-01-01,408.08091481988475,410.7550694668685,405.0528688854711,406.4489440917969,5431340
2018-01-02,407.9039100793309,409.77187206812516,402.30002411294817,404.934814453125,6112248
2018-01-03,404.46294226808027,405.6820236938922,400.5697064848644,401.6315002441406,6846552
2018-01-04,401.51355985466495,401.51355985466495,397.0304409663982,399.31134033203125,8947614
2018-01-05,399.27198046085834,403.6371273713061,395.61471207810956,397.9742431640625,11025976
2018-01-08,403.04732318232135,408.5922127144463,401.14002078120603,407.43212890625,5594690
2018-01-09,408.9853809851644,410.91234093883935,404.6202581544522,409.5162658691406,9948236
2018-01-10,411.6596040735267,415.2775330764433,406.2523445282605,413.8028259277344,9468634
2018-01-11,414.98252131890166,426.0526640400922,414.98252131890166,423.0639343261719,16775298
2018-01-12,426.9965126897237,427.0358286085206,420.99937092725446,424.1060485839844,18016528
2018-01-15,424.71556313744236,429.80819814166944,418.856051785794,425.1678161621094,10649250
2018-01-16,425.20724149788435,446.26607945791585,425.20724149788435,441.566650390625,22646966
2018-01-17,442.35307144542605,456.88387888070287,441.6255589768302,453.06927490234375,26154088
2018-01-18,450.27731232019596,458.10310228375084,445.20430941886065,453.3053588867188,13204970
2018-01-19,450.27719781017515,451.41764747545477,446.7379010588288,449.6676330566406,5988278
2018-01-22,445.2238736862787,454.97657361132946,445.16487580672555,452.2434692382813,9650214
2018-01-23,454.20979524833183,467.1872179697127,454.20979524833183,462.9007263183594,15403796
2018-01-24,461.9961841786254,480.1842354470736,459.1254022900176,466.3219909667969,20604718
2018-01-25,464.8276831763455,465.3782501008624,457.0608923618507,462.2322082519531,13548914
2018-01-29,458.7518968507577,470.43155770213707,458.22096389905056,465.1816101074218,10823002
2018-01-30,463.6084906225234,465.2601429960561,457.2377286000883,460.3641357421875,8628312
2018-01-31,455.84177777974975,458.77150983775186,449.15643933430306,452.341796875,9213698
2018-02-01,449.17605100632835,455.3501861848499,439.87560432836096,450.119873046875,13005454
2018-02-02,446.4430386968496,457.3165563532743,444.4177644851984,449.5890808105469,10244486
2018-02-05,448.31090587072214,454.1507357015026,446.6788872703239,447.60302734374994,9860220
2018-02-06,432.56094781150136,443.729402762864,430.67335204810036,435.62835693359375,10552078
2018-02-07,438.87278326904294,442.33344807379444,433.9767754533042,436.1396789550781,8342056
2018-02-08,441.5469904806032,450.8278042873557,439.0891452984766,446.04974365234375,8807244
2018-02-09,439.6593458048326,440.5638520330013,434.9402830591635,436.1790466308594,4382690
2018-02-12,438.40082410438106,440.6816749825658,431.7154871082006,433.6817626953125,6291972
2018-02-14,434.940247707936,439.3840506341715,428.7267963959087,431.6958923339844,8345712
2018-02-15,433.7604615231773,444.2603555784437,433.7604615231773,438.2632141113281,7986736
2018-02-16,442.41215507198046,448.959864568004,439.6986842532474,443.6116027832032,9889222
2018-02-19,443.7492244140759,446.73795465056884,440.56386655669803,445.0666198730469,6461840
2018-02-20,434.05542726678016,452.04685267783805,434.05542726678016,447.1114807128906,7188594
2018-02-21,451.2603852587494,452.9907179055797,448.31097097601247,451.2210693359375,13771358
2018-02-22,450.49357812362393,457.74911840152515,448.48793791236096,456.4710388183594,17859974
2018-02-23,457.55240613927094,458.53554409831537,450.9653818136734,454.4653625488281,9459828
2018-02-26,452.63671936939414,454.2294220756047,446.089010917438,447.7603454589844,5083608
2018-02-27,450.25749285335354,453.6788416744601,442.66769678817906,452.32208251953125,6616026
2018-02-28,451.2996623832185,467.77706502716705,449.3137524064453,461.13104248046875,17268416
2018-03-01,459.95133823617545,459.95133823617545,454.6227583153903,456.4710388183594,6579852
2018-03-05,456.4709376375852,460.4231712898598,449.58897217675576,454.56365966796875,8101456
2018-03-06,457.1787783256426,458.2995458641672,449.72656468307486,452.7742919921875,6689734
2018-03-07,454.20977022378423,456.17604628535906,447.5441135769602,449.92327880859375,6370416
2018-03-08,451.8502609739008,458.45696806472984,451.8502609739008,454.8586730957031,6093014
2018-03-09,457.10015489466184,458.5355459215307,454.4260484382982,457.5130920410157,4220964
2018-03-12,462.46809957601994,468.70118468448493,460.79676503248413,466.3023376464844,7676970
2018-03-13,464.11979576948517,470.7265027290004,462.1338856928413,465.5355529785156,8581052
2018-03-14,464.04124204470247,468.2097385163482,459.75474978417776,464.3558654785156,4429710
2018-03-15,464.04118440720794,467.34453803275966,460.8951424790235,465.0243225097656,6101500
2018-03-16,464.82764180556563,464.9849534849678,459.8136380551249,460.85577392578125,17954826
2018-03-19,457.7489522231647,464.2376615974621,449.3529651488923,450.9653015136719,7526620
2018-03-20,451.692943402996,460.1086148481854,451.692943402996,457.9653930664062,8553766
2018-03-21,460.1085652059355,462.2714687175873,457.041155569316,459.12542724609375,7692994
2018-03-22,457.9457144261182,463.03835044259534,454.32778551921416,456.68731689453125,6813168
2018-03-23,451.06377679971905,461.603036819624,449.2351302657888,459.1648254394531,12008084
2018-03-26,458.8895385094056,458.8895385094056,449.88398412140225,454.30810546875,8930722
2018-03-27,456.17596763465394,456.6872185244317,452.2827321030232,453.8164367675781,3802088
2018-03-28,452.53840931485536,452.53840931485536,442.90365717215366,445.08624267578125,12558322
2018-04-02,448.70420855145915,452.0665599033436,440.9570998756672,447.19018554687494,8072702
2018-04-03,446.2266670666117,449.70701407489696,443.63119228458464,448.4878845214844,4077168
2018-04-04,449.8839141898438,450.10022373511686,440.44579011593095,442.0974426269531,4813302
2018-04-05,448.13407857416905,452.754828166222,444.02453204899786,451.2801208496094,7763544
2018-04-06,449.49069157002134,450.67045716469335,441.27164832618297,443.1986083984375,5937742
2018-04-09,442.412142329865,442.72676572188215,435.15660239757113,437.0048828125,7202882
2018-04-10,437.29983588373744,442.2155264849485,434.70436084725617,437.85040283203125,8926058
2018-04-11,439.65937268726026,444.96831860074684,439.0694898079839,442.1172180175781,9025574
2018-04-12,444.16200754068524,461.1899746446327,442.41204133465084,457.19842529296875,17044366
2018-04-13,461.68159190656445,466.36133825682964,452.34178116739844,460.67877197265625,21227038
2018-04-16,433.3672365723189,448.3109343851575,433.3672365723189,445.63677978515625,24745084
2018-04-17,443.1986317698742,443.3559434584164,438.4795691423334,442.49075317382807,10397940
2018-04-18,441.56668482547036,446.24643229317434,438.02738727919274,442.7857666015625,10430380
2018-04-19,442.0188465747955,448.23229796165776,441.6649072924173,445.49914550781256,8525542
2018-04-20,447.9176218802382,469.42865967292596,447.1114296099729,463.4315185546875,24272692
2018-04-23,459.32210509784636,477.56915723008836,454.30810095401284,467.0692138671875,21830638
2018-04-24,466.0074686518785,470.4905880778422,452.28285090243884,454.01318359375,8526216
2018-04-25,453.0300186616565,460.5018679277776,450.355863932919,456.3136901855469,11594178
2018-04-26,461.6816244872362,464.69003649647925,456.17605145246506,462.64508056640625,11302084
2018-04-27,464.04112127951777,468.6028718538512,461.7602219899592,466.0860290527344,7663370
2018-04-30,464.7096632916252,475.0326125727079,464.2967741232538,471.7096252441406,5511678
2018-05-02,471.4736367370211,472.5354065027181,464.434359535985,470.7461242675781,10295042
2018-05-03,470.82474652127235,473.7544783000102,462.50739017659106,465.0439147949219,5332230
2018-05-04,466.0073829075544,466.40063808300386,454.209727644072,461.32763671875,6023368
2018-05-07,464.53265918077096,467.9736418413693,462.2714420038063,465.2208557128906,4638960
2018-05-08,463.2152732803609,463.2152732803609,456.5889332820321,458.35858154296875,5718556
2018-05-09,459.1253917730424,462.8219998173958,457.35574358205423,460.3837890625,3783504
2018-05-10,462.46815490722656,465.2209415435791,457.2968389822636,459.3221130371094,3182862
2018-05-11,461.01301186146077,465.2994544096046,458.55516727891177,464.33599853515625,3311706
2018-05-14,465.75181365426226,468.563598099037,460.10861080644,467.6984558105469,4432094
2018-05-15,467.2265060947162,475.0522943863089,467.2265060947162,469.7630310058594,5611974
2018-05-16,466.8923315076728,471.11982577063975,465.81087948691385,467.9541015625,6205004
2018-05-17,470.33324389697464,470.90344476500155,461.5046833953052,465.1816101074218,9519598
2018-05-18,465.2209287042079,466.6170039474586,461.28837647509374,465.299560546875,7139660
2018-05-21,463.86422542043283,467.3445246025143,460.1086187746728,463.84454345703125,8475320
2018-05-22,462.075000825663,471.11987318225044,461.64242957478615,469.48785400390625,5636804
2018-05-23,469.9399156057243,474.9146029743895,464.6309709524379,465.9680480957031,9538442
2018-05-24,471.1198018641866,482.74051400858,471.1198018641866,480.1646728515625,9740570
2018-05-25,483.74332266253214,491.03822749447073,480.0860772681491,483.0354919433594,8901438
2018-05-28,484.09711806915004,484.72631674513167,474.2657387419943,477.569091796875,5739794
2018-05-29,477.43157527816373,482.34726610716837,474.3444830337142,478.47366333007807,3388934
2018-05-30,478.5915960575629,483.21234482804476,474.10847701120196,476.50732421875,6323066
2018-05-31,476.5072457329713,488.422895971878,475.937044967766,484.4117126464843,19720340
2018-06-01,483.86126985689395,490.0943559768854,478.6702717469821,480.0860290527344,4998356
2018-06-04,480.2039232121115,488.816221838215,476.6253104327567,487.4005126953125,4270156
2018-06-05,488.4230408581847,488.4230408581847,478.5916591983984,480.1056823730468,4710862
2018-06-06,481.8161997601475,488.24595998900384,479.7909741028757,486.6335754394531,4038184
2018-06-07,486.8500124268158,494.7151176356497,486.8500124268158,492.53253173828125,6676226
2018-06-08,490.7824655867425,496.288038117363,490.0156371861763,495.5212097167968,6459878
2018-06-11,497.68416760847896,499.4341341522152,493.55498775918903,496.4454040527344,5171290
2018-06-12,497.76287448354117,499.9257785401554,491.74604945140527,494.91177368164057,7839820
2018-06-13,498.1757052345543,504.93967545461805,498.1757052345543,501.3217468261719,5766928
2018-06-14,504.8268087616888,504.8268087616888,497.21209287145007,499.4682922363281,7598848
2018-06-15,498.3806530106707,520.33841015625,497.5748637576219,516.208740234375,19957760
2018-06-18,517.3165794385017,520.2375647974807,508.5939029784994,510.6285400390625,8214846
2018-06-19,508.8557782390591,509.01694588318605,498.803579647934,500.2338256835938,7545700
2018-06-20,503.01387456751524,504.5650088378178,498.7834815495265,500.8583984375,5371802
2018-06-21,501.98643437911505,506.2369914651159,497.9776533632179,502.22821044921875,5798790
2018-06-22,500.7979851966082,505.83416767042763,500.0727552477904,502.7520141601562,4343118
2018-06-25,506.49882960737546,515.2215053531002,505.22970209834887,512.6630859375,7731178
2018-06-26,511.27325972782,517.2763992488616,510.16529955110485,514.8388671875,4483504
2018-06-27,517.2965692239131,521.1240684213249,509.90346218941835,511.6762084960937,6952142
2018-06-28,514.2142259888303,522.9570162175752,514.1940615929741,519.5726928710938,10996818
2018-06-29,522.9773719961735,529.8064160128764,517.0145120521092,526.663818359375,9966600
2018-07-02,529.4035095742017,539.8787692765832,529.4035095742017,537.743408203125,4830144
2018-07-03,536.6153416962175,547.0906015718523,536.5548976683331,545.4185791015625,8127452
2018-07-04,544.7337447192746,544.9754716789764,539.41550569845,541.973876953125,5025722
2018-07-05,542.7392249929536,542.7996690102456,510.9105563332324,517.3165893554688,17019902
2018-07-06,519.83466453025,524.5082312167642,511.2731558139022,517.4172973632812,11215356
2018-07-09,522.5542764365148,524.9716439450877,515.3223383126212,523.2996215820312,6644998
2018-07-10,527.1875681040991,529.9876658165508,521.4664846302759,524.3270263671875,5974488
2018-07-11,530.8337203755259,540.7247518148152,520.2778539280753,532.0020751953125,11899832
2018-07-12,534.2785372831679,534.6814318967863,517.497966789664,521.4866333007812,13272240
2018-07-13,529.8063586270787,536.4943986411349,523.0981542119712,530.7733154296875,19496158
2018-07-16,530.7734054315791,557.7673461518494,518.8074051855001,536.9981079101562,35344680
2018-07-17,535.7288427624767,543.7061742168274,528.8796356771221,535.003662109375,11161690
2018-07-18,539.7981365381414,541.2485470785587,529.4034374991347,532.8482055664062,6919016
2018-07-19,533.0295274904356,536.6152990762868,527.4292830115745,530.4912719726562,5118864
2018-07-20,534.2382509019901,550.817373879021,532.3446659145186,543.1422119140625,11705738
2018-07-23,544.7739007537107,551.1597698295508,538.3678672768547,546.3048706054688,7675702
2018-07-24,553.7382924028019,556.961448878742,546.3250226718467,554.8462524414062,6172246
2018-07-25,555.5915610267757,561.5544197879725,550.1323204318468,557.5053100585938,6936922
2018-07-26,555.410324253683,560.1846150298348,551.6432207121932,553.2749633789062,7362218
2018-07-27,553.2548061422392,559.6205600471839,551.2806620862378,553.3555297851562,6493232
2018-07-30,551.9655434631754,553.1742271349926,543.1018632031828,544.310546875,6409970
2018-07-31,543.323578393812,551.965648621167,538.0859481514215,549.991455078125,7943996
2018-08-01,549.4674664635211,551.3408862968158,544.3103978696003,545.5392456054688,4675706
2018-08-02,547.775437839763,550.656143800566,543.9681038932414,545.3782348632812,5940742
2018-08-03,550.4345086510656,550.4345086510656,546.3250039575981,549.5884399414062,3970390
2018-08-06,550.3741880397221,553.9800750373774,542.9004735366299,548.1985473632812,6178930
2018-08-07,553.5771804402652,555.9743836378517,548.198547366168,551.1396484375,7351528
2018-08-08,552.6908325054541,552.9728390531483,545.2372823979981,549.0446166992188,3992358
2018-08-09,553.4361588470902,559.8018638079582,553.4361588470902,555.974365234375,6409524
2018-08-10,558.3312379721441,559.6204807462038,553.1943329112988,558.190185546875,4779520
2018-08-13,560.023545381128,568.0209940885852,555.4708163108356,567.5778198242188,9979746
2018-08-14,569.6727382378875,573.9434598800646,565.6639570750765,567.3964233398438,6151320
2018-08-16,570.0756467657172,578.1134228701965,568.5849565433801,575.9579467773438,6626774
2018-08-17,576.5018240784468,579.2213623034343,573.318947282539,576.2802124023438,6390408
2018-08-20,559.2176416888658,567.2553683791713,553.375670648168,557.706787109375,16101876
2018-08-21,560.0234693954955,562.440836889289,553.476432433138,557.5859375,8361482
2018-08-23,561.232197708478,564.6568019299583,558.1500440728514,563.0049438476562,7717182
2018-08-24,562.642416872538,564.8180579663431,554.4233556189848,555.3097534179688,7053000
2018-08-27,557.2032243414099,572.0901599395489,556.5586028263325,570.2570190429688,7012950
2018-08-28,570.9821360924632,579.5235300539373,568.6856568320393,574.0038452148438,6496890
2018-08-29,577.5896037381412,577.5896037381412,566.127273727277,568.12158203125,5646496
2018-08-30,569.2094215521677,572.7347487509547,562.5012176747548,570.5792236328125,11507962
2018-08-31,574.1651360182909,585.9296889002397,572.5535574740355,580.6114501953125,10875864
2018-09-03,583.7941343438154,591.4088502802437,576.1391387934134,577.8514404296875,10976328
2018-09-04,581.7798223567758,603.1332368892613,576.94508699093,593.987548828125,15370124
2018-09-05,597.8552570282495,599.5473945348575,584.5194567142267,588.1455078125,8658978
2018-09-06,590.280858561791,592.657946497565,583.4719301015618,585.9296264648438,5598659
2018-09-07,591.7313243585546,592.3759951127685,583.2302574881991,590.4823608398438,6510605
2018-09-10,594.470914222908,601.9244634693491,587.7425948460037,588.9109497070312,5629871
2018-09-11,592.9802711876397,600.1114856853314,589.8376737450991,591.6909790039062,6963561
2018-09-12,599.8294111597379,601.5215485560983,593.2622104814835,598.6207275390625,4636617
2018-09-14,597.8150005131052,600.3129272492063,587.460580245631,591.20751953125,7896514
2018-09-17,592.2551520876343,596.2840987004754,583.8749234603341,584.9627685546875,5427054
2018-09-18,588.2260531429414,588.2260531429414,577.7507946623138,579.4429321289062,7729732
2018-09-19,585.808645478302,585.808645478302,574.688766308266,579.9666748046875,4849498
2018-09-21,575.2124844779886,578.0730749049446,557.6060136894251,568.322998046875,14350769
2018-09-24,569.2900341337996,588.1857995262679,569.2900341337996,578.758056640625,8637881
2018-09-25,578.7580895954392,593.060847813774,577.7508531011902,585.1641235351562,9602273
2018-09-26,589.1929826264388,589.716716017334,573.7218225199456,578.4356689453125,6599606
2018-09-27,581.7798107859599,588.8707460118769,578.1134797094061,584.0360107421875,14592616
2018-09-28,580.973975471734,591.8924085864004,576.3004082515279,588.266357421875,7490031
2018-10-01,594.2694660574568,608.2902161834658,590.6434150781232,601.6424560546875,8252398
2018-10-03,599.3459591623715,605.9131603990065,585.2446490555194,587.0173950195312,7792464
2018-10-04,587.0174259165523,588.0246624057708,566.066906940807,569.8541259765625,6173037
2018-10-05,574.5277421893782,589.4348434944321,571.5463120920726,583.8748779296875,8543578
2018-10-08,584.237451836798,587.178602100527,571.5059922648652,575.6961059570312,7259306
2018-10-09,577.8314419329602,582.1021642324112,566.187826808468,578.355224609375,6777212
2018-10-10,580.0877111268748,580.0877111268748,560.3458741486417,564.4151000976562,8866251
2018-10-11,551.9655886251168,558.3313428234537,534.4799535725238,542.578125,10985897
2018-10-12,545.0358618943693,551.2001200747181,533.0295825394851,546.9697265625,8909221
2018-10-15,554.8663298930901,568.0812902175438,549.1452472102924,563.0853881835938,6222176
2018-10-16,572.1103046832861,575.2529020858235,555.5110676284426,560.2249145507812,11588963
2018-10-17,572.1102199688589,581.6185208306409,565.1401250811614,568.36328125,20360697
2018-10-19,553.5771013197899,554.1411635155058,546.3249995557751,550.797119140625,10421001
2018-10-22,554.9471412647914,560.0638840207911,542.9408601455834,547.896484375,6672840
2018-10-23,544.6732243490736,549.5482392154977,526.4220791365574,529.886962890625,9041701
2018-10-24,534.2381092514288,537.0583707633142,521.4663732201882,523.6016845703125,7058164
2018-10-25,523.7646820244761,534.6390921610283,518.2663747092892,528.4484252929688,8270469
2018-10-26,525.638135730253,528.4076731984894,513.093880044633,516.1077270507812,5464141
2018-10-29,516.1893224816548,529.9147088064004,514.3972713711559,525.1902465820312,7137446
2018-10-30,522.217002768922,540.7076170085178,519.2438737585728,537.2864379882812,8793411
2018-10-31,540.789187969846,564.4522678484144,540.0967785751158,559.1168823242188,11947995
2018-11-01,561.8049223441848,561.8049223441848,537.2865108070329,543.0699462890625,5860244
2018-11-02,542.4590268105876,550.4824641144593,537.6937965168486,539.4451293945312,6654067
2018-11-05,540.4632845583621,544.6175416138907,535.1686178671348,542.4996948242188,5799426
2018-11-06,544.0473998993242,549.8307853098378,538.1418099830333,542.8662719726562,6975525
2018-11-07,548.2016269054172,551.8671652725411,547.3870628238342,550.238037109375,758956
2018-11-09,553.0889539971688,553.0889539971688,533.9467000664862,537.2049560546875,9694143
2018-11-12,542.4995913989502,550.9710763766799,539.4856948366595,541.0333862304688,7118080
2018-11-13,540.4632591654274,543.9251564547312,534.5983879319037,542.2553100585938,4137808
2018-11-14,542.2553549158445,542.2553549158445,521.7283287589671,532.0733032226562,7323026
2018-11-15,532.7249577802991,542.4997276478275,526.7786493876293,534.679931640625,5513390
2018-11-16,537.530779187257,539.6486256047015,524.7421150219718,530.158935546875,8583785
2018-11-19,536.7977484892699,539.2414408192666,528.8557484167807,530.8514404296875,6018930
2018-11-20,530.8514259418517,534.3540415758451,521.4024526935144,522.46142578125,5384830
2018-11-21,521.3210094432462,521.3617277036998,498.59465180101137,504.2966003417969,14359086
2018-11-22,506.86259341844857,511.66854227460584,502.3824901419496,505.64074707031244,6632975
2018-11-26,505.8442516807134,511.5461997672915,488.6162029323072,506.2108154296875,15075209
2018-11-27,509.5098097124708,522.1355523991907,509.3468869602012,520.4249877929688,12285851
2018-11-28,522.0948942651238,544.699049097681,521.3210483905093,542.8255615234375,17719890
2018-11-29,546.5725131000994,549.7493329885433,536.6348211003245,538.4675903320312,13399070
2018-11-30,538.4268985024097,547.3871040750671,538.3861802386713,543.6808471679688,10445773
2018-12-03,548.3239103507686,553.08909102729,542.4590381755517,546.0430908203125,8260890
2018-12-04,547.8350197159812,560.6236847268974,546.8168146946828,558.1799926757812,7827923
2018-12-05,556.3472890413145,556.8767756014527,547.7943658569312,555.0440063476562,5177288
2018-12-06,550.7268004490533,558.343005061328,541.3185944852315,544.5361328125,8039771
2018-12-07,547.3870443313865,558.5873000747744,542.1738144985557,556.184326171875,5553948
2018-12-10,545.6765280739851,556.998939598886,541.8480667371141,545.1063232421875,5121196
2018-12-11,545.1062823124092,555.4512558826656,538.1010015222698,549.4234619140625,7120933
2018-12-12,551.5412921162655,554.4330342346219,546.2466258512825,552.6817016601562,6926183
2018-12-13,555.5327365373633,570.1948908741266,553.903608277723,568.3621215820312,7521474
2018-12-14,568.1176337251358,581.3542978393418,565.6332236348,575.1228637695312,9560576
2018-12-17,579.8474037950681,579.8474037950681,564.2892502010627,565.63330078125,4778465
2018-12-18,559.1982374316376,559.1982374316376,549.464186792951,551.134033203125,8021298
2018-12-19,547.0204550621521,547.0204550621521,538.5082511505982,541.5628662109375,8295459
2018-12-20,537.6122530377354,547.0204575224874,534.6798424534375,543.3549194335938,11705260
2018-12-21,537.2049683201853,537.2049683201853,524.1312258124353,526.3712768554688,12802132
2018-12-24,535.1686123934659,536.6348178264769,527.5116899853404,528.652099609375,8379825
2018-12-26,527.0227851951955,527.0227851951955,519.1622245400165,524.6198120117188,6178552
2018-12-27,531.7066410395826,540.2595628793614,528.6520260968044,535.005615234375,15333902
2018-12-28,540.3411104309241,540.4633149405643,532.1547506453927,535.1279296875,4736598
2018-12-31,537.6123625296481,539.24149090095,534.1911830065035,536.757080078125,3373319
2019-01-01,538.3862585632257,542.7441574752773,532.8472315286286,541.7259521484375,2943390
2019-01-02,542.4997201624016,549.0162333175056,539.2821818486591,544.984130859375,7416655
2019-01-03,547.3870394041824,551.4598596378444,540.1373995014463,545.0655517578125,6827249
2019-01-04,547.183436177335,548.9347688855626,530.2812310404839,538.4675903320312,7889310
2019-01-07,541.6849900859899,548.6902196950249,538.8340164539584,547.142578125,8046340
2019-01-08,549.7899673668197,551.8263773135692,544.5767380163253,545.798583984375,8621545
2019-01-09,558.9539964031933,561.8864078064543,540.8706601709346,550.7268676757812,18130292
2019-01-10,555.2068215102297,555.5326670081953,547.8350270014034,553.6591796875,9572493
2019-01-11,554.0665867167969,558.3837670952016,547.7944323435786,556.754638671875,12281903
2019-01-14,575.896872154874,578.50348746023,566.8959479578157,571.7426147460938,19312937
2019-01-15,576.0597302501743,594.6317814252524,576.0597302501743,591.8622436523438,19671304
2019-01-16,594.5502538424925,600.985279291417,593.409844412537,600.1707153320312,9658944
2019-01-17,599.3561653231668,601.9627799972801,593.8985767248444,597.3604736328125,6903771
2019-01-18,594.631671897317,599.681978232181,591.6177753977177,595.405517578125,5902151
2019-01-21,601.3111336293086,611.7375425197935,597.8899550060298,606.8501586914062,8129422
2019-01-22,603.7955614129072,610.108432375403,597.8899724479918,607.13525390625,6723375
2019-01-23,604.6916259759801,604.895266996342,593.9801381351687,595.975830078125,7212099
2019-01-24,596.3443520371522,602.8966868486704,590.5291748880688,599.5386352539062,7429783
2019-01-25,596.2624056351409,604.3709391145029,593.1909990127072,598.1871337890625,5543112
2019-01-28,598.7196253995122,600.0300724357103,588.8911226569757,596.2215576171875,7944693
2019-01-29,594.2150041917123,600.234943231832,586.8436257799611,596.1807250976562,6760819
2019-01-30,596.1807477278985,601.8321080638771,590.6112216130983,594.5426635742188,5763026
2019-01-31,594.6244151866188,615.3461651117188,594.6244151866188,613.912841796875,13825233
2019-02-01,615.387115206831,624.5194524419586,609.7766981548041,620.0556640625,6276585
2019-02-04,620.0146955921136,624.519425877129,613.6261790041616,619.11376953125,3945391
2019-02-05,611.8242645904229,622.4308665917667,611.8242645904229,618.2537231445312,4694366
2019-02-06,618.8271077871492,628.1642055977976,617.8442474928149,625.1746826171875,5880482
2019-02-07,624.9698251095449,630.2117125386012,623.2907994455068,625.7479248046875,3961797
2019-02-08,622.4718876523211,632.5051516309277,618.2947936655327,623.2090454101562,5915169
2019-02-11,628.1231770612493,629.6383843966678,621.6527268384662,624.7650756835938,5500216
2019-02-12,622.7585713414279,622.7585713414279,606.9101284686524,614.6500854492188,7310690
2019-02-14,615.1004769575271,616.7385607843115,603.8386506483846,606.1319580078125,4610535
2019-02-15,607.9746939388574,611.4146793599828,600.0299787970624,607.6880493164062,5586389
2019-02-18,608.015733239308,612.3566952928098,602.8148371809656,606.9509887695312,5346825
2019-02-19,605.353866143418,606.5414869315065,590.7749298916114,593.2320556640625,9401334
2019-02-20,595.4434832343671,608.5481541171042,594.6653834026342,606.6643676757812,5210675
2019-02-21,604.4528877588086,604.4528877588086,595.5253115613539,600.7262573242188,7202786
2019-02-22,599.9481713993722,604.6167200690821,596.2624829743932,601.954833984375,3750833
2019-02-25,602.4463077767017,620.8338099018117,602.4463077767017,618.2947998046875,6547552
2019-02-26,613.1347464344417,616.4109140349257,606.2138823706995,608.1386108398438,8319610
2019-02-27,610.1862819532844,611.3329607343054,600.1530175855962,602.2006225585938,5936354
2019-02-28,605.026351277446,608.0568167550541,599.784462343726,601.4225463867188,8559921
2019-03-01,602.4053285441976,608.8757796695008,602.4053285441976,607.647216796875,3998826
2019-03-05,606.5005162366015,608.1386000076659,598.1053369098963,599.9481811523438,4826505
2019-03-06,602.8967119441199,602.8967119441199,595.4434507819166,599.9481811523438,6076668
2019-03-07,601.1766836673571,601.5862045690379,590.1605614140758,592.1262817382812,5951551
2019-03-08,592.126331852435,592.126331852435,582.0521268165346,583.4444580078125,7193994
2019-03-11,584.2226050784069,588.4816331591883,581.0283715105853,582.5435791015625,9932198
2019-03-12,580.7006321254626,585.5739407993375,577.9158700288644,579.0216064453125,11997387
2019-03-13,581.5197490877465,588.5634894326691,578.4892840592191,580.250244140625,11348867
2019-03-14,584.795880370228,585.5330380306991,578.4073639440849,580.1682739257812,6415187
2019-03-15,583.1578077561155,592.7815496678211,581.1920872843938,588.5225219726562,14638664
2019-03-18,590.9796377297374,592.7405977059399,577.7111497423526,581.6835327148438,8065544
2019-03-19,583.8130230042669,595.0339063919718,579.390226990882,591.552978515625,8917337
2019-03-20,595.6482179006665,607.9747884174195,595.5663337073393,605.2310180664062,13471173
2019-03-22,610.1861432695822,611.2918297075571,599.7843023728237,608.6299438476562,8883260
2019-03-25,608.0567927775093,608.0567927775093,598.3511152112872,602.2006225585938,7644966
2019-03-26,602.2005534720806,602.2005534720806,588.9730068678833,596.0577392578125,9406261
2019-03-27,597.9006098078652,599.784396251655,595.5663602999616,597.6549072265625,7387487
2019-03-28,597.9005461149236,610.1861737748193,597.9005461149236,604.2890625,9277241
2019-04-01,607.7291275682497,622.4718826844606,607.7291275682497,618.4585571289062,6584982
2019-04-02,621.652892981118,627.2223687172647,618.0490880981279,621.9805297851562,7283600
2019-04-03,619.1955535486884,621.243157892434,611.6603595656362,616.984130859375,6897127
2019-04-04,615.4281090775968,617.3937796607026,610.2681050698608,612.5614624023438,7688525
2019-04-05,615.0186369971943,623.2499988207516,612.6433952813786,621.8985595703125,6276040
2019-04-08,624.9698653517939,630.6622161318325,618.7042252766403,628.4098510742188,4919911
2019-04-09,630.6623943660842,633.1195205779001,620.9977079310137,622.96337890625,6730692
2019-04-10,625.748022520164,627.9594456868265,615.3461802105675,616.4928588867188,7031088
2019-04-11,615.7148101759008,615.7148101759008,606.1320089852018,608.302490234375,8200995
2019-04-12,608.6300336903092,615.5509479457481,606.582428880437,612.4385986328125,7043212
2019-04-15,593.5595982477735,599.0061961849326,583.6491625438646,595.8529052734375,31574803
2019-04-16,596.1806366088639,596.1806366088639,584.8778180628586,593.0682373046875,12524411
2019-04-18,591.7577333685049,591.7577333685049,583.7720753749506,587.2939453125,13801105
2019-04-22,587.2938405267856,594.4195133092702,585.6148150411688,590.5700073242188,6455426
2019-04-23,592.9044603414006,597.9005960105538,588.3997298235129,596.4263305664062,5516668
2019-04-24,596.426254692146,604.37097022926,592.9862690998515,603.183349609375,8285120
2019-04-25,603.1834025081248,604.1662627621687,595.4843888401887,596.7129516601562,8005235
2019-04-26,598.7196484077267,605.9272073644963,597.081564554354,604.4529418945312,6895168
2019-04-30,604.4528960648468,617.393747527244,604.4528960648468,615.3870849609375,9920046
2019-05-02,611.8242743702367,612.9709529796536,597.4910417042673,598.5557861328125,6351352
2019-05-03,592.085341099609,598.7195597269849,588.2358346162913,592.6586303710938,6348116
2019-05-06,585.6151390291434,591.1846156679908,582.0523256619656,588.39990234375,8858265
2019-05-07,590.0377131797176,596.1805264763262,588.6453321677511,593.4367065429688,5747536
2019-05-08,590.529173422661,594.6243826696974,586.8434851003282,589.177734375,6247642
2019-05-09,589.0138580896408,598.1461430432828,586.2700384025877,590.5700073242188,7396525
2019-05-10,590.365413612408,594.6244416498438,585.6149804127249,587.1301879882812,8352335
2019-05-13,586.8845362729284,594.9930720852498,583.2397893675848,589.4645385742188,6808993
2019-05-14,586.8434544163941,587.8672566746224,576.2777951153414,584.6729736328125,10513001
2019-05-15,585.5330588787999,593.969180228459,583.6492225661541,586.515869140625,6668929
2019-05-16,589.7100867446889,603.6337971261607,588.9729291401206,600.4395141601562,6468556
2019-05-17,600.4805561055279,602.650987027489,589.7920199034324,592.9044189453125,8155948
2019-05-20,589.4644193300267,594.9520096289493,578.2435361794663,591.6758422851562,11213708
2019-05-21,591.8806505195186,591.8806505195186,579.6359640856573,580.9464111328125,8645535
2019-05-22,581.519701864653,588.2767969919536,579.0625763638164,581.31494140625,5795713
2019-05-23,585.6149136475065,587.0072947689334,571.2407394015006,574.1892700195312,7233736
2019-05-24,576.4417164465291,582.9531099700822,573.697945900486,580.8645629882812,7016424
2019-05-27,579.3901507118794,584.6319878884138,577.8339513994299,579.9634399414062,10247544
2019-05-28,583.1577466701427,600.7262028284284,581.3558447582056,596.3442993164062,23860490
2019-05-29,594.2148466049299,600.8900575036598,592.6996392182714,596.0986328125,10293077
2019-05-30,595.4434521395088,603.8386314853548,591.7987057425107,600.8081665039062,15089296
2019-05-31,603.2243665580788,608.5071968742748,600.5215382538521,604.2481689453125,8290306
2019-06-03,597.7367346155668,615.0185477165822,597.0815111309138,609.8995361328125,7744761
2019-06-04,603.8385966645237,605.6404987109646,600.4805451159699,602.241455078125,11733702
2019-06-06,603.2243403000481,609.8995515703837,600.8900909549043,602.4871826171875,7563925
2019-06-07,602.692056280215,609.3263267009278,602.692056280215,605.3539428710938,3218358
2019-06-10,606.1727099901667,617.6392931813682,606.1727099901667,617.1478881835938,4435148
2019-06-11,618.3766840051027,621.6528518673814,614.6909951600392,618.2947998046875,5733127
2019-06-12,619.9736783316638,619.9736783316638,610.186119173695,617.3936767578125,8738342
2019-06-13,614.6527402577572,620.6331554374073,614.6527402577572,616.8538818359375,4808577
2019-06-14,617.8506614612808,619.2211914190895,613.1992549498897,615.026611328125,5556353
2019-06-17,617.1445671539617,618.390484853465,612.8253756563794,615.1095581054688,3085588
2019-06-18,614.8188980928701,624.9938931988295,614.8188980928701,623.08349609375,6202838
2019-06-19,625.0354562375752,627.444251031919,621.7960495412545,624.537109375,4596253
2019-06-20,612.8253773963293,628.6900932329605,611.2472453903904,627.0288696289062,7148684
2019-06-21,627.111865186994,627.111865186994,620.5915832911402,623.1249389648438,13200318
2019-06-24,624.5370048979119,624.5370048979119,616.8538460899207,619.2210693359375,4758178
2019-06-25,617.9752488196416,623.7064911639183,612.4101389933851,621.3807373046875,3677911
2019-06-26,617.1445347485475,624.1632142265122,612.9914759682746,613.9882202148438,5447130
2019-06-27,616.313920468905,618.5565823403731,604.8099679732611,606.8034057617188,11122346
2019-06-28,610.9150150069773,614.2374624033442,605.1007320633352,608.0078735351562,5919494
2019-07-01,610.4996653624189,612.5761948364407,606.2219943673258,607.4263916015625,3224968
2019-07-02,609.6690393396326,616.023239660404,606.4296331571768,614.6527099609375,4837606
2019-07-03,615.4833361000713,617.3106921765145,606.3466064143752,607.4263916015625,5958379
2019-07-04,605.5159425444407,611.66248953749,605.1836775785671,609.5028686523438,3274064
2019-07-05,610.4996730623802,611.6625498611075,592.6415193605555,596.3792724609375,4926289
2019-07-08,595.0918848721274,602.1520857727191,591.6448253302872,596.0470581054688,7177092
2019-07-09,596.3792025967964,597.9158139683353,588.945217717603,594.3026733398438,5022638
2019-07-10,588.9037395808372,600.2831308657792,586.8272101746988,595.7562866210938,7573816
2019-07-11,597.5837547303134,600.9477228599543,589.4021969175512,599.2864990234375,6252688
2019-07-12,600.1171161138523,606.8450524311194,597.7083212515313,603.647216796875,7874441
2019-07-15,633.7568574979618,649.2477891688878,626.4474831733323,647.3373413085938,31064152
2019-07-16,645.3853574100967,654.3559545552573,644.5547456244981,651.9056396484375,9924322
2019-07-17,651.1165400274348,660.3363097337909,645.1776460197763,659.6303100585938,6754348
2019-07-18,655.3942718514284,663.2435639941708,653.0270483512235,658.426025390625,6534471
2019-07-19,655.1035577163394,659.9210961708561,648.9154894694542,652.362548828125,6812754
2019-07-22,652.819420703429,657.8446124648974,649.5800140755597,651.531982421875,7107151
2019-07-23,653.6916192212732,667.8120226860275,652.4872217276202,656.2249755859375,10782564
2019-07-24,654.5221577492177,659.2981760322863,650.8674452192159,653.110107421875,5745146
2019-07-25,654.7298182973027,664.6556404615401,654.2314714449542,659.921142578125,9773568
2019-07-26,658.0936995557778,660.3363614888174,649.7045409022636,653.6914672851562,4941763
2019-07-29,655.7679922221724,661.9560600461567,653.0269835212823,657.3876953125,6244316
2019-07-30,657.7615460481574,662.662125558315,654.9789659253205,658.426025390625,8673253
2019-07-31,656.8892734293389,664.3232586317847,649.2061148445271,659.2150268554688,7350584
2019-08-01,653.2347048579319,654.8544081178437,634.9197235565276,638.6159057617188,10066407
2019-08-02,635.4596494574812,647.7942670854011,633.1339461834533,644.2225952148438,10838336
2019-08-05,641.7306914846573,652.7778695858208,638.4498152525094,645.13623046875,9976238
2019-08-06,646.8804137439195,650.9504315533787,639.404908075007,643.2672729492188,9331718
2019-08-07,646.9635710510368,650.7428447171175,641.5230230377148,644.6378173828125,5130457
2019-08-08,650.1197680028749,658.4674051952816,648.9153709351167,655.1449584960938,8009009
2019-08-09,657.8444902835985,661.7898960018398,651.8640756871715,656.0586547851562,4362520
2019-08-13,651.3242777407403,652.860889326322,631.3895940971885,635.2103881835938,7517099
2019-08-14,643.8072178466534,646.4236654250881,637.9098940526408,643.5580444335938,5940968
2019-08-16,647.8772475858785,647.9187680393676,633.3415401079902,643.3504028320312,5128088
2019-08-19,644.2223764560988,650.3689229541941,642.3535002407132,645.9251708984375,3881451
2019-08-20,652.1964805634127,662.8283028507865,651.0751240692448,658.4675903320312,8435344
2019-08-21,658.6751972352819,667.6042746252937,658.6751972352819,664.0326538085938,5926896
2019-08-22,664.4064878803115,665.5693141377823,658.1353273951073,660.9179077148438,5222488
2019-08-23,661.5407547803723,672.7540136825688,661.0008368509182,666.3167724609375,6895015
2019-08-26,661.0839449164071,670.1375830228723,653.6084387953615,666.6074829101562,5412074
2019-08-27,657.0139275898189,660.2948543081113,648.7908505689361,651.7395629882812,16061642
2019-08-28,654.0237609236875,668.6425085335134,653.1100575127473,666.5659790039062,5881134
2019-08-29,660.7518120509015,672.5465119842023,660.7518120509015,670.2623291015625,7830413
2019-08-30,672.7955823400858,678.9005590123404,666.1506876996899,676.8656005859375,8174186
2019-09-03,676.948642467186,683.095190297031,674.4983274256996,676.32568359375,5647088
2019-09-04,673.4185132161217,683.1366813629851,673.0032073183628,682.1814575195312,6199015
2019-09-05,689.4908626693439,695.637410515493,686.6252924011552,692.7717895507812,7926895
2019-09-06,700.4550201701353,703.5282944054269,693.6024718480045,697.838623046875,6106841
2019-09-09,695.0559998324455,697.9631413655492,687.372840066386,688.6602783203125,4377870
2019-09-11,683.0120484163427,688.2033719794862,676.2425929079153,681.1846923828125,7981036
2019-09-12,678.1115112304688,680.9770814569157,673.5015750647467,678.1115112304688,4400017
2019-09-13,679.523492689541,690.27992562916,679.0251458885981,688.8263549804688,4832021
2019-09-16,691.1104550706954,696.0110843808967,681.5584205175855,687.497314453125,4846496
2019-09-17,690.6536978677162,693.5608391094925,681.5584887005691,690.446044921875,5540901
2019-09-18,689.3247742734939,691.85813020201,684.4241442243464,689.283203125,3199389
2019-09-19,685.130113975679,686.9159496008917,677.114740628599,681.68310546875,6601607
2019-09-20,683.510488990699,693.5608717639994,666.1506816224282,668.6425170898438,22462366
2019-09-23,670.2208145142296,670.2208145142296,616.2310368152395,634.8782348632812,17279260
2019-09-24,635.4180979368111,663.3682084057142,635.4180979368111,659.54736328125,13717998
2019-09-25,654.27292191927,665.3200486679606,649.2477306922306,658.3844604492188,9313576
2019-09-26,654.314430659483,661.9975896358084,646.2990066920602,649.9952392578125,18442824
2019-09-27,653.7330983931703,659.7135143280847,647.9603354372701,649.7046508789062,5087642
2019-09-30,652.1133205977852,671.1343515833988,651.3242799247997,669.1824340820312,8178091
2019-10-01,670.3037584904476,670.7605848656035,657.4707953540209,659.1320190429688,5881438
2019-10-03,658.3013877763635,662.7036202828897,651.3242789065454,652.5286254882812,5497672
2019-10-04,656.1832685442987,662.4958974314346,653.7329537946084,659.0488891601562,8201713
2019-10-07,660.2117414949626,666.1506358965884,652.943888547213,655.8095092773438,3679845
2019-10-09,660.7100823650793,661.0838677668144,646.8803773764865,650.9088745117188,6335025
2019-10-10,652.3626129333,660.0872935397148,645.0531875844289,650.41064453125,10402917
2019-10-11,649.123049925605,684.2579150413923,645.0530322770238,676.7824096679688,20636344
2019-10-14,653.4838266342182,661.9975974928145,647.8771970444108,652.9439086914062,15150858
2019-10-15,642.1459842541828,644.5132583830244,635.4180487227859,638.1590576171875,13762133
2019-10-16,635.6257091593558,644.5132659670761,632.5524352188232,640.7755126953125,10767032
2019-10-17,637.0792931153295,640.0279550628036,635.5011103114015,639.1558227539062,9860495
2019-10-18,634.421310522096,642.7274288863458,631.2649956829857,637.7852783203125,10037200
2019-10-22,574.0357381957299,574.0357381957299,530.2209700586712,534.5401611328125,90152532
2019-10-23,529.8722211225178,552.2866776768807,517.3403020255987,547.1981811523438,60516887
2019-10-24,546.6936014864777,549.3850264068817,531.5543940606983,534.3719482421875,25666433
2019-10-25,544.1704253387669,548.7962944877054,534.9186870408898,536.1382446289062,16549337
2019-10-27,547.6187804114672,548.7962949114259,542.9508681699579,545.7263793945312,2945281
2019-10-29,547.53470941113,549.8476440514997,544.1704408433197,547.2403564453125,16709764
2019-10-30,555.4407753889147,564.6925141887414,551.908283034775,555.6089477539062,22879467
2019-10-31,562.1693061394149,584.9201623829996,560.2348106179234,576.6356201171875,27405901
2019-11-01,580.3363499256558,583.700618620877,574.11243230563,578.5701293945312,9713519
2019-11-04,573.4396120692132,616.0817297759278,570.3697475612332,596.316650390625,29381982
2019-11-05,596.1061921005547,596.1061921005547,581.5977874250915,585.4666748046875,12897805
2019-11-06,585.2145541285847,606.8299916806073,582.0185089992797,599.0921630859375,21372589
2019-11-07,603.0451172805697,609.2269399991624,598.9238679117328,605.6524047851562,13733737
2019-11-08,607.2503810872472,609.1427818593335,593.372775425281,595.6016235351562,8585630
2019-11-11,587.8217632070882,594.8026092346021,587.0647823521409,592.4476318359375,6951494
2019-11-13,585.8032569829571,588.7469919426704,578.4439195836737,581.4717407226562,9973690
2019-11-14,585.6770293556489,596.9893916309301,585.6770293556489,593.20458984375,10539902
2019-11-15,596.3586254703425,599.6388077408627,590.6814224645931,592.0271606445312,7362623
2019-11-18,592.9523207423371,597.1576563504387,588.1582278821685,593.1205444335938,7490916
2019-11-19,597.0735197333898,600.5218741068626,592.952270651734,599.5546264648438,6495885
2019-11-20,599.5127455157399,601.3631037943493,592.9524310140088,599.6809692382812,6142171
2019-11-21,601.783514269519,606.7878738165402,597.5781787400324,599.89111328125,9692973
2019-11-22,598.6295566921235,598.8398234840772,576.2150961359949,583.0277709960938,14415826
2019-11-25,583.153978270083,593.0786132454966,583.0278489788401,587.1490478515625,7334511
2019-11-26,592.9523296499538,594.8447307020281,576.9720540991038,580.8409423828125,27253106
2019-11-27,583.9108845926299,586.7705335134103,580.4204352923832,585.1724853515625,3861635
2019-11-28,587.9901653674727,591.564701614191,583.7427855059548,590.3031005859375,4837683
2019-11-29,589.5039594161403,590.6814225723055,581.6399511170558,585.6770629882812,4262379
2019-12-02,591.354244582866,592.1112254902263,580.5885962045213,582.607177734375,9383736
2019-12-03,582.6072540962515,588.4947244395534,579.1168047159983,587.3592529296875,5239013
2019-12-04,586.2238044780871,597.578211021063,583.153888841861,596.1904296875,7427886
2019-12-05,594.1719436440509,602.1200390839109,591.9430949929077,601.2368774414062,4814422
2019-12-06,602.1619592712076,605.5682705259846,596.8211527511904,601.447021484375,5226096
2019-12-09,602.2039763010849,607.5447312553675,600.7321090405725,603.2553100585938,6435865
2019-12-10,599.6807924055539,604.306661070674,597.1575913154885,600.9844360351562,4457939
2019-12-11,602.7087178502597,607.8392584251918,599.6808965502122,606.4514770507812,6043554
2019-12-12,604.3068293308839,606.157187579068,588.3685944072756,590.5133056640625,11112042
2019-12-13,589.0414023790205,599.5968369750725,589.0414023790205,598.2510986328125,10302412
2019-12-16,599.0921481687064,605.7365994924675,597.3259276065256,600.52197265625,5616324
2019-12-17,605.3160736123409,615.03038949747,601.3630475086372,613.7267456054688,10525565
2019-12-18,614.8200542462494,620.1187667450507,607.8812506244552,616.0396118164062,12215295
2019-12-19,616.922757182373,618.9833819756819,609.4372389812634,614.6939086914062,7199210
2019-12-20,614.8201991287128,618.1844683441914,612.5072640430712,615.2827758789062,7794167
2019-12-23,615.7872420816946,620.1187064539813,615.3667085697449,619.0253295898438,4975608
2019-12-24,619.8242782819962,619.8242782819962,612.5490288746296,616.8385009765625,2890759
2019-12-26,615.6612532557456,617.8059645677756,611.0774262808276,613.0960083007812,3821806
2019-12-27,613.768768983159,620.2870395684547,613.011787994226,619.824462890625,3399094
2019-12-30,619.1094644406946,620.6654693580556,611.6660412277519,616.4180908203125,5368416
2019-12-31,613.7267313848213,620.4973119154746,610.1521958705674,614.9462890625,6927885
2020-01-01,618.1844026324181,622.3897387047475,616.123777690043,619.7403564453125,2112415
2020-01-02,621.4645602966463,623.062557139031,614.7360228516574,617.9320678710938,5658200
2020-01-03,617.2592041731061,629.1182304975495,617.2592041731061,627.4360961914062,7882938
2020-01-06,627.5201609681819,633.9963880928626,619.4459371079719,621.4224243164062,6519403
2020-01-07,620.7074639310664,624.576351708969,609.8576787837743,612.2127075195312,7899363
2020-01-08,609.7315850691181,613.1378964491256,595.7277977645024,604.0543823242188,8639443
2020-01-09,606.9982947809511,615.2407442455352,600.7743760824645,611.9185180664062,13521186
2020-01-10,622.7681844215654,624.8288092157168,614.3995559726637,620.833740234375,9341405
2020-01-13,639.2110333069456,653.9297084159871,635.0056975615051,650.6074829101562,36952038
2020-01-14,647.579625512934,653.4670952274895,645.2666909822158,652.3737182617188,11414418
2020-01-15,650.8598090964978,650.8598090964978,641.0193642733277,645.5610961914062,6047430
2020-01-16,648.2104694964037,649.7243801151758,639.4213074207928,645.0985107421875,5740586
2020-01-17,648.2104877981894,650.0608458665614,641.1034598393667,645.8134155273438,3762957
2020-01-20,648.9674461755833,651.3224754584385,641.6922455261039,646.318115234375,3887680
2020-01-21,646.318142170911,648.042319776191,639.8419140424884,641.3137817382812,4448374
2020-01-22,646.3179886109423,654.3501687183814,644.257364059486,647.7898559570312,9733935
2020-01-23,653.5931818762608,660.6581656069394,653.25678585816,659.69091796875,12528017
2020-01-24,652.4578666382421,661.4993388475377,650.6495516625163,658.3453369140625,7540490
2020-01-27,655.2333502280002,660.0694863204792,651.3224187974897,654.434326171875,3741610
2020-01-28,656.8733598174657,657.5462031841498,649.3037564392874,654.3501586914062,5121009
2020-01-29,661.583517503352,666.7981450291614,659.6070298826482,664.1908569335938,6832757
2020-01-30,664.1907593716351,664.1907593716351,654.3502631422793,656.6211547851562,3859680
2020-01-31,656.4948643925258,660.1955798831523,648.9673041567233,652.6259765625,6092028
2020-02-03,657.7144960957066,665.242057181126,642.9958213109562,645.4349365234375,6416745
2020-02-04,647.7058826508983,664.3590556275548,647.7058826508983,662.6348266601562,5771311
2020-02-05,656.8734746753693,661.0788106207942,651.3224517612754,659.8592529296875,6310409
2020-02-06,659.690952260605,661.7515769003892,647.6216600391936,648.757080078125,7341622
2020-02-07,652.6260545095304,655.0651184033688,648.4627619189931,653.761474609375,2853344
2020-02-10,650.986014881937,654.3502836926963,647.4114792705051,650.3131713867188,3827682
2020-02-11,655.1913091396193,655.2753953206621,646.9488613454889,650.6074829101562,4312817
2020-02-12,652.4999851615826,658.7659466607194,651.9112277990049,656.9155883789062,2948825
2020-02-13,660.2377728612388,667.8073779004122,657.8827948937632,666.3355102539062,4387430
2020-02-14,668.2277940725314,672.1808196096221,659.9012094589717,661.4572143554688,5321680
2020-02-17,664.695416391184,667.3447986787821,658.8079458273388,663.9805297851562,2929629
2020-02-18,660.2377979810996,672.0547826971391,659.1023777158924,670.8773193359375,5083346
2020-02-19,672.8538702708811,676.9330263255277,669.615781554073,673.2323608398438,3985192
2020-02-20,675.5871134414577,677.9841340197113,667.6810625728916,670.3304443359375,4564569
2020-02-24,672.9377553322428,682.6100268263813,666.2513130627193,669.3632202148438,6627536
2020-02-25,672.0126153334312,677.9000850547504,668.984794296332,671.5079956054688,6996695
2020-02-26,667.7652996223086,674.073303489259,656.4529357539774,658.3453369140625,8760569
2020-02-27,654.3503017114954,656.6632365825835,649.4721220684978,654.22412109375,5223386
2020-02-28,630.8003312931837,636.5195773633094,607.2924953467252,615.4088134765625,14123957
2020-03-02,619.8665760178656,644.173440577401,617.1331073990622,623.2728881835938,9821523
2020-03-03,635.0057595290015,638.3700284536584,623.4410851004932,628.2772216796875,7826587
2020-03-04,634.0803917402294,640.472480002188,627.0574519335045,638.1595458984375,11013444
2020-03-05,642.3650354401867,650.6074832384764,632.2722296460365,634.6692504882812,7755293
2020-03-06,623.2307692180619,625.7539707128719,613.2220494214494,621.506591796875,9216022
2020-03-09,609.3531944446008,610.4886146457234,586.2238461392502,592.4898071289062,10308654
2020-03-11,580.8830285510021,585.3406740322644,562.7159479085041,576.9720458984375,16165009
2020-03-12,561.8327232557575,563.5148571577208,527.7695117409997,530.8814697265625,13965574
2020-03-13,497.9117502015818,560.9917861223903,479.40827299814464,540.2594604492188,16903113
2020-03-16,523.143923331097,523.2701039750972,487.8190924952351,490.4684753417969,19140152
2020-03-17,494.63155815562135,497.91174049341305,462.5869210665155,466.7502136230469,16059887
2020-03-18,477.72604775592697,486.13671761078484,444.08336833649554,449.382080078125,15390183
2020-03-19,428.31344971314985,469.3154736179433,428.31344971314985,458.84417724609375,16583991
2020-03-20,462.16642611215764,519.3169525834973,460.9048253129434,492.1925354003906,21354894
2020-03-23,454.17632800590167,471.79669766491696,433.90662723432206,442.7798767089843,17146150
2020-03-24,439.0370581095472,505.60754444680555,439.0370581095472,496.0614013671875,20027097
2020-03-25,502.1170011803285,534.0775473191098,475.7916142329476,509.8548278808594,18339548
2020-03-26,517.2562732370237,547.4085086308779,514.8171580813906,540.80615234375,14843813
2020-03-27,559.3518217134848,567.6363657764621,540.1754967136678,548.9646606445312,13495283
2020-03-30,525.7510026157663,558.0479984958881,522.3867343505311,527.0967407226562,14624804
2020-03-31,546.6935643161171,556.7863685804145,532.9841821240443,539.5444946289062,15175521
2020-04-01,533.5308960819646,536.1802779894242,499.59385902073404,506.9952392578125,13083824
2020-04-03,507.5839905788898,509.68665831119677,489.6272286788533,492.6130065917969,10221655
2020-04-07,517.2562247262874,541.8574354144889,515.4900044927924,537.4418334960938,15145605
2020-04-08,529.8722697251504,551.4456612406818,526.8023542952592,531.2179565429688,11806896
2020-04-09,544.002215336272,549.0486181711811,531.6385181238118,535.1289672851562,11931114
2020-04-13,529.0312072148263,548.1234406992095,526.5500489967274,536.09619140625,8330276
2020-04-15,547.8712199909938,549.4692169442114,534.582316547724,537.4840087890625,11963447
2020-04-16,521.4195153807357,533.993477742919,507.5839524738782,524.6996459960938,17783287
2020-04-17,541.6472582473906,543.3293925897739,526.5080491659418,528.8209838867188,8878320
2020-04-20,538.282934250477,555.9453430305707,537.4418671657106,549.4691162109375,13322913
2020-04-21,528.0219376355332,543.7499033433327,528.0219376355332,532.563720703125,11660575
2020-04-22,532.5637884083881,542.4883716065032,528.2322715740959,539.8389892578125,8266728
2020-04-23,544.2124980318446,574.995587025574,536.6849366494273,571.3369140625,14451289
2020-04-24,562.2955522963262,567.7204468329988,550.7308765275059,553.4223022460938,7319940
2020-04-27,555.9873667512646,572.7666647748156,555.9873667512646,558.97314453125,7183306
2020-04-28,566.0382316377902,569.402500473676,549.258930551876,555.693115234375,7296571
2020-04-29,560.1506783062439,573.6077516589464,553.4221416298926,569.02392578125,8639056
2020-04-30,588.7469682886748,605.5683102397799,587.1489202694552,601.7835083007812,16253821
2020-05-04,580.168113799409,589.7562999093207,563.8093473522927,566.626953125,9122740
2020-05-05,573.3975334622045,576.6356214781432,563.5149943816311,566.626953125,6393053
2020-05-06,569.3183892829877,573.1452346488045,558.5106453215642,560.066650390625,7934250
2020-05-07,559.7721367606489,567.1735161621764,557.1648495703952,559.2675170898438,4779548
2020-05-08,565.4073941347407,572.6826455488828,562.2533923080315,567.0474853515625,8400321
2020-05-11,574.028359717549,587.5274779099074,570.243557345785,574.3648071289062,7370186
2020-05-12,570.6640178750056,581.1773564504479,568.1408166168994,578.3598022460938,7356039
2020-05-13,584.3734450728143,588.6629183350881,575.0796633398852,583.8267822265625,8287101
2020-05-14,554.2633485824617,564.9869566164926,548.880497349157,553.5484619140625,16888262
2020-05-15,559.1415147773635,559.1415147773635,543.9182176167352,548.628173828125,9255353
2020-05-18,554.9782189995536,563.9776490785782,549.2169287191407,558.3845825195312,10435442
2020-05-19,558.4685751093036,567.552089859209,550.8989709286053,562.3374633789062,5902208
2020-05-20,562.2534862875318,566.0382891122049,554.8100612662112,563.1365966796875,5794636
2020-05-21,560.5712028383799,571.46303167509,559.6460495941161,565.3652954101562,7213225
2020-05-22,567.72037055354,585.2566014656595,566.4587697300877,582.3128662109375,11867731
2020-05-26,582.859603174169,588.28449719359,571.0846616959029,572.3883056640625,7099606
2020-05-27,577.0140878719212,596.484812249405,567.7203064553988,593.330810546875,8774636
2020-05-28,594.6344998577227,597.1577014129889,580.3363577112145,594.970947265625,9440091
2020-05-29,590.3673971924181,597.4432703910662,575.405750096254,589.088623046875,28290128
2020-06-01,595.6955001109372,602.4303967037439,589.5147596804482,596.3775024414062,12276438
2020-06-02,597.1874640887264,606.693038399021,594.6725314563955,603.6665649414062,7059304
2020-06-03,605.8831226646595,606.9061522562504,593.3511272429256,598.0825805664062,11378568
2020-06-04,598.4661973463441,604.8174515852697,594.6298755684829,603.3681640625,10782424
2020-06-05,602.7289108154507,606.735747079048,597.272786707558,599.7877197265625,7718679
2020-06-08,603.2829633303422,618.7560973850326,600.1712591421498,614.5361328125,10719105
2020-06-09,613.811439805436,621.995571522799,609.5914757500856,611.765380859375,10078029
2020-06-10,609.5488808188883,613.3425870572468,604.6042989056473,610.2734985351562,7263049
2020-06-11,606.9914056570949,608.1849488973281,596.9743424317145,600.128662109375,8825715
2020-06-12,576.1301990284367,592.6264118888807,575.8744546810099,589.9835815429688,9795316
2020-06-15,590.793561263612,600.5122640371706,584.1865625626119,586.1473388671875,7857344
2020-06-16,598.4663042334391,606.9914652624055,596.0366541535651,597.7843017578125,10131760
2020-06-17,596.6760504048275,605.5421867912,595.0562489710375,599.8729858398438,7291916
2020-06-18,603.7519148933004,610.9130189424848,601.8763690589473,608.6112670898438,6670195
2020-06-19,604.4336824965909,606.9059990493721,597.6135563189143,601.4924926757812,22438862
2020-06-22,602.8140505610636,604.1781073987241,596.7612076963795,599.91552734375,7804096
2020-06-23,593.0953185975864,617.6477659685293,590.026230155318,614.3656005859375,12157390
2020-06-24,611.1687598919627,619.6086373298346,604.7748896965528,608.8243408203125,10220838
2020-06-25,600.8959240474334,601.5353110924012,591.2198875802998,597.1875,14945284
2020-06-26,605.4568702091336,640.7510011910102,605.2863566034009,637.8524780273438,26030458
2020-06-29,626.9402563060698,634.8686443085215,622.4218801020619,623.8285522460938,8954428
2020-06-30,624.7236118446258,629.9666051973649,617.4346116478082,627.4090576171875,10411290
2020-07-01,628.5174832067848,632.8226790261972,622.123612573959,623.95654296875,5477468
2020-07-02,628.6027366592303,652.5584707137511,626.9403718615391,645.013671875,17263756
2020-07-03,643.6495449731943,651.3221885556562,641.5182550891772,650.2139282226562,7796572
2020-07-06,652.3452952970697,660.6999422243128,649.1909754887926,651.322265625,8810958
2020-07-07,655.9258627511214,679.4126692737071,652.6436447732398,677.025634765625,19362533
2020-07-08,669.1399500797278,669.1399500797278,658.3129845173701,660.4442749023438,8476642
2020-07-09,664.9623338056914,673.4874919314054,660.6997547428344,666.41162109375,6854166
2020-07-10,659.4211240508266,673.4024072228784,659.4211240508266,666.5396118164062,5206452
2020-07-13,671.7825440752249,686.5736744543672,670.1201276267259,679.497802734375,10804688
2020-07-14,676.0025080790534,687.4688575912256,666.1132922029575,667.7330932617188,8961822
2020-07-15,681.160296262345,723.3172236279495,677.5797185911975,708.398193359375,30060599
2020-07-16,767.3495841598553,814.5789885034153,762.3623866762733,776.6420288085938,90432109
2020-07-17,776.6420587394516,784.2294717842034,760.5721533099775,769.9498291015625,31682878
2020-07-20,774.5107742110097,805.6276077373739,773.0188712337183,796.5056762695312,18421053
2020-07-21,805.6276173282375,809.6344529216389,792.1578749795978,798.5943603515625,12877784
2020-07-22,800.4699269011028,800.5125422953873,775.789577730354,782.5244750976562,14354201
2020-07-23,780.6061918107636,780.7340379735964,767.8184535210669,774.0418090820312,13051307
2020-07-24,770.0350916608719,789.2167020260749,770.0350916608719,786.744384765625,18209580
2020-07-27,785.6361453920682,812.2772716127954,783.1638800988545,808.56884765625,16827870
2020-07-28,806.4800976004691,824.851806119034,802.3880314019972,820.844970703125,15818463
2020-07-29,812.6609373858569,818.4154208134515,804.4341365611746,813.42822265625,11152710
2020-07-30,820.1204237044051,829.1997402687743,817.3497465972956,819.6515502929688,12492320
2020-07-31,826.3010723042933,840.9643568338954,812.7034326964146,823.5303955078125,12704346
2020-08-03,818.4154842660187,823.019092178397,807.7164172481904,815.772705078125,8479792
2020-08-04,818.7990302264573,827.5373195212177,801.8339404408111,809.7623291015625,11133170
2020-08-05,811.5953051967749,819.2253344916073,799.9158245367275,805.3719482421875,9614176
2020-08-06,812.8740289289736,830.6916346449389,803.4963526644548,827.6651611328125,10976491
2020-08-07,826.4716318133721,826.4716318133721,809.0376695187394,810.657470703125,8010948
2020-08-10,808.9523932066882,815.6872378870407,805.8833046142795,811.041015625,5716319
2020-08-11,809.8050063195817,820.1204295788674,806.5654037443816,808.56884765625,6802442
2020-08-12,808.1851718223195,817.3923342591754,803.2405894056235,814.1101684570312,6908726
2020-08-13,813.9822447126891,825.6617240082926,808.398275468109,810.9132080078125,5097703
2020-08-14,814.8773894961097,820.9728996474734,811.6378391357582,812.959228515625,4663873
2020-08-17,813.3855432662033,829.0292440186709,813.3855432662033,816.2841186523438,9008210
2020-08-18,821.7401546068832,826.2584787879165,817.3070612084666,824.851806640625,6141761
2020-08-19,827.7078822917601,828.2619865232915,816.2415306172933,817.8186645507812,6622744
2020-08-20,817.4775744970283,823.1041590171701,810.9984219838175,814.2806396484375,5656501
2020-08-21,821.0154168532418,821.356444022367,806.9489046786,808.8670654296875,6513773
2020-08-24,807.3326178205901,811.5951976401286,800.6830037087991,807.6736450195312,5798574
2020-08-25,807.7589721226585,808.7393864114385,795.9089779979271,799.7453002929688,6233918
2020-08-26,802.4307475965802,813.5134564611279,800.0010976204253,810.572265625,5153601
2020-08-27,818.4152745596017,819.2251750817397,805.7980494834962,807.3751831054688,6154280
2020-08-28,811.1263828117901,812.0215142318126,795.4400671303105,797.3156127929688,7593610
2020-08-31,797.3156147008101,810.3164841198824,779.7111379199654,791.6463623046875,12808355
2020-09-01,789.64287549189,797.1023898352681,777.5797543403642,779.3274536132812,6907773
2020-09-02,780.0520275165509,789.7707293284936,778.77325370095,787.7246704101562,5678118
2020-09-03,789.8560905427571,809.3787281650184,787.7248004981194,797.5713500976562,8827948
2020-09-04,780.0521257419142,792.4136075159664,779.5832523571739,783.590087890625,8650342
2020-09-07,783.3769917778524,790.7512241325386,778.3897418395961,788.6199340820312,6700385
2020-09-08,792.7972459130488,811.5952128631155,789.0461547881181,800.7682495117188,12891964
2020-09-09,797.1024326827127,806.4801083613328,789.4297889456599,790.9216918945312,5528947
2020-09-10,797.3582028166012,803.070070411996,788.4067848343019,801.4076538085938,5171884
2020-09-11,797.0172634803677,813.4281971859399,793.6924301240407,806.2244262695312,6671903
2020-09-14,815.8577614521076,844.885919046928,808.4408623049452,834.1016235351562,21871587
2020-09-15,835.0393279305308,847.4008085379761,828.3470988978077,837.5542602539062,11608203
2020-09-16,840.5807469984169,857.3327066338223,837.1706831160703,854.0078735351562,10059251
2020-09-17,848.2534207458194,870.4188367653081,848.2534207458194,861.8936767578125,15628241
2020-09-18,861.8935606952483,868.5431741989687,851.7486008390696,854.3488159179688,12897633
2020-09-21,853.3684588765447,878.943937164553,852.9422009050778,860.9558715820312,14140637
2020-09-22,860.188563920014,871.6975288485771,845.0137909394118,858.9097900390625,12625762
2020-09-23,869.6942376702272,884.05911177822,859.4213780136444,869.3532104492188,13486204
2020-09-24,855.073674763096,860.1887715213998,826.9406425924259,831.5442504882812,14427432
2020-09-25,831.885067766525,865.2184731991076,831.2030654016025,862.2772827148438,13311078
2020-09-28,865.1331187915175,866.2840464684381,851.2371201265356,861.382080078125,8554526
2020-09-29,867.8612422281498,876.3864017785245,856.0112496397511,860.1885986328125,8708463
2020-09-30,860.188642369882,872.9337669524186,856.7785783763444,859.5492553710938,8048817
2020-10-01,870.0778078165321,875.1076730243029,862.5330620383229,867.5629272460938,5563358
2020-10-05,867.903864263749,899.3191086674569,867.903864263749,894.033447265625,14212509
2020-10-06,899.404314218639,903.666893906879,879.2422914798864,900.043701171875,9090819
2020-10-07,890.7939844478612,913.8971471108864,882.7803132773535,909.2509765625,9284008
2020-10-08,929.2422783855064,958.2278173443204,927.8782738361141,932.3965454101562,21482613
2020-10-09,933.5903189673562,949.1061737406264,927.921066339948,943.5648193359375,10567867
2020-10-12,957.375426332274,971.8681977015069,948.0829815233288,965.13330078125,14633537
2020-10-13,968.0746093515298,994.0763479941307,968.0746093515298,987.0430908203125,17523825
2020-10-14,990.6235684383932,993.095885592969,964.280803851567,969.3106689453125,16649573
2020-10-15,1005.9689293191688,1011.0840255699442,931.3737756620269,944.8009033203125,44288251
2020-10-16,949.5748071622162,968.4153875952021,935.1247043941344,961.211669921875,18365685
2020-10-19,967.6055299942873,971.0155935361174,950.8110086775264,959.84765625,12902123
2020-10-20,953.8801618783683,975.8750119768656,946.2927487551511,969.7369384765625,10448776
2020-10-21,972.8486816249018,984.1018515152196,967.6056872637935,978.9867553710938,19811433
2020-10-22,973.5732433736274,987.2134989725573,958.0574942566011,962.533203125,11271335
2020-10-23,976.2771347895497,978.0004836594342,965.2046393375155,967.2295532226562,9069862
2020-10-26,967.0139075614576,973.34719213427,950.5559507553218,958.5694580078124,6309368
2020-10-27,952.7530542944182,956.1997508535874,928.1523207142468,939.9572143554688,10172479
2020-10-28,943.9641837521251,951.9346709266639,922.0346151674694,927.635498046875,7608392
2020-10-29,921.9914332157773,932.3315240555805,913.4608372359711,926.1705322265625,6935616
2020-10-30,923.7146464236655,933.7100450681501,906.7827291159676,913.8915405273438,8800386
2020-11-02,917.6830636243235,930.5650514106525,905.7057706771407,923.9733276367188,7183119
2020-11-03,923.714801118054,930.0912116403529,911.2205244238265,915.572021484375,7204782
2020-11-04,920.2679557018483,961.6283132614819,919.2339888367889,942.6283569335938,15702690
2020-11-05,956.372290327396,967.6602021922236,946.9800197767174,951.2883911132812,9568890
2020-11-06,954.7350503222591,966.0229617394616,940.6897182480938,958.8280029296875,8807127
2020-11-09,973.0886777262612,987.4785942243576,966.0660122364769,979.3358154296875,10160320
2020-11-10,959.7756841888363,959.7756841888363,928.8846884530361,940.1295776367188,15622869
2020-11-11,944.395180696687,970.5469787602103,936.640110782207,967.2295532226562,12514800
2020-11-12,972.0546596155181,984.0319522251034,959.6896556836331,963.1363525390625,9180976
2020-11-13,965.0749806231559,976.2767437911033,962.4899583536296,968.6939697265626,6363212
2020-11-14,979.723597400256,982.0070551418073,974.6396984172352,976.6646118164062,1136144
2020-11-17,986.4015283910987,986.6169469384652,958.7418079462105,968.2632446289062,12813968
2020-11-18,972.3992595980534,976.0182488846101,949.0909322143051,956.9322509765625,9839468
2020-11-19,947.8417011554023,960.5082709059944,942.4993627319201,945.041259765625,10092343
2020-11-20,953.0115457596897,955.5965680357107,940.172580751821,950.7280883789062,8063554
2020-11-23,952.1499962892166,986.4446717136599,949.5218478906817,982.1793212890625,10546363
2020-11-24,986.6169909596982,995.1475868529994,976.5784651675503,982.3517456054688,8515426
2020-11-25,979.7235664137872,985.3244487195828,957.5354557408277,961.3268432617188,8958701
2020-11-26,965.0318764082738,965.0318764082738,946.3767160942049,959.215576171875,10962256
2020-11-27,963.3516872336647,965.9367096502131,940.08648548473,947.841552734375,25306145
2020-12-01,952.1931422474431,982.5240328246149,952.1931422474431,980.4559936523438,8933802
2020-12-02,977.1385941510465,988.7280706761666,965.936828962366,983.0841674804689,6741637
2020-12-03,988.3401963593363,988.3401963593363,967.40147357788,970.6327514648438,16212632
2020-12-04,969.3834922189254,979.723582802594,960.7667500658683,977.6986694335938,10564055
2020-12-07,988.5988669750417,993.5103679168261,978.8619062909926,985.324462890625,7792141
2020-12-08,986.6168101307302,1005.5736396703599,986.6168101307302,993.811767578125,12308330
2020-12-09,1006.47863968937,1016.3447676789543,996.9570972484528,1012.6395263671876,10039346
2020-12-10,997.3019064235319,1009.5807658211114,990.9254952432563,1006.22021484375,9488782
2020-12-11,999.283517771269,1009.8390266167494,995.4491096931723,1002.2993774414062,10574009
2020-12-14,1007.6419288306225,1010.3992444657129,989.3743708973892,1003.4628295898438,6728187
2020-12-15,996.0953419274529,1002.7301909718936,992.6486452425828,994.8889770507812,6905926
2020-12-16,999.5420514808553,1007.2109727403913,994.027315677097,1004.4535522460938,7788404
2020-12-17,1004.6258798256601,1007.2109021915287,996.2675777317878,998.8526000976562,6658153
2020-12-18,1019.2311507466757,1029.7005117144608,1012.9840137509185,1025.2198486328125,15995676
2020-12-21,1023.6687839483093,1042.4101947655447,992.6916435450144,1014.4489135742188,10858352
2020-12-22,1018.4987655945949,1054.5598049130733,1013.4148674704828,1051.6732177734375,10901851
2020-12-23,1066.7527078945845,1084.7185947409778,1060.3332768878963,1079.720947265625,15878346
2020-12-24,1077.0064303379504,1077.0064303379504,1056.412399234346,1065.072265625,7313885
2020-12-28,1067.1401938466497,1075.3692231651512,1065.029134480871,1068.734375,4607051
2020-12-29,1064.1677813079634,1080.9273046967264,1064.1677813079634,1077.3514404296875,6878105
2020-12-30,1079.6777872573402,1079.9363315947858,1066.881946250596,1074.33544921875,5194690
2020-12-31,1071.0609827602664,1084.3307858845285,1067.6142861142157,1082.0904541015625,7430470
2021-01-01,1083.899961941162,1090.448664611065,1082.0904672170202,1086.09716796875,4253550
2021-01-04,1093.4646501620718,1111.5598098574253,1086.700528170064,1110.0518798828125,7208454
2021-01-05,1104.6660670396016,1119.3145250268662,1098.6774748187338,1114.8338623046875,8145280
2021-01-06,1120.1764302130741,1121.8997785672482,1092.6459823290795,1104.75244140625,7161715
2021-01-07,1116.729659647104,1118.1514429822316,1081.8318577831321,1087.56201171875,10954918
2021-01-08,1101.4351303405995,1134.6527153635936,1101.4351303405995,1130.602783203125,13186251
2021-01-11,1156.452988712158,1191.997051488517,1154.6434938259667,1185.8360595703125,20528626
2021-01-12,1187.3870506780231,1187.3870506780231,1171.8769150378166,1182.0015869140625,8309868
2021-01-13,1183.8111745128651,1200.1399650362782,1171.8770069132547,1195.271484375,14442997
2021-01-14,1171.8768597797336,1192.5570396581995,1136.074256291206,1180.9244384765625,27521697
2021-01-15,1171.8769303937345,1175.7113385699836,1154.6434461232384,1158.90869140625,15018441
2021-01-18,1152.920096119261,1154.6434445439536,1125.3465213241816,1130.5596923828125,8861765
2021-01-19,1137.410025239206,1146.8884421161995,1130.5166311468472,1134.5234375,5585744
2021-01-20,1137.8839961542835,1161.8816034699987,1137.8839961542835,1154.1695556640625,8225838
2021-01-21,1163.2601740602263,1172.7817160773957,1150.3350610151126,1154.3848876953125,6142421
2021-01-22,1143.441566797093,1168.4301164859517,1143.053855513784,1155.375732421875,9646591
2021-01-25,1158.9519046092023,1161.4507810538796,1131.378327696567,1141.8045654296875,6542611
2021-01-27,1137.0653281460511,1143.915701597975,1107.3375662888109,1121.0382080078125,8133665
2021-01-28,1113.1106572941733,1117.117357757531,1096.523430677832,1099.66845703125,4660690
2021-01-29,1108.3285780131775,1112.5508031568647,1060.7210725241762,1067.6575927734375,12183519
2021-02-01,1077.5667997697462,1101.1765906055678,1069.3377684222917,1086.485107421875,8880279
2021-02-02,1102.9428466076697,1115.3509746689713,1088.8113703485435,1095.4031982421875,6892490
2021-02-03,1100.91823085043,1123.6233284520413,1096.9114241713562,1106.949951171875,8182968
2021-02-04,1107.2514151368716,1114.489499899249,1096.0927756341387,1102.3829345703125,5032240
2021-02-05,1108.4576020295785,1110.4825151618702,1087.4327325969195,1096.1356201171875,5477481
2021-02-08,1107.681971099055,1128.792984939527,1099.0652307560053,1123.2352294921875,6921922
2021-02-09,1126.1222237050054,1147.7502287503414,1118.3240288005893,1124.958984375,7965949
2021-02-10,1116.5572706324872,1123.924520613257,1106.0447841627324,1117.160400390625,5951207
2021-02-11,1110.6978861575487,1116.729604701461,1105.570967469153,1113.843017578125,4673317
2021-02-12,1124.484893216906,1140.641285360827,1121.5121591363622,1128.6209716796875,5797875
2021-02-15,1137.4098836079422,1144.6479675405958,1126.2942659811706,1128.4915771484375,4363513
2021-02-16,1132.2399092154096,1137.194535910987,1108.113031393468,1111.9044189453125,6896421
2021-02-17,1111.9043239367195,1115.4371668503802,1098.6345212315448,1104.0631103515625,4575741
2021-02-18,1099.4962778682911,1125.3465038369814,1098.6346036693349,1113.6707763671875,6437551
2021-02-19,1116.8159046715325,1119.7456179756161,1100.1856557955718,1112.679931640625,5389696
2021-02-22,1115.8681194822566,1127.543847285139,1085.7095216584119,1090.190185546875,7371303
2021-02-23,1095.3171082349922,1112.4213189416287,1083.5983609236966,1091.1810302734375,6612942
2021-02-24,1085.7527572833285,1100.0134040146577,1078.8162370081768,1098.0316162109375,4537258
2021-02-25,1110.2243828724716,1119.9613460546452,1096.049880501257,1098.2471923828125,8788221
2021-02-26,1093.4646452909378,1098.031560981931,1072.5690443072458,1079.9364013671875,15132388
2021-03-01,1088.5530584727862,1106.820509431112,1084.8478173404203,1091.7412109375,5756286
2021-03-02,1104.8818247785234,1128.7932855994275,1102.253676199945,1124.0540771484375,10461434
2021-03-03,1136.7205420391444,1160.6751264405077,1127.0698332473528,1157.702392578125,9056399
2021-03-04,1150.3350531237788,1175.194332673044,1142.4938389671688,1146.3282470703125,12041941
2021-03-05,1144.7342041454772,1154.6434577003683,1124.5279857096573,1134.56640625,6486176
2021-03-08,1141.5461538089207,1159.8997532734595,1134.9973449862318,1150.9814453125,5119392
2021-03-09,1145.5959886492894,1163.6480232674905,1136.332989869312,1159.4259033203125,6518173
2021-03-10,1169.2055806586063,1183.94018639556,1167.5683788689837,1178.8994140625,7925984
2021-03-12,1183.078775196619,1199.1920420055471,1180.5368781687152,1184.6728515625,9462061
2021-03-15,1180.4935751787755,1189.0241702261578,1170.5843225404135,1183.5955810546875,6658635
2021-03-16,1194.3237253947968,1211.51408589093,1189.5413908765495,1192.5572509765625,9352771
2021-03-17,1199.6660018293824,1206.3439774186643,1190.8338405661386,1195.1422119140625,7626744
2021-03-18,1200.9585220891945,1200.9585220891945,1131.809161445135,1152.1446533203125,10961755
2021-03-19,1146.0267544140797,1167.7409034764084,1135.6866633968098,1158.4779052734375,12767112
2021-03-22,1163.346265133308,1185.663646967112,1151.2828268647472,1181.1829833984375,4862758
2021-03-23,1182.6047683710906,1191.910892235116,1171.5322754263343,1181.829345703125,7165335
2021-03-24,1170.0242982818368,1180.8813722284217,1160.028898540296,1166.491455078125,6134303
2021-03-25,1160.4596635790633,1165.4142899503865,1143.9585825402114,1149.301025390625,8749994
2021-03-26,1158.6933720671052,1169.033463514783,1147.7501506922524,1151.369140625,4922071
2021-03-30,1160.5890562717839,1206.3439374331733,1151.326058180779,1193.6773681640625,10546381
2021-03-31,1190.83366672419,1196.0037115869577,1174.7204023091629,1178.8133544921875,8220987
2021-04-01,1189.1102790573973,1199.1056777574358,1181.3552120200663,1193.5909423828125,5675155
2021-04-05,1198.5888478178297,1227.885771488431,1195.142150915406,1214.87451171875,9479572
2021-04-06,1226.162320506341,1228.747342967001,1211.9015711911009,1215.8653564453125,5793571
2021-04-07,1215.1759757090142,1236.4592852394153,1212.0308440098686,1232.3663330078125,5879234
2021-04-08,1232.1940491134949,1250.8923363163185,1224.4389816715218,1240.6815185546875,5654434
2021-04-09,1253.736134996775,1253.736134996775,1232.2374027970604,1241.7158203125,6052712
2021-04-12,1270.1078884948163,1273.1668742622135,1219.2691059838298,1228.5321044921875,20384532
2021-04-13,1234.7791840130749,1236.7179510500807,1184.8020781702567,1203.88818359375,14855206
2021-04-15,1148.0086039057906,1177.3916737330917,1137.4099689394636,1172.523193359375,25342491
2021-04-16,1176.1852898848683,1181.226062947407,1160.3304634750934,1166.491455078125,10879878
2021-04-19,1154.6433034910378,1188.8517234682965,1148.0514755348884,1174.0740966796875,12508028
2021-04-20,1188.248651092987,1188.248651092987,1156.7113982865865,1164.42333984375,8560766
2021-04-22,1168.04239869778,1176.0128843300108,1159.0809667878193,1164.2078857421875,6622446
2021-04-23,1157.228385510809,1161.8814469660617,1146.8882956923953,1149.301025390625,7316262
2021-04-26,1147.9654322200197,1164.380367507534,1138.271597645071,1157.702392578125,7088606
2021-04-27,1159.813465880782,1165.8451852427174,1154.7726928795603,1161.9676513671875,3636115
2021-04-28,1170.1535241231102,1171.4460353795055,1158.6070691956795,1168.43017578125,4879234
2021-04-29,1178.7703372600251,1179.6320114831685,1164.4665661928148,1168.7318115234375,5412357
2021-04-30,1160.0720087052553,1183.8541954072941,1159.7273179909107,1167.0084228515625,8354677
2021-05-03,1155.3327768515082,1172.7385531266991,1152.920047085616,1165.026611328125,4560337
2021-05-04,1166.706806746648,1167.5253551205797,1140.9427284558226,1145.5096435546875,4887060
2021-05-05,1155.5912223767866,1158.0039521560068,1144.1310188875818,1155.9359130859375,3939788
2021-05-06,1158.951723413913,1175.9266619728828,1152.403020957983,1173.2554931640625,4810090
2021-05-07,1176.4437427207686,1183.1217172904696,1161.967575128,1165.4573974609375,4991435
2021-05-10,1163.130918612339,1165.7590670432264,1150.3782033354155,1154.2557373046875,7195348
2021-05-11,1151.972133083135,1155.5049758799562,1141.804336560745,1146.586669921875,6420988
2021-05-12,1146.0266729612142,1146.0266729612142,1132.6707230131701,1143.441650390625,5241898
2021-05-14,1143.3124370755465,1143.3124370755465,1129.9134658392018,1134.3079833984375,4824609
2021-05-17,1137.6684297752622,1150.2918720076307,1137.6684297752622,1145.5096435546875,5017129
2021-05-18,1152.9199623221782,1158.6069904267122,1145.5957323672167,1154.643310546875,5620150
2021-05-19,1156.3668429275547,1169.6796680095263,1148.827193243787,1152.0584716796875,4435878
2021-05-20,1161.88137438498,1162.4845041794445,1150.334920438742,1154.0401611328125,4490092
2021-05-21,1161.1058545174217,1169.7225955528013,1160.1149082613877,1167.1375732421875,4969733
2021-05-24,1168.9903331930352,1174.461943366911,1159.037954034809,1161.5799560546875,4225371
2021-05-25,1170.153487283341,1178.7702287213629,1167.0945019989106,1173.2554931640625,4099340
2021-05-26,1178.6843661320381,1206.3440917706655,1173.6435922141109,1203.9744873046875,6850024
2021-05-27,1209.9629375542268,1220.346154321598,1199.1920094490051,1208.28271484375,15365391
2021-05-28,1214.7453839083175,1218.4074998023486,1202.9835082940467,1210.695556640625,4261312
2021-05-31,1220.667883136561,1220.667883136561,1204.5548928846692,1213.9178466796875,4429904
2021-06-01,1219.361380056322,1220.232352470648,1200.7661402744382,1208.212890625,4791325
2021-06-02,1202.5951340462432,1212.3499823394552,1188.8773188289856,1200.76611328125,9272276
2021-06-03,1208.9968739609324,1218.490495223433,1199.3726918827983,1210.346923828125,5115645
2021-06-04,1214.091922093553,1216.6613544393222,1199.895135909989,1206.8629150390625,4194328
2021-06-07,1211.5227154080026,1212.3936878849313,1199.5904350020305,1210.346923828125,5154576
2021-06-08,1215.8776827694026,1238.305225986675,1215.485787648902,1230.640625,7360630
2021-06-09,1231.0325089745763,1241.1357683512133,1223.3679087192618,1232.6873779296875,5394317
2021-06-10,1240.2647887797134,1244.6196510998668,1235.90992645956,1240.526123046875,3496575
2021-06-11,1245.5777030430665,1264.3036110722962,1245.011549675881,1260.2100830078125,6140828
2021-06-14,1281.2005264104598,1286.4263613244386,1265.9149167591186,1273.1876220703125,7132294
2021-06-15,1275.103791070357,1285.5554614889663,1274.2328185354727,1283.7264404296875,5403104
2021-06-16,1282.6811854881962,1297.2699751733123,1278.1521709198764,1289.5618896484375,7661710
2021-06-17,1284.7716463341542,1308.7669837182775,1284.7716463341542,1302.3653564453125,7677951
2021-06-18,1314.297631090584,1320.2202871980096,1295.4846445139028,1309.3331298828125,13533974
2021-06-21,1300.3620724304985,1311.5105640723955,1292.6974711367075,1306.72021484375,5454052
2021-06-22,1314.90729486806,1325.141222942779,1308.287924356051,1316.7799072265625,6427862
2021-06-23,1328.2331212813588,1328.2331212813588,1305.283016154672,1309.202392578125,5529809
2021-06-24,1321.2652671274627,1366.3380934780537,1316.2135841582835,1358.020263671875,10785137
2021-06-25,1369.1686200346994,1374.3944544623128,1343.910420301235,1371.084716796875,9780240
2021-06-28,1369.9526773998857,1376.2672280750623,1359.239673036804,1368.99462890625,5019178
2021-06-29,1359.5878771894832,1370.6056989957037,1358.020084386749,1361.3734130859375,5913567
2021-06-30,1369.2123646290893,1385.7172510180376,1369.2123646290893,1376.8333740234375,6058722
2021-07-01,1373.3931306494867,1373.3931306494867,1357.889882075595,1359.065673828125,4814317
2021-07-02,1357.8024290454264,1366.9476395727174,1343.5620510597628,1365.5106201171875,5166064
2021-07-05,1366.686336195417,1380.4912272034776,1359.6314811563325,1375.2218017578125,4058338
2021-07-06,1370.6493623265098,1382.0155958269174,1356.1912402845298,1360.6331787109375,4089574
2021-07-07,1363.986484620662,1367.9058607513202,1345.3476524242224,1362.7235107421875,4797120
2021-07-08,1365.6847894641999,1372.6525690022825,1349.1363130612535,1359.3702392578125,3326813
2021-07-09,1355.2331885032247,1367.3397273251671,1350.8783260723017,1361.242919921875,3436594
2021-07-12,1367.9059052074665,1374.3946078178155,1335.854074613799,1348.134765625,4588982
2021-07-13,1355.5815853790407,1355.5815853790407,1338.0750598435359,1345.60888671875,4456160
2021-07-14,1353.4914729990367,1378.5755273818056,1339.6429868568807,1373.436767578125,5657716
2021-07-15,1356.8880824588236,1390.812418891996,1355.2332134406452,1376.8333740234375,10021355
2021-07-16,1370.6931133844064,1371.4770099793125,1349.6591040738929,1354.7542724609375,6265593
2021-07-19,1345.3912379284575,1352.5332765373414,1339.1638693330044,1342.7783203125,5669162
2021-07-20,1339.816976921609,1356.7137575793088,1339.5556426558176,1350.0509033203125,5069939
2021-07-22,1359.936562140339,1387.3286063361954,1359.936562140339,1385.0205078125,7854575
2021-07-23,1383.5835184231282,1392.2496529655537,1380.5351144285212,1385.23828125,4179719
2021-07-26,1388.4171860985402,1403.7027953972172,1388.4171860985402,1396.9527587890625,4586710
2021-07-27,1397.9108175675212,1401.6560417250942,1391.7269342802642,1395.7769775390625,5892859
2021-07-28,1397.9981074473674,1400.1755389605307,1380.927065648147,1398.43359375,4686788
2021-07-29,1393.6432129379934,1410.9755886552064,1393.6432129379934,1408.3626708984375,4660873
2021-07-30,1402.2658076696387,1413.9368611216748,1398.9125846109287,1402.7012939453125,6234257
2021-08-02,1417.4642058801662,1423.8223478971256,1410.278682485059,1421.0352783203125,5553389
2021-08-03,1434.4916134182358,1444.6384636417272,1424.5625063054636,1441.633544921875,5513668
2021-08-04,1453.7404462011073,1463.1469934613338,1427.567781548184,1436.45166015625,6740391
2021-08-05,1436.6691740338504,1451.0402206367958,1434.5353338843984,1440.1966552734375,5420536
2021-08-06,1443.201464252009,1446.380535210929,1431.8788215028985,1437.27880859375,3754855
2021-08-09,1446.6853193592076,1452.3030494440573,1433.9691421507919,1448.6885986328125,5018477
2021-08-10,1452.7821274360933,1463.233797417648,1446.7289110997303,1460.838623046875,6846517
2021-08-11,1458.7048011852285,1466.7177057432823,1452.7821455937024,1461.0999755859375,4899639
2021-08-12,1462.4934728122273,1477.6048241977232,1458.0079432401938,1471.5950927734375,5659579
2021-08-13,1478.0403134331104,1500.2501118966013,1473.0758127751071,1491.279052734375,5612790
2021-08-16,1487.3597412491697,1498.0291547007535,1472.030646043933,1484.485595703125,4564109
2021-08-17,1484.0502278544795,1523.2439946815073,1468.9388745751494,1516.929443359375,9510390
2021-08-18,1505.9114463640587,1528.9922175200145,1504.1695013711565,1509.7872314453125,6686090
2021-08-20,1494.6758198585792,1519.8469452589354,1494.6758198585792,1509.3516845703125,6206972
2021-08-23,1511.7904030093007,1526.9453446318312,1508.524256380302,1514.4033203125,6189051
2021-08-24,1524.2019817690077,1530.2987896960838,1491.7146627153454,1498.8131103515625,7602939
2021-08-25,1496.3307234273852,1521.5018494102508,1496.3307234273852,1511.6163330078125,6153253
2021-08-26,1510.2663441886914,1520.7180143906892,1498.0727289530273,1504.7791748046875,5302248
2021-08-27,1502.427583260766,1504.7791665153063,1485.1822849945138,1488.31787109375,6698514
2021-08-30,1483.3098187310713,1496.8969690174113,1472.2919948958422,1478.9549560546875,6559667
2021-08-31,1480.783933076624,1493.7178535768544,1468.3289836646177,1486.27099609375,12255438
2021-09-01,1488.927423514973,1488.927423514973,1457.267595791076,1461.2740478515625,7801974
2021-09-02,1460.9256195979472,1475.688666436114,1448.122367094647,1471.1595458984375,6830050
2021-09-03,1477.2130299720811,1485.835573126243,1467.0661785417021,1481.219482421875,5339139
2021-09-06,1485.1386831091097,1508.5242719501346,1480.0870004095007,1507.1307373046875,4876026
2021-09-07,1506.7822526440937,1511.0500386698927,1484.1369702344136,1486.445068359375,3520341
2021-09-08,1481.3936622056285,1481.3936622056285,1465.8032320672012,1474.7742919921875,4584896
2021-09-09,1468.3726571492882,1476.2114101731731,1465.1065100560027,1473.337158203125,3331674
2021-09-13,1465.8467121859994,1481.9597033775865,1459.0530841826737,1473.598388671875,4662374
2021-09-14,1477.1256761332663,1477.1256761332663,1462.0143254707277,1468.5902099609375,4945167
2021-09-15,1474.7740766214572,1493.8048030758805,1472.117568164851,1490.625732421875,4062344
2021-09-16,1493.8918432115127,1497.4193240191062,1473.2062483617503,1482.61279296875,3246568
2021-09-17,1478.0404287798092,1496.3308524712506,1467.1096806648243,1473.075927734375,7454864
2021-09-20,1467.588794337864,1487.359829336001,1461.4483951332998,1470.071044921875,5660743
2021-09-21,1480.6531353271757,1503.951647897765,1467.2837297515794,1496.7225341796875,4672222
2021-09-22,1495.4598787260009,1514.5341989673232,1492.0195796575874,1495.372802734375,4553892
2021-09-23,1508.5243325905415,1519.8469748097546,1499.0307113119939,1517.713134765625,3826090
2021-09-24,1531.169602820424,1557.2987769299875,1526.335663082202,1536.2647705078125,8280446
2021-09-27,1540.5324851427279,1540.7502282501684,1496.4177103112731,1499.07421875,5045337
2021-09-28,1489.3630166815442,1489.3630166815442,1458.878978328413,1469.417724609375,6557197
2021-09-29,1445.1611060324121,1481.872617800693,1441.4594729447897,1473.9031982421875,7792548
2021-09-30,1483.2664269904815,1483.2664269904815,1454.6114054634434,1459.0533447265625,6914031
2021-10-01,1450.2563356034423,1462.3192838563787,1446.9031126334762,1450.2999267578125,5733906
2021-10-04,1456.7014416476638,1470.2015147989575,1450.517558435886,1462.14501953125,2947154
2021-10-05,1455.3950807569224,1483.2226102398492,1448.4273005977032,1474.38232421875,4373310
2021-10-06,1482.4822902737767,1488.492021865943,1454.524093924005,1457.6160888671875,4271698
2021-10-07,1469.330441448408,1484.3111242274608,1460.3158983561343,1472.8143310546875,5476108
2021-10-08,1485.2258362951297,1508.0888641225727,1479.2596960117546,1501.4259033203125,4738376
2021-10-11,1464.9755914232637,1506.7822670405744,1449.0367538162143,1472.770751953125,8840633
2021-10-12,1460.6207915841135,1471.0724609335527,1447.5562048973147,1467.71923828125,7439300
2021-10-13,1477.1256310763652,1492.5419066804288,1463.2772546739036,1488.666015625,7104171
2021-10-14,1527.6857924741366,1553.4665576738048,1479.085483572147,1494.37109375,19655776
2021-10-18,1515.4922131177411,1566.8795927579404,1515.4922131177411,1560.9134521484375,13438109
2021-10-19,1579.9443982680305,1597.7993377192404,1552.3346075958289,1587.0428466796875,10324260
2021-10-20,1593.3569656178327,1609.5570313577834,1562.5681118501532,1569.797119140625,5876115
2021-10-21,1579.9441517799685,1579.9441517799685,1521.4583257794832,1527.3809814453125,8779629
2021-10-22,1524.1149349651396,1535.6988064564907,1486.7501901182247,1497.898681640625,7369809
2021-10-25,1499.8582271507623,1506.564672832556,1469.5047506520364,1487.2291259765625,5905209
2021-10-26,1502.6061429097938,1517.1484199782562,1490.1726392111948,1497.0263671875,5871709
2021-10-27,1501.7713769207796,1523.782638320306,1494.785823536902,1519.21337890625,5090259
2021-10-28,1510.777886307297,1515.5228408460055,1486.789677839468,1497.2021484375,5329972
2021-10-29,1492.8966047069405,1504.8467856229756,1459.5503108556832,1465.4375,5875091
2021-11-01,1474.0048022483252,1500.1018935472132,1472.6867651673283,1493.8193359375,3636806
2021-11-02,1489.3820710857715,1499.4430457112571,1481.7813682676247,1491.9302978515625,3471772
2021-11-03,1501.6836622957965,1509.108562016102,1492.896747946494,1495.97216796875,3530713
2021-11-04,1506.955720487767,1508.713103252184,1498.1688066656807,1501.419921875,483407
2021-11-08,1520.1360112691098,1529.8016159650406,1496.4113451972798,1526.7261962890625,5245903
2021-11-09,1524.3098926867096,1537.7099364183555,1516.621343004618,1531.1197509765625,4016134
2021-11-10,1516.6216684605013,1538.5449804965945,1513.0629246533995,1529.05517578125,4780368
2021-11-11,1522.7280167723425,1528.7031604047386,1501.6834034382516,1523.03564453125,4731349
2021-11-12,1531.5591812690018,1566.5750137314162,1527.2097015420263,1564.2464599609375,5069009
2021-11-15,1565.915958976433,1581.6445568553665,1560.116617053724,1570.3533935546875,4354074
2021-11-16,1572.8575070413654,1589.5086651188797,1561.4345195600592,1574.8785400390625,6034233
2021-11-17,1575.0984778513402,1583.402069550953,1564.6858978550656,1570.6170654296875,4732492
2021-11-18,1565.476535154988,1572.3742410091222,1545.618131495533,1563.54345703125,4326924
2021-11-22,1567.5852667781633,1568.8154560408393,1538.7202792543192,1545.969482421875,6621839
2021-11-23,1524.6174092729004,1535.293531113381,1502.5622768372482,1526.1990966796875,8436160
2021-11-24,1528.923167102742,1529.362512840415,1483.231210384729,1490.2607421875,7333061
2021-11-25,1493.7754205362603,1516.7970929361409,1491.0953687886788,1513.4581298828125,4476260
2021-11-26,1496.0161123736239,1509.8993723813282,1479.716343711144,1486.4383544921875,4494181
2021-11-29,1485.8672594442673,1504.3197801115232,1466.667872488146,1490.5682373046875,3942776
2021-11-30,1497.7733686584895,1520.0481727071376,1493.819257622796,1504.8907470703125,14808963
2021-12-01,1506.9558896878457,1530.5927119756113,1505.1985067261105,1506.8680419921875,5193264
2021-12-02,1506.9556323902027,1538.1491746350146,1503.7483875802125,1536.172119140625,5559574
2021-12-03,1556.2502305587047,1569.913923973845,1522.3767433293804,1525.0128173828125,6754012
2021-12-06,1520.1361797156055,1523.6069679725288,1486.3065595311832,1489.6456298828125,3991449
2021-12-07,1494.7420908613853,1515.6549914895222,1488.50340265687,1504.0123291015625,4202122
2021-12-08,1522.7722156867264,1546.3211884129332,1522.4207176698017,1540.653564453125,3029169
2021-12-09,1545.6181864523098,1554.7565985466379,1530.680432518433,1549.5283203125,2082171
2021-12-10,1546.496909194259,1549.7920020405534,1534.1952292347592,1545.837890625,1823469
2021-12-13,1552.6917427954177,1556.470051607841,1527.8687097618824,1533.009033203125,4040584
2021-12-14,1520.9268087010425,1549.1327782768003,1502.8696593903012,1539.5989990234375,4768144
2021-12-15,1533.3164478312353,1535.9085444800232,1512.4035502224383,1523.8265380859375,3053149
2021-12-16,1548.8253305126736,1561.9617232986577,1544.7393942801555,1556.6895751953125,4481031
2021-12-17,1599.2183437253605,1618.549554473689,1587.5756827064808,1599.9652099609375,18887243
2021-12-20,1583.1382500746142,1607.6977390246545,1570.4851797435072,1580.677978515625,5773891
2021-12-21,1582.523173111217,1615.0347541246067,1582.523173111217,1591.8372802734375,5353584
2021-12-22,1603.6117948544356,1607.2583855937914,1592.496327262333,1603.34814453125,4156428
2021-12-23,1609.1035837520574,1635.771845585297,1605.3691454006876,1632.257080078125,4112933
2021-12-24,1645.744996985642,1648.2053757839751,1629.0938380399784,1637.44140625,3780347
2021-12-27,1634.3659241624905,1647.1069488401015,1621.2295312790468,1639.7698974609375,2647733
2021-12-28,1652.5547486394014,1665.910921270975,1650.5338229288552,1658.96923828125,3340933
2021-12-29,1655.0151681366292,1664.065732003417,1648.7764809648074,1656.8165283203125,3236635
2021-12-30,1655.893905461335,1678.1248402781916,1646.9751665027095,1663.23095703125,4584738
2021-12-31,1660.7268115874554,1668.0638636147924,1644.6028452130947,1658.749755859375,4619420
2022-01-03,1658.7497778274603,1681.8594057710459,1658.7497778274603,1668.1517333984375,3329616
2022-01-04,1668.1518193720126,1675.3571539606305,1650.1826212731244,1668.7669677734375,3921999
2022-01-05,1669.5135974739028,1672.0618238908942,1616.792115448411,1620.8780517578125,6995719
2022-01-06,1606.2480104983958,1606.2480104983958,1581.6446492872608,1597.285400390625,6449205
2022-01-07,1595.2202481604722,1613.2773992100788,1587.619653412898,1594.2098388671875,4834389
2022-01-10,1594.8248209393573,1643.0649981325935,1593.0674382165591,1626.238037109375,7857560
2022-01-11,1629.9726844976424,1643.1530566094832,1625.7110523005758,1630.4998779296875,5142287
2022-01-12,1642.1865927294134,1659.848270716583,1634.3662167987532,1649.6993408203125,5362535
2022-01-13,1673.9071309319909,1680.497316486841,1639.9456865869017,1666.701904296875,14277630
2022-01-14,1653.6970874523536,1698.510345401381,1652.8183961200198,1695.3031005859375,7688506
2022-01-17,1703.3873319362635,1716.8752240721528,1696.3138229476326,1704.2220458984375,5262464
2022-01-18,1688.9326718657662,1709.0547258227377,1679.5745872616628,1687.7464599609375,3690315
2022-01-19,1683.5728166181689,1683.5728166181689,1636.8703446421212,1640.5609130859375,5747770
2022-01-20,1620.3070843889625,1623.8218502987,1595.2643772820832,1602.4696044921875,5533463
2022-01-21,1577.2510967324367,1588.6740851767383,1560.5559597753802,1569.0792236328125,8252758
2022-01-24,1550.890383701955,1554.0976288940496,1518.378800587523,1526.111328125,7116712
2022-01-25,1517.148781884265,1528.9232698979781,1494.2149542882253,1513.2386474609375,9137653
2022-01-27,1495.5327130043718,1502.29859365424,1463.0211322868854,1474.9713134765625,11231734
2022-01-28,1477.0802616309584,1517.9833897106614,1475.7622245146904,1481.6494140625,10998502
2022-01-31,1509.591843604878,1537.2706230423364,1507.2632899140617,1525.583984375,8788872
2022-02-01,1551.8570483269698,1564.070881720928,1524.2661135677781,1557.0853271484375,5119935
2022-02-02,1571.978861227617,1575.3179313391013,1557.041107934789,1570.309326171875,4253717
2022-02-03,1563.191948829261,1563.191948829261,1523.6508371388077,1527.64892578125,3832922
2022-02-04,1521.8934563342548,1541.180689045186,1502.694071308099,1529.8895263671875,4700077
2022-02-07,1513.2824685548035,1521.8936882174746,1489.733600553992,1506.9559326171875,4310209
2022-02-08,1502.5623164200595,1515.7426876167267,1490.2606366365032,1508.976806640625,6053401
2022-02-09,1524.5296259925371,1531.5591574092173,1515.7427117216866,1526.5506591796875,3867244
2022-02-10,1542.6746701881318,1558.7107891978585,1536.6116777128484,1554.932373046875,4334630
2022-02-11,1528.923139634157,1534.1513109136818,1505.1984702260409,1512.5355224609375,7551371
2022-02-14,1484.9883568052496,1510.0750373354194,1474.663733614444,1478.134521484375,7459637
2022-02-15,1492.8967373992116,1534.8542531207022,1485.3838827787808,1527.3853759765625,4669915
2022-02-16,1527.385123479544,1542.4985706502596,1517.368021395642,1523.03564453125,5350642
2022-02-17,1532.4377256704772,1536.8311824527893,1511.612783427169,1515.56689453125,3937950
2022-02-18,1502.5621314630687,1513.5457727749333,1496.8506379808991,1499.882080078125,5602215
2022-02-21,1494.6541280390445,1526.5506699725988,1486.3065594227182,1520.751220703125,5120890
2022-02-22,1493.6876185215017,1538.5887302005694,1485.911220635109,1523.95849609375,8878515
2022-02-23,1537.7100334675147,1544.9592379110045,1523.1237768881938,1531.4273681640625,5478811
2022-02-24,1485.0762465850694,1506.9117054360172,1467.8539173756792,1474.575927734375,13592379
2022-02-25,1506.9558447051804,1518.5106587861058,1473.565569428914,1489.030517578125,9737281
2022-02-28,1478.134596610253,1518.4226821951142,1463.0211477782968,1507.48291015625,15076542
2022-03-02,1502.5622527750063,1506.4285162813565,1485.8671166330619,1496.2357177734375,6771489
2022-03-03,1511.5250204995646,1523.563157969651,1498.6522763017938,1512.09619140625,7344147
2022-03-04,1489.601685282867,1525.4083619826322,1477.0803320811085,1514.2490234375,9074499
2022-03-07,1491.1392344591268,1538.5885677889987,1490.2605431011661,1528.7911376953125,9742588
2022-03-08,1509.9872022162124,1581.644529208251,1509.9872022162124,1562.489013671875,10984500
2022-03-09,1573.7361484508579,1609.41099446192,1573.7361484508579,1593.3748779296875,10193515
2022-03-10,1620.9661453613448,1620.9661453613448,1590.6073111176956,1604.40283203125,6547182
2022-03-11,1593.9462984422166,1609.2355512027455,1591.310224078751,1600.975830078125,4758657
2022-03-14,1609.367286068122,1665.1202128221414,1609.367286068122,1661.341796875,10289724
2022-03-15,1659.27699787109,1659.27699787109,1608.0053726067936,1616.17724609375,7140443
2022-03-16,1638.7594929307566,1664.1975665515567,1624.7004302568198,1660.1995849609375,5233979
2022-03-17,1689.9871323532464,1689.9871323532464,1610.6852372652634,1629.6209716796875,17731459
2022-03-21,1635.2447090569246,1658.0028379594185,1617.7587285984619,1628.2591552734375,8362085
2022-03-22,1625.579059476518,1660.7267148165508,1615.9134542580089,1658.442138671875,5709382
2022-03-23,1666.8777520338913,1669.513826496781,1631.7300925286959,1645.261962890625,6192824
2022-03-24,1630.9830683752546,1664.7687099000984,1630.9830683752546,1657.8270263671875,3784303
2022-03-25,1662.4840638904113,1664.2414466217965,1632.6085574568626,1648.9083251953125,3438588
2022-03-28,1639.6381504800765,1652.7306737771728,1627.9076417562392,1646.579833984375,4008555
2022-03-29,1646.5800125748235,1660.1997307360898,1634.8495025786779,1657.212158203125,3917785
2022-03-30,1678.3006231006957,1686.2088459320603,1665.1202517150882,1672.9844970703125,7795839
2022-03-31,1669.5137000617442,1680.9366885358509,1664.417246914596,1675.53271484375,5399145
2022-04-01,1657.9588459097863,1678.5642235880214,1650.4460988003643,1672.633056640625,6171518
2022-04-04,1660.5070045294929,1663.362751461479,1645.788924187718,1654.5318603515625,7364074
2022-04-05,1655.2790019404306,1660.3753480101589,1631.8618532673324,1635.3326416015625,5472024
2022-04-06,1629.9725526181892,1632.169281125761,1601.107561481124,1606.9947509765625,5407453
2022-04-07,1600.1410724456011,1606.3797601498356,1588.2787381336382,1591.3101806640625,5797544
2022-04-08,1601.854417864324,1615.0347888286492,1588.6740468999988,1594.473388671875,5131446
2022-04-11,1593.946182924903,1593.946182924903,1548.7375537727073,1552.2523193359375,8248407
2022-04-12,1544.300154299906,1544.300154299906,1518.1590848316712,1531.0758056640625,6456184
2022-04-13,1542.0593298022513,1544.3000356322013,1521.8934063812078,1536.435791015625,6257693
2022-04-18,1410.7391117521547,1449.8408809660887,1397.1193943855035,1424.7103271484375,30523965
2022-04-19,1438.110326839995,1438.110326839995,1361.9716942234015,1372.5159912109375,17044923
2022-04-20,1383.9390500304542,1402.6552210404843,1373.3947525064125,1395.098388671875,10678747
2022-04-21,1401.5130018301497,1429.806826423052,1396.4605254912638,1422.4259033203125,7766514
2022-04-22,1409.7286280030771,1415.3082973438313,1390.4413932842554,1393.121337890625,8134245
2022-04-25,1382.0059741881291,1382.0059741881291,1365.5743794932316,1371.7252197265625,7000570
2022-04-26,1385.8719894508067,1398.8766646653621,1376.5140121457584,1389.2110595703125,5345435
2022-04-27,1381.9619804602605,1381.9619804602605,1362.279270492614,1364.43212890625,8819356
2022-04-28,1379.5454535287045,1407.4878820528004,1368.5178339093395,1390.616943359375,9245177
2022-04-29,1397.1192785504973,1403.5337684574995,1371.4615334467492,1377.3927001953125,9831395
2022-05-02,1362.7626659168216,1364.3882237359503,1345.2766836514184,1354.0635986328125,7072627
2022-05-04,1359.5551819523712,1379.5454100276122,1344.5295814229673,1349.2745361328125,6220959
2022-05-05,1370.8025337737408,1396.5921043901596,1368.5178503702025,1392.857666015625,6144870
2022-05-06,1361.9717522559292,1372.384224522361,1348.8353579374136,1355.6890869140625,6171472
2022-05-09,1353.1847646359806,1394.3075653232786,1337.5001444983088,1379.85302734375,6832202
2022-05-10,1369.0011227639045,1378.7985527649935,1358.5008040403675,1364.607666015625,6212545
2022-05-11,1361.927588201104,1361.927588201104,1328.2297970447912,1341.5419921875,7846080
2022-05-12,1330.3389282764122,1342.2012635021265,1321.8156636487201,1325.769775390625,7034979
2022-05-13,1334.9958431960715,1343.7387794348365,1316.3675217689756,1321.9033203125,6723761
2022-05-16,1326.8240224148346,1328.4495800627174,1299.2770683025562,1308.4593505859375,6145331
2022-05-17,1313.555783441477,1340.0043728900273,1301.2541039526504,1334.2489013671875,6516378
2022-05-18,1337.3682641118933,1361.70797213733,1322.694161149026,1326.1209716796875,6594126
2022-05-19,1301.3420497086145,1304.593165199384,1245.6769672791786,1254.0245361328125,16561140
2022-05-20,1276.738843441377,1288.820852455361,1271.203043679199,1278.6280517578125,10488908
2022-05-23,1278.5838689742561,1307.4928382619098,1274.1465416425442,1290.2705078125,5887569
2022-05-24,1290.4459488549264,1291.2807699000564,1261.1416171071928,1266.194091796875,5693167
2022-05-25,1260.9221361098096,1267.5123214901744,1229.5089191300704,1239.3502197265625,9630092
2022-05-26,1245.9843537049899,1256.528650069207,1236.3627261774936,1251.2125244140625,13040065
2022-05-27,1268.7861902183386,1289.0400664785568,1263.0308268759254,1284.075439453125,8284860
2022-05-30,1306.614218168776,1344.397951444672,1304.856835225711,1341.586181640625,10904213
2022-05-31,1341.4971403772934,1347.9795623962705,1321.4728713370666,1335.1923828125,16033857
2022-06-01,1343.5398258561022,1345.0938210281101,1307.220717013551,1312.9483642578125,8738508
2022-06-02,1317.78779937987,1344.2944932066457,1310.3286014773466,1339.0997314453125,7205840
2022-06-03,1354.1066701358748,1380.8353586133414,1347.9794690514807,1351.2650146484375,9395707
2022-06-06,1346.2036506605543,1364.496369880414,1325.779716646575,1358.6800537109375,6624883
2022-06-07,1349.6224971381034,1349.6224971381034,1334.3045457286844,1337.9453125,4904592
2022-06-08,1349.9332266440192,1349.9332266440192,1324.891750325521,1331.9957275390625,4697608
2022-06-09,1318.675639841816,1347.0471026731207,1315.5676501182832,1345.3155517578125,4361061
2022-06-10,1319.6524730579197,1326.6232286366903,1308.5525092706785,1311.3941650390625,6516436
2022-06-13,1281.9127514082513,1281.9127514082513,1253.5856187134593,1264.9520263671875,6987685
2022-06-14,1252.0759892436106,1286.6191002718645,1245.9932304081092,1279.204345703125,6090247
2022-06-15,1278.8932479061086,1284.3988943960317,1259.9345334598274,1262.9093017578125,4651958
2022-06-16,1276.9399223929138,1282.0459060881565,1236.0920528309707,1240.7095947265625,6641772
2022-06-17,1235.2485686561172,1240.4876655034718,1214.0254135488024,1231.9185791015625,9692047
2022-06-20,1234.3605201667415,1263.0427639663321,1227.2120995273342,1255.76123046875,4595194
2022-06-21,1264.507932381181,1292.9238409740165,1263.3979359517734,1287.507080078125,6270787
2022-06-22,1275.208372542165,1296.1206407453685,1274.2759321593971,1276.27392578125,6253366
2022-06-23,1278.5384065605574,1294.699912173582,1272.4999822666275,1289.771484375,6254281
2022-06-24,1294.6997999490238,1303.1357725824364,1268.8591054568187,1279.692626953125,6114340
2022-06-27,1303.6242355705597,1317.7877464947417,1301.049022203048,1309.4405517578125,4511097
2022-06-28,1304.4677073865423,1321.561651135481,1290.2597541406712,1314.368896484375,4412178
2022-06-29,1300.649368901304,1311.5717770934775,1293.8118342756918,1299.36181640625,5060038
2022-06-30,1300.9602987057103,1316.01180739461,1292.035883778109,1298.1630859375,9165177
2022-07-01,1291.147733707834,1318.6756427483724,1280.8025462113708,1313.702880859375,4651635
2022-07-04,1314.4578653971353,1325.1138318789901,1298.2519163726479,1321.33984375,4800224
2022-07-05,1330.9302267306132,1340.8313086434368,1307.1318587687915,1310.639404296875,7379669
2022-07-06,1316.1895373446055,1331.995932435415,1305.3560137867066,1324.5811767578125,5209162
2022-07-07,1334.7041829822008,1344.3832653678094,1328.1773170972135,1330.84130859375,3323472
2022-07-08,1345.3157123104625,1347.0472634324174,1331.9513115451052,1344.8272705078125,3652582
2022-07-11,1327.555669124535,1331.9068766093092,1302.1589736556825,1308.1529541015625,4702638
2022-07-12,1298.0742548130895,1304.1125702899615,1275.1638853794875,1277.47265625,4710356
2022-07-13,1287.5957856267937,1296.475756562151,1277.4725970808702,1282.6673583984375,5264025
2022-07-14,1288.4838556808252,1290.215406752036,1255.6279613595361,1268.814697265625,6157606
2022-07-15,1284.0439058847987,1284.0439058847987,1252.6532276522264,1270.146728515625,5620018
2022-07-18,1287.5958695188904,1326.3125236399783,1285.8643184329112,1323.0269775390625,5835171
2022-07-19,1306.7322778541525,1320.3185695057068,1305.4446169198009,1317.9210205078125,3418540
2022-07-20,1333.1057497387085,1354.9061235932559,1331.9957532776436,1345.5821533203125,5079392
2022-07-21,1347.0916394538826,1363.475143060979,1334.7484577291702,1361.2108154296875,5008061
2022-07-22,1362.1875644368015,1367.5155470877928,1325.0249071257533,1337.590087890625,7020642
2022-07-25,1314.3244515105814,1347.2247865607108,1314.3244515105814,1335.1923828125,7859626
2022-07-26,1329.020809215027,1329.020809215027,1283.1557398113582,1288.616943359375,7268273
2022-07-27,1288.483822375233,1308.019759034265,1283.1558396500427,1306.2882080078125,4517285
2022-07-28,1328.7989592318934,1353.7072142935083,1322.9825345301238,1347.4468994140625,6636841
2022-07-29,1361.1219644216355,1381.4570107879367,1356.8595350883038,1376.1290283203125,7009465
2022-08-01,1388.8276455859902,1388.8276455859902,1365.6509399319816,1377.328125,2983249
2022-08-02,1373.332059019602,1373.731614384653,1357.170445576222,1370.71240234375,4374635
2022-08-03,1375.5075317485316,1394.1554711718493,1367.4267796780443,1390.6922607421875,6011955
2022-08-04,1409.6954786756162,1424.214210429917,1398.5510710597634,1420.7066650390625,7402209
2022-08-05,1428.2547116101568,1443.6169980608536,1422.8379503946153,1435.5806884765625,5361971
2022-08-08,1435.8912463134488,1440.331231614356,1417.2433080496378,1438.0224609375,3763409
2022-08-10,1439.6207698334588,1439.6207698334588,1410.2280892451997,1422.9708251953125,4423829
2022-08-11,1447.4354013336217,1448.6341758452916,1435.0034408313697,1438.510986328125,3462090
2022-08-12,1432.6058852060069,1433.2274398690179,1412.0487289334715,1415.5562744140625,3562286
2022-08-16,1428.7873514369574,1428.7873514369574,1412.8921814722432,1417.6429443359375,3004430
2022-08-17,1417.6429220050966,1431.4513202213034,1407.4753986046935,1426.3453369140625,4067324
2022-08-18,1415.5562190867397,1419.1969856808453,1397.7074982537147,1405.655029296875,4635706
2022-08-19,1407.741913599355,1425.1466359156411,1407.5642491319722,1418.22021484375,4739884
2022-08-22,1408.3636011768147,1419.9075651208868,1397.7076344592094,1399.1728515625,3950555
2022-08-23,1374.619490522654,1380.3914715875098,1361.2995342191398,1369.646728515625,5551574
2022-08-24,1363.0755394912346,1372.8435075266768,1359.5235511147102,1365.2955322265625,2888426
2022-08-25,1374.6194842114278,1375.2410388101719,1344.2055841247086,1348.11279296875,4331088
2022-08-26,1363.2086962369879,1371.9110023088876,1347.4910833756708,1351.1319580078125,3079136
2022-08-29,1304.0683315463896,1304.0683315463896,1287.5959401255452,1298.0299072265625,8079050
2022-08-30,1308.108629152098,1328.5325643697543,1301.8038708297447,1325.7353515625,6725875
2022-09-01,1296.5202209856338,1303.668532666685,1288.5282470130728,1300.205322265625,8140604
2022-09-02,1312.4596927692705,1312.4596927692705,1285.819780196146,1290.259765625,5175653
2022-09-05,1288.4835928082687,1302.6915442107031,1284.3543852523228,1297.6300048828125,3669352
2022-09-06,1297.6304037590292,1305.3559363496136,1283.5555608560994,1292.124755859375,3428442
2022-09-07,1278.7158670634933,1301.5817931585523,1276.984316019413,1294.3890380859375,3600574
2022-09-08,1309.7957516157421,1315.212512366536,1299.6725627710948,1310.594970703125,4061475
2022-09-09,1321.33978765346,1349.7556970653623,1314.2358103004844,1342.3409423828125,4816910
2022-09-12,1354.9060300810474,1372.7547502634757,1350.7768218512558,1364.14111328125,5494819
2022-09-13,1378.0826553311847,1379.0594304149024,1368.669908200499,1371.9110107421875,4947158
2022-09-14,1329.331841362872,1331.0633925865702,1307.1319108123898,1310.151123046875,14332197
2022-09-15,1309.7956992197146,1309.9732552773253,1268.9922765591873,1272.322265625,12784100
2022-09-16,1265.3960749571352,1265.3960749571352,1215.0910093151838,1222.816650390625,20464045
2022-09-19,1236.0919491545515,1248.5239084132897,1225.9687606499624,1234.5823974609375,6595241
2022-09-20,1250.2554997650657,1255.2283703476603,1229.964787284812,1233.0284423828125,7219797
2022-09-21,1225.347110268316,1233.2503054303857,1215.13514453256,1222.993896484375,7917054
2022-09-22,1213.315065870661,1228.943796370851,1207.676304803589,1214.73583984375,9168498
2022-09-23,1214.3359402029328,1238.5783025146602,1209.4519565311844,1212.5155029296875,10426200
2022-09-26,1207.6761385505345,1242.7075831808704,1203.2361527470398,1225.6580810546875,9414587
2022-09-27,1237.3794973619085,1248.967902705002,1223.6599857287542,1237.4683837890625,8561254
2022-09-28,1224.5479909555759,1248.3906912173352,1222.7719967699986,1238.489501953125,7022098
2022-09-29,1247.547174377518,1251.9427167580907,1236.9799869799815,1241.9971923828125,6119965
2022-09-30,1233.3835962258331,1260.3343964051253,1221.884076510353,1255.1395263671875,8120130
2022-10-03,1253.8518199971973,1253.8518199971973,1230.7638969660875,1237.6458740234375,4943169
2022-10-04,1260.6893422711628,1271.8337483758048,1255.6278025508032,1269.302978515625,6631341
2022-10-06,1283.1561171180383,1296.298520707972,1282.3568978568205,1292.1693115234375,6180672
2022-10-07,1284.3546126015165,1294.5665794796807,1278.8490738177404,1288.661376953125,3994466
2022-10-10,1266.5947604561948,1300.915873263201,1266.5947604561948,1298.8291015625,5274677
2022-10-11,1298.8288627361512,1313.9248120732866,1261.0445461830916,1264.3302001953125,12824774
2022-10-12,1276.0518156752744,1279.6925820570834,1255.2283273173289,1268.681396484375,5481467
2022-10-13,1270.7239342833766,1276.8954711779975,1256.515979742123,1260.8671875,4821514
2022-10-14,1318.6757298301836,1326.6677039503666,1302.913780870934,1309.1297607421875,14990688
2022-10-17,1311.4831124808618,1327.5558404413687,1310.239894696481,1323.0714111328125,4286396
2022-10-18,1340.8755527341007,1341.7191065769207,1329.553590285518,1335.2811279296875,4692004
2022-10-19,1335.54770780305,1336.3912617326525,1315.3902159447794,1319.0753173828125,3553171
2022-10-20,1309.7956544303293,1335.5475689920102,1309.0852134280171,1332.7947998046875,4583939
2022-10-21,1332.262019144321,1337.323558976435,1324.3143804980116,1332.4395751953125,3594485
2022-10-24,1348.4234111215758,1351.3538445082654,1341.7634337864347,1347.84619140625,982837
2022-10-25,1356.9484274924105,1361.2108571850185,1350.6881126041244,1355.35009765625,3914341
2022-10-27,1374.201712053986,1377.8822668553057,1357.7737282362873,1368.0523681640625,6760137
2022-10-28,1369.892717518689,1371.6431919026134,1352.8363861734367,1358.447021484375,3053981
2022-10-31,1373.7079380791174,1388.205841518274,1373.7079380791174,1380.3509521484375,4542336
2022-11-01,1394.1756124417263,1413.8801201240165,1388.8342217938466,1412.084716796875,4542692
2022-11-02,1411.1870015279026,1411.8602777690894,1386.9490568451713,1394.4000244140625,2938906
2022-11-03,1381.3384738631173,1385.9616594777258,1365.9877968987141,1374.1568603515625,3174027
2022-11-04,1364.9103708165444,1364.9103708165444,1347.5847954712758,1359.1202392578125,4509682
2022-11-07,1365.7633606565107,1371.598421588422,1338.5629558638961,1353.2403564453125,4898592
2022-11-09,1372.5858226539308,1372.5858226539308,1347.5399247059643,1356.606689453125,3334755
2022-11-10,1333.0867376670335,1357.3246783518887,1333.0867376670335,1348.302734375,3435763
2022-11-11,1388.4303838615199,1412.5336530698069,1388.4303838615199,1409.4814453125,7214098
2022-11-14,1414.014771210018,1428.602422973989,1408.0001044253945,1423.12646484375,4908813
2022-11-15,1416.4386189277827,1434.392653098893,1411.8603621306952,1430.9365234375,3497614
2022-11-16,1433.7642672771042,1444.4020103215976,1430.4876342122222,1438.8363037109375,4497697
2022-11-17,1433.8091297730527,1438.8363470236297,1421.0168803841925,1425.01171875,3469515
2022-11-18,1428.8716685979427,1434.5272328106976,1414.3289457404594,1430.3978271484375,3126064
2022-11-21,1420.2537091834579,1425.4154934915452,1404.0502607137878,1407.775634765625,3071764
2022-11-22,1408.4939437323687,1425.5502757469735,1402.2100319375143,1422.902099609375,3399329
2022-11-23,1426.3583182139566,1429.141171694554,1417.7404034167669,1421.196533203125,3245067
2022-11-24,1426.4478279379375,1468.6398027101736,1422.6325961766183,1463.0740966796875,5282215
2022-11-25,1464.5104516907584,1475.8214702395546,1448.710925020796,1468.32568359375,4563255
2022-11-28,1461.4583854460668,1484.3497790755966,1454.276771758371,1457.3289794921875,3825766
2022-11-29,1455.3538334700106,1471.1085408527335,1449.8330561316118,1462.40087890625,3131710
2022-11-30,1454.2318618548122,1477.3926101335646,1448.12755589009,1467.6973876953125,11868134
2022-12-01,1486.7734674759286,1501.49579683449,1483.272518616262,1487.5814208984375,5407928
2022-12-02,1486.5940827164045,1491.800796645968,1466.799715499316,1470.345703125,4283343
2022-12-05,1470.4352477571372,1476.5844819133267,1457.2390778283009,1472.0062255859375,3824966
2022-12-06,1458.7651217066502,1459.6628233200083,1443.1002723866409,1447.9029541015625,4822398
2022-12-07,1443.5043861676659,1457.6881173772813,1433.3603127551614,1441.2601318359375,4898087
2022-12-08,1441.2600256218434,1457.777758202631,1434.976113956099,1454.411376953125,4206837
2022-12-09,1461.4583510232733,1461.4583510232733,1401.4020860579217,1408.7633056640625,8880658
2022-12-12,1391.437558650479,1405.7558561467295,1373.5284545512598,1388.9239501953125,8037679
2022-12-13,1388.924053738368,1416.1244596167126,1383.4930240961316,1411.32177734375,6135067
2022-12-14,1420.1642028852773,1425.9992644015567,1412.0848869396593,1417.8302001953125,4976020
2022-12-15,1408.7631514270713,1409.3914987080593,1378.19636840226,1382.9093017578125,6443866
2022-12-16,1368.9950538345975,1390.9887448634156,1357.369860981026,1366.4814453125,9630453
2022-12-19,1353.6893559876567,1361.7238526722738,1342.1090906861166,1353.1507568359375,6222740
2022-12-20,1347.4502703396117,1360.9157960258838,1330.797859741164,1353.1058349609375,7396259
2022-12-21,1360.0180406581342,1365.4042507201466,1348.662092527513,1355.1256103515625,6236361
2022-12-22,1365.853388109716,1373.438925038712,1357.1007949226837,1366.34716796875,6302640
2022-12-23,1354.3624137356346,1355.4397214479377,1340.268541890437,1343.9490966796875,6283822
2022-12-26,1347.0013761347504,1355.4397938764648,1343.2758922315616,1348.70703125,4115459
2022-12-27,1355.484662525693,1365.8082322618604,1344.3083199922382,1359.8834228515625,4860076
2022-12-28,1351.1307473515324,1368.9501033965662,1345.2059383085596,1355.6641845703125,5029860
2022-12-29,1350.1434701575076,1365.673754704515,1347.4503648313955,1362.307373046875,4624745
2022-12-30,1371.688234257162,1373.8427403112848,1350.1883218006867,1353.9136962890625,5060544
2023-01-02,1359.1202737002234,1370.341544123772,1350.1881862761663,1368.0972900390625,3801140
2023-01-03,1364.3717941574034,1375.862418801588,1360.107711434535,1366.795654296875,4551130
2023-01-04,1365.4040133594633,1365.4040133594633,1338.5627159666253,1341.88427734375,7059590
2023-01-05,1351.8489350836053,1351.8489350836053,1318.948147732721,1324.2894287109375,9868404
2023-01-06,1319.6215095559523,1324.1100180918568,1298.5255194372007,1300.3209228515625,6443714
2023-01-09,1300.051455589557,1336.9918995481128,1300.051455589557,1332.5931396484375,11498717
2023-01-10,1330.3938176401173,1332.0994726561996,1305.3031008773605,1319.39697265625,7158624
2023-01-11,1319.621525196474,1341.1663664241717,1314.2353148895497,1320.74365234375,6173092
2023-01-12,1330.348960311909,1333.0869942679058,1306.1559438786553,1329.1370849609375,6591385
2023-01-13,1331.7405119183861,1363.9680258321482,1317.8261351507858,1349.8292236328125,11610426
2023-01-16,1355.5295931085607,1371.6882240197885,1348.617333718516,1369.4439697265625,6073063
2023-01-17,1370.7904478929847,1384.435469422026,1368.097342887301,1382.01171875,5922644
2023-01-18,1386.7248215371396,1393.098482244262,1382.1016354639867,1387.308349609375,5843098
2023-01-19,1382.370968365605,1391.0338123051622,1370.0275691100205,1381.4732666015625,6165284
2023-01-20,1380.6652340912512,1386.9491460799632,1368.0974101138277,1369.4888916015625,6496429
2023-01-23,1377.9720899793838,1394.4000746897525,1371.777926420586,1389.6422119140625,4855020
2023-01-24,1400.414672506807,1408.3144914155778,1391.2132299470666,1393.143310546875,5200802
2023-01-25,1388.7446156153799,1396.8239314140474,1381.3385761332681,1385.15380859375,4158617
2023-01-27,1387.8470469414845,1392.2906272237556,1353.1957777765706,1363.7437744140625,6209955
2023-01-30,1372.406405831687,1386.051427868807,1364.5065870211054,1381.3834228515625,6964719
2023-01-31,1390.450178190422,1390.450178190422,1358.2226654027863,1376.8499755859375,9448126
2023-02-01,1384.43560335875,1395.9711585819437,1371.733211185899,1392.4251708984375,6194199
2023-02-02,1393.2329580209157,1424.607586792744,1393.2329580209157,1421.7349853515625,6916834
2023-02-03,1434.0784025458154,1440.4969913344742,1412.084711865144,1435.7840576171875,7040194
2023-02-06,1434.527406432134,1434.527406432134,1401.8510405893485,1409.257080078125,4570612
2023-02-07,1408.4939008206854,1414.822741340062,1396.0158258630909,1402.569091796875,4336238
2023-02-08,1405.3520131355485,1439.0158269283195,1405.3520131355485,1427.7945556640625,7983338
2023-02-09,1432.9113793663391,1454.0522977867906,1423.79979497045,1451.5836181640625,6904911
2023-02-10,1447.9479689111524,1450.9553573880837,1433.1358902910588,1443.9981689453125,4786762
2023-02-13,1433.6295447624907,1433.6295447624907,1405.8007934239577,1407.1024169921875,4001199
2023-02-14,1422.5880333240752,1432.7321077445865,1416.7081521403074,1430.263427734375,5043736
2023-02-15,1421.9593883192538,1435.424912829853,1414.7777752469344,1433.6744384765625,3465747
2023-02-16,1436.3228137046135,1449.2945602827897,1434.3927330071513,1437.938720703125,4290289
2023-02-17,1430.9364201598676,1431.8341218036317,1414.328939750233,1421.7799072265625,2857734
2023-02-20,1422.8121596263827,1439.0157179378093,1420.6128344582553,1429.544921875,2417716
2023-02-21,1435.1556281819492,1437.80391388057,1414.7778439330089,1417.9197998046875,2723288
2023-02-22,1403.1077157532914,1413.8801358358503,1396.1954567000723,1402.030517578125,3656244
2023-02-23,1409.2568030673553,1409.2568030673553,1389.7767226196806,1392.0657958984375,4766854
2023-02-24,1400.4144840656777,1408.493798396826,1386.9489601804307,1392.02099609375,2790986
2023-02-27,1382.4605194389667,1382.4605194389667,1348.3478572709923,1354.901123046875,4920268
2023-02-28,1360.5564391400305,1368.0971540315493,1329.7653419084993,1335.3759765625,9679811
2023-03-01,1339.7299588712954,1347.3154939495362,1329.9449890099597,1343.006591796875,5125043
2023-03-02,1333.0869580251103,1336.3186620674148,1317.197682560526,1321.551513671875,4644499
2023-03-03,1334.6579262232572,1337.3959600849184,1322.3145285534606,1327.9700927734375,4615015
2023-03-06,1341.6600924158531,1364.8656589746784,1340.4032881447426,1353.2403564453125,6561742
2023-03-08,1338.069418507106,1342.9618493256326,1329.5860710220854,1339.9993896484375,4137080
2023-03-09,1342.0639414577045,1345.0712200119858,1323.7508062262864,1328.95751953125,5104656
2023-03-10,1310.6444413069564,1323.481619051477,1308.5348642940003,1321.012939453125,3699580
2023-03-13,1314.4147222773474,1327.0724033065608,1281.9179661287412,1288.2916259765625,8798403
2023-03-14,1293.5880625550176,1300.1861476889799,1266.657013369278,1274.736328125,7402784
2023-03-15,1290.894921852731,1295.2487527671929,1271.9085107865455,1274.422119140625,7556182
2023-03-16,1272.7614692311392,1272.7614692311392,1255.615279699322,1260.462890625,7323117
2023-03-17,1283.7134156369266,1295.2937893448818,1267.016186133299,1275.36474609375,9090018
2023-03-20,1274.4670058884406,1274.4670058884406,1243.1821248798633,1260.0589599609375,8221829
2023-03-21,1255.8846837960104,1261.2708940195814,1247.8053684606537,1248.4337158203125,8536755
2023-03-22,1259.475478387338,1263.2907105920037,1240.7584199586402,1247.132080078125,8356487
2023-03-23,1242.3742213827816,1242.3742213827816,1229.851326526063,1233.9359130859375,7607718
2023-03-24,1246.0099507660507,1255.8397404782686,1236.584082982878,1239.411865234375,7559127
2023-03-27,1244.4387984280222,1252.9669633225694,1233.531702462138,1246.862548828125,4170193
2023-03-28,1249.6903792948028,1254.9868406676687,1235.102728249846,1236.6737060546875,6633366
2023-03-29,1237.930550460286,1247.7155201650944,1224.958805711683,1242.01513671875,8813966
2023-03-31,1260.373255884927,1283.668572443724,1251.306490134495,1281.8731689453125,8711975
2023-04-03,1288.201979583624,1288.201979583624,1261.405604921375,1266.5224609375,5242764
2023-04-05,1256.7824202977913,1281.469217839355,1256.7824202977913,1277.92333984375,7506334
2023-04-06,1271.1454333092524,1282.2769547830226,1266.0733974815537,1276.44189453125,6948465
2023-04-10,1278.2822049918059,1287.304150296638,1270.247819156027,1281.558837890625,4993788
2023-04-11,1282.7260596530837,1286.7207886297933,1246.9077377115614,1262.3033447265625,6942255
2023-04-12,1268.4973062805743,1285.0598571838073,1256.7822564144815,1282.187255859375,5831169
2023-04-13,1265.534971977077,1266.7020280205386,1241.5214514944475,1247.087158203125,11267238
2023-04-17,1122.3963899019734,1132.136430654267,1064.0457840517952,1129.5780029296875,53171705
2023-04-18,1140.0363692179153,1140.0363692179153,1124.9101156433735,1130.520751953125,12430884
2023-04-19,1126.0320630409092,1126.0320630409092,1103.6344503031144,1106.14794921875,11307230
2023-04-20,1104.801324932899,1111.2199133454824,1096.452765729637,1098.2481689453125,8621249
2023-04-21,1102.467587891287,1107.0907742004015,1095.1962250350616,1101.7943115234375,8691352
2023-04-24,1102.3777336910266,1104.1731371660935,1093.4007163156925,1100.8516845703125,8313774
2023-04-25,1100.537247505562,1109.110341734084,1090.7074586862907,1099.5947265625,6808576
2023-04-26,1102.3776768107684,1106.8661852668383,1095.6898430443146,1101.9737548828125,5680192
2023-04-27,1104.1730895812436,1120.1522236538028,1100.043683683095,1118.7607421875,8020704
2023-04-28,1127.2438790677813,1130.2063382433646,1117.5935866641942,1124.595703125,10118277
2023-05-02,1126.2117608061656,1148.8338008021124,1126.2117608061656,1146.76904296875,8886401
2023-05-03,1136.4904547779106,1142.3255163545746,1132.989395915365,1139.3182373046875,5549783
2023-05-04,1139.13855083866,1145.2878952710685,1133.3484185926052,1143.26806640625,4505401
2023-05-05,1148.1604275980321,1148.1604275980321,1125.9423114267645,1130.296142578125,5373791
2023-05-08,1133.3034433741707,1140.3504892363796,1126.7951061867552,1136.1312255859375,5260842
2023-05-09,1136.4904402427994,1141.876650860064,1131.7325770311218,1140.7095947265625,4969897
2023-05-10,1145.8265283700148,1145.8265283700148,1130.3411732804484,1134.021728515625,6515734
2023-05-11,1140.3056511286572,1145.377687946898,1124.8652248185404,1127.6031494140625,6888461
2023-05-12,1125.134528889781,1127.5134605758558,1112.2974589019764,1117.8182373046875,8292212
2023-05-15,1122.037510439261,1139.0938447715528,1118.2222777596694,1129.623046875,5534710
2023-05-16,1135.5924585788403,1143.6268436028956,1133.572630095202,1134.964111328125,5236469
2023-05-17,1131.642583960043,1131.9567575948706,1115.3492784510368,1119.3441162109375,10465667
2023-05-18,1129.8472737459822,1130.7899043107132,1115.3493701951222,1118.5362548828125,6948732
2023-05-19,1127.5581838226922,1143.043537044953,1124.6406535054546,1139.0936279296875,11094136
2023-05-22,1142.7292411104354,1163.0622048581356,1140.3054905530537,1160.5487060546875,7625947
2023-05-23,1166.293994801615,1179.714700851119,1164.3640238293533,1167.05712890625,7436031
2023-05-24,1163.6907159656682,1171.500676643536,1159.202207626038,1165.80029296875,4824077
2023-05-25,1162.0747750049484,1173.2960455245018,1157.361841386736,1170.9171142578125,4334121
2023-05-26,1172.398361832931,1188.063211884976,1172.398361832931,1182.677001953125,5521606
2023-05-29,1196.3668378156449,1196.3668378156449,1175.8543788695222,1179.93896484375,4419365
2023-05-30,1180.4776039676979,1190.7114241239608,1175.2260715243845,1188.4222412109375,6274719
2023-05-31,1184.831435207361,1194.9305782104627,1179.7145799188752,1183.4400634765625,17800782
2023-06-01,1187.2553678657034,1193.4943505359809,1183.2605297506059,1184.517333984375,4277841
2023-06-02,1190.8857617337856,1194.4338775054596,1179.104315999841,1181.7880859375,10909311
2023-06-05,1186.3369863034209,1191.2951754512299,1180.241587621195,1186.7918701171875,5002553
2023-06-06,1172.3265202842344,1172.3265202842344,1158.134167776339,1163.5927734375,10008100
2023-06-07,1174.0549594386935,1177.2391456905614,1166.7768194344242,1172.644775390625,5397578
2023-06-08,1170.143170160564,1175.419867237597,1165.503377106278,1167.050048828125,5034942
2023-06-09,1166.7769126021076,1166.7769126021076,1149.9462124982956,1151.72021484375,5339073
2023-06-12,1158.5889785796096,1178.785773831074,1158.1340948031748,1175.3741455078125,4785588
2023-06-13,1182.6069242988215,1188.611368241848,1180.0141088524708,1187.1102294921875,4846587
2023-06-14,1188.474840185205,1188.7932366228665,1176.5113744554915,1183.061767578125,3457981
2023-06-15,1177.1937141878004,1177.1937141878004,1166.9134071805377,1170.68896484375,6161155
2023-06-16,1170.8707552652124,1184.0623838210365,1165.457683142132,1175.1011962890625,8536287
2023-06-19,1177.2393798828125,1182.2431021311552,1170.9165389185205,1177.2393798828125,4451787
2023-06-20,1177.239178669295,1187.24662145551,1174.6008306327171,1185.791015625,4009180
2023-06-21,1182.6522836320391,1186.154977548267,1178.1489786763307,1182.1064453125,4041529
2023-06-22,1173.0542504034897,1173.0542504034897,1158.588924773524,1165.91259765625,6676607
2023-06-23,1161.2728742885731,1163.9112226889422,1149.354940265523,1150.8560791015625,7239467
2023-06-26,1155.6321899905513,1159.0438181837924,1148.3540498449702,1155.72314453125,3403244
2023-06-27,1164.502650447375,1166.3221858386987,1159.2259533902843,1163.7293701171875,3240024
2023-06-28,1173.600249850804,1179.695648586696,1165.7762703962558,1176.64794921875,5662358
2023-06-30,1190.1579290222737,1218.0878609550978,1186.7463005247835,1214.99462890625,12821692
2023-07-03,1209.9909598221436,1224.547242045568,1208.5807755595015,1213.3570556640625,7732412
2023-07-04,1223.0006455219911,1224.5472060405089,1211.2646211133026,1223.77392578125,5797775
2023-07-05,1235.3278393695025,1235.4187939129251,1219.9982784398992,1225.7298583984375,5414936
2023-07-06,1221.4084327344483,1225.8662047537898,1216.495665897886,1222.6365966796875,5963897
2023-07-07,1213.6300129632032,1224.365315371182,1205.7605007879629,1210.1728515625,6295647
2023-07-10,1215.9499539497926,1220.817188493727,1200.2564625432983,1209.2176513671875,3940315
2023-07-11,1213.129475218487,1229.0049853388443,1207.2615190395204,1226.9124755859375,6126128
2023-07-12,1229.0960058756348,1229.9148189122855,1207.26158386156,1212.9931640625,8102770
2023-07-13,1214.4487694545699,1252.5680534152623,1210.7641663190607,1241.9237060546875,9977644
2023-07-14,1256.0706748916025,1300.9676843031073,1256.0706748916025,1297.2830810546875,12833381
2023-07-17,1297.2830136298498,1327.3053432456984,1286.68431035238,1294.5537109375,11569884
2023-07-18,1304.6067308473641,1344.5909722136412,1300.0578928736984,1342.089111328125,16743977
2023-07-19,1351.9146708665796,1363.559740717556,1328.8975058703597,1341.8616943359375,13687062
2023-07-20,1338.2682570700565,1338.2682570700565,1310.7022519481309,1318.708251953125,8347221
2023-07-21,1201.075039161913,1228.186155763225,1187.2466172377842,1211.4464111328125,45548305
2023-07-24,1219.998361010124,1228.0953149237007,1213.8574296627578,1215.995361328125,8859789
2023-07-25,1216.359245637285,1221.681363730559,1204.759709076421,1214.17578125,6801982
2023-07-26,1221.817896357927,1228.186269607745,1218.5427551834298,1227.1400146484375,5528885
2023-07-27,1236.0101907567564,1240.7410487249037,1225.5024420215238,1231.052001953125,9191861
2023-07-28,1231.6889554588863,1240.7866322891853,1215.4496245279279,1219.5435791015625,6122735
2023-07-31,1227.0489861059361,1235.0094521881804,1212.9475890459607,1233.371826171875,7902180
2023-08-01,1239.1034366209878,1245.471809643269,1234.55459874793,1242.0146484375,6064652
2023-08-02,1245.7447635687552,1248.1555587567932,1226.7760211098619,1234.4180908203125,7419145
2023-08-03,1228.186202359877,1243.2428998554956,1227.2764348025732,1241.1959228515625,6503741
2023-08-04,1245.380890015176,1260.8469392172133,1239.1034713632262,1253.9781494140625,5712345
2023-08-07,1262.6666034607047,1269.1259318705693,1252.7501133948201,1267.306396484375,3729093
2023-08-08,1267.169939859444,1267.8068438934386,1259.4824470885333,1264.759033203125,4161877
2023-08-09,1259.1183508602219,1270.0355619948482,1257.7536994683937,1268.5799560546875,4090828
2023-08-10,1266.0324754708959,1269.8535657391153,1260.5738702782457,1263.758056640625,3873025
2023-08-11,1266.396413303026,1270.8087636526227,1243.6977576448737,1248.0645751953125,5783517
2023-08-14,1248.0644975682906,1269.125636980922,1242.3784508076233,1267.8065185546875,4304135
2023-08-16,1283.5000834227826,1291.8243675275844,1278.5873165202784,1290.5052490234375,7735313
2023-08-17,1291.8699868845008,1291.8699868845008,1279.1332405349353,1284.1824951171875,5618346
2023-08-18,1277.0406772674733,1281.5895150593437,1261.0743232513742,1263.4852294921875,5134103
2023-08-21,1264.3495172472738,1280.04300828704,1261.9841437074754,1278.58740234375,3032722
2023-08-22,1277.9504163795991,1279.1786914005518,1270.626854331071,1277.086181640625,2890714
2023-08-23,1288.2310228104463,1288.7768612022073,1278.8149496217914,1280.9073486328125,2559125
2023-08-24,1293.2346518402169,1296.4643712635414,1286.8207457961107,1295.1451416015625,5171963
2023-08-25,1285.5016097963642,1294.14440193583,1284.0460038576823,1291.9609375,4307172
2023-08-28,1291.9608968278883,1296.236871016697,1284.0459634347399,1287.9124755859375,3133464
2023-08-29,1295.509057691945,1295.8729869417455,1287.594124022955,1289.7320556640625,3074444
2023-08-30,1298.238204796241,1307.0174832626406,1295.5089023334597,1305.65283203125,3070887
2023-08-31,1305.653039664003,1314.5232740786394,1299.7395500542452,1305.9259033203125,9792735
2023-09-01,1301.8319683222358,1315.524015813637,1299.3301072963106,1313.5679931640625,3582133
2023-09-04,1312.7945503532342,1337.358273748617,1305.2434354057439,1332.900390625,4609014
2023-09-05,1332.8095304482017,1346.5015772139598,1325.0765058688094,1345.455322265625,5496840
2023-09-06,1348.1843960125796,1349.094163455593,1331.2627437836506,1344.1358642578125,5075786
2023-09-07,1337.90412243496,1340.4515159698167,1330.1256765994524,1333.901123046875,4411743
2023-09-08,1331.4448248574233,1341.679709913553,1328.442547485381,1336.994384765625,3125838
2023-09-11,1336.994432557999,1344.6820353527714,1332.3546400444875,1343.226318359375,4182226
2023-09-12,1348.7305652975347,1368.2905701230975,1343.8177976883615,1365.6522216796875,6793161
2023-09-13,1369.200367950324,1369.200367950324,1354.3256884896966,1363.150390625,4804686
2023-09-14,1369.200240762729,1376.0690305788348,1363.8781225031132,1370.9742431640625,6444213
2023-09-15,1381.0273694792074,1381.3912987705646,1372.8394601739947,1375.204833984375,8657816
2023-09-18,1369.1093400919283,1369.1093400919283,1353.7342448047293,1357.19140625,3991916
2023-09-20,1342.9988490854248,1360.193478454991,1342.9988490854248,1355.7811279296875,4169337
2023-09-21,1352.4151068014573,1368.7909240446215,1342.8170139394665,1366.2435302734375,6779195
2023-09-22,1357.2821697249913,1370.9741041105199,1351.186660777571,1361.148681640625,5455613
2023-09-25,1355.417217832278,1355.417217832278,1338.7685376167728,1341.1339111328125,4217863
2023-09-26,1345.682751173916,1346.3650768655104,1327.3509120486192,1328.85205078125,3996528
2023-09-27,1324.6217061818336,1336.9945240833968,1319.2086330547818,1334.629150390625,3863586
2023-09-28,1335.447772053514,1339.723634998435,1305.5163982722486,1309.5648193359375,5814602
2023-09-29,1302.8782039633304,1316.251854791077,1288.2309672949007,1305.9259033203125,6068968
2023-10-03,1306.471635140572,1307.3358698250358,1292.1427973188988,1304.6065673828125,4181867
2023-10-04,1296.4188460811952,1319.1175035605104,1290.2323819022101,1314.0228271484375,4510406
2023-10-05,1320.9826189619423,1342.4986459516133,1319.3449927806503,1331.3994140625,7384621
2023-10-06,1336.9036191822188,1350.5501345192267,1331.2631039318392,1345.2734375,3598672
2023-10-09,1332.7185470073355,1356.4634585781648,1330.2621079137662,1342.3165283203125,3567552
2023-10-10,1350.0041284403374,1361.9220614766054,1336.5395238912695,1360.239013671875,5688951
2023-10-11,1361.9220140294271,1381.254574348816,1347.7750842911132,1359.556640625,7220129
2023-10-12,1357.2824151740776,1368.6545111001026,1320.9826627670805,1333.2645263671875,11081662
2023-10-13,1278.2234711912276,1308.2458018313064,1273.6746332154582,1302.013916015625,17973439
2023-10-16,1302.8780961484347,1313.340423053773,1300.9676064898863,1304.7431640625,4850745
2023-10-17,1310.2927452175127,1322.2106781963569,1308.2913009819003,1312.294189453125,3923764
2023-10-18,1311.8849145317179,1322.8021260257406,1308.5642404911625,1310.5657958984375,4264837
2023-10-19,1297.419661765858,1309.7470582096269,1297.419661765858,1304.2884521484375,6795691
2023-10-20,1300.9675589324422,1308.7005828841384,1296.6461631947295,1298.4656982421875,3928622
2023-10-23,1296.964582762976,1303.1055136577397,1278.4508355358098,1281.5440673828125,2636516
2023-10-25,1289.2388086550927,1292.5103316871437,1254.4966784655405,1262.5601806640625,6940777
2023-10-26,1248.7371699932087,1266.2003688015045,1246.9400932403355,1252.7918701171875,6357656
2023-10-27,1256.6623976967833,1276.3373223697179,1256.6623976967833,1272.0521240234375,4634358
2023-10-30,1272.0522558250557,1272.0522558250557,1256.155634097897,1269.01123046875,2667696
2023-10-31,1271.6835518717269,1272.7894712580314,1256.0634389161826,1261.039794921875,3451595
2023-11-01,1265.3249033766447,1269.379603358429,1245.6038569027073,1247.90771484375,3090672
2023-11-02,1262.5142118386507,1268.3199791238953,1254.819348447591,1262.6524658203125,3758060
2023-11-03,1271.7755703024777,1282.787965091785,1269.655976225005,1280.0694580078125,3349045
2023-11-06,1284.5391312922866,1296.8417109189295,1281.6823697767961,1293.20166015625,2736381
2023-11-07,1290.1604881630135,1295.5976155760281,1285.4145181543718,1294.1231689453125,2272209
2023-11-08,1294.7681818070128,1294.7681818070128,1277.6735106371746,1281.8665771484375,3550635
2023-11-09,1286.3821608724284,1287.8566074771882,1262.5602919196745,1266.9376220703125,5498051
2023-11-10,1262.4681428598753,1265.4171487849635,1254.2203756878132,1261.4544677734375,2943649
2023-11-13,1271.5912989072524,1273.9872886097166,1263.2974105189112,1265.78564453125,3462092
2023-11-15,1289.2390443084512,1303.0621934611509,1283.7097846473714,1299.8367919921875,8551860
2023-11-16,1304.9973516506468,1339.3709592887674,1299.9288638617754,1331.537841796875,6673907
2023-11-17,1327.9899276991723,1337.1592379171582,1322.4606682729127,1324.7645263671875,4901251
2023-11-20,1328.8653942384274,1338.0808269307881,1321.170530438921,1323.8890380859375,3584210
2023-11-21,1328.8653376978914,1336.2376835381015,1324.0272357402534,1326.1007080078125,3793135
2023-11-22,1323.5204775186182,1344.4855881489173,1323.5204775186182,1343.4259033203125,3108786
2023-11-23,1352.733312304696,1352.733312304696,1334.1180718038254,1335.5465087890625,3186928
2023-11-24,1332.1366975336039,1338.6796311644991,1321.3545755708367,1324.6260986328125,2973195
2023-11-28,1330.7084271755414,1331.6299704076575,1315.088314388403,1329.5103759765625,3755373
2023-11-29,1337.251355220777,1346.0981477081089,1336.0534165206054,1345.08447265625,3875778
2023-11-30,1339.2328098678681,1346.0522528330398,1335.823144631822,1340.9837646484375,10120867
2023-12-01,1345.3610059685648,1345.3610059685648,1332.6897863489253,1338.3572998046875,3489187
2023-12-04,1345.8677509348179,1356.4194883018783,1335.592634024112,1349.4617919921875,5511948
2023-12-05,1350.7981854850148,1351.8118605948976,1328.8654104130064,1339.8778076171875,5123039
2023-12-06,1342.4580969426866,1361.1193473034825,1337.2053455420607,1358.6312255859375,5269178
2023-12-07,1357.2948166644478,1357.2948166644478,1347.1118322726165,1350.89013671875,4424453
2023-12-08,1355.0371580856024,1377.4305905862009,1351.2127312666094,1374.1591796875,6323433
2023-12-11,1373.0994779966725,1380.4718241872586,1365.7271318060862,1371.7171630859375,3862018
2023-12-12,1361.5800891380788,1373.0993792323097,1352.5029110424384,1360.243896484375,6103494
2023-12-13,1360.19782972632,1360.2439518858023,1320.7097241735976,1335.316162109375,8549258
2023-12-14,1348.5863495012065,1392.4517835867966,1346.697140932601,1383.6510009765625,12489858
2023-12-15,1403.5564479809898,1463.917528966799,1401.6672393803897,1454.5638427734375,18395389
2023-12-18,1444.9334995521797,1468.0181998579026,1437.883784632054,1441.615966796875,6467243
2023-12-19,1446.915036424613,1450.4629554436433,1422.1716226248461,1436.0408935546875,4221721
2023-12-20,1442.2612442252062,1459.2636714338232,1409.9611097529205,1415.8590087890625,6592367
2023-12-21,1401.897473335266,1425.30469111586,1401.897473335266,1415.490234375,5319038
2023-12-22,1414.522587091421,1443.1365463701209,1403.5101916485912,1440.27978515625,6741060
2023-12-26,1414.5688833319446,1426.5489455360587,1403.5103643743007,1422.816650390625,6878067
2023-12-27,1422.8627642542663,1446.8228885227966,1422.8627642542663,1444.150390625,4225849
2023-12-28,1445.8552154390939,1445.8552154390939,1432.9997322913293,1440.049560546875,5702253
2023-12-29,1420.144166634131,1437.1004712006081,1419.1765012951132,1421.8489990234375,4388990
2024-01-01,1418.254950581332,1434.8427277811138,1414.799163664711,1429.635986328125,2808451
2024-01-02,1424.7057474638627,1427.6086309615123,1403.5102544550214,1414.015869140625,5396313
2024-01-03,1400.6996635455614,1400.6996635455614,1371.2564007445471,1373.0994873046875,7550363
2024-01-04,1386.8763509676678,1400.5152349032498,1375.7718232468026,1394.018310546875,7056038
2024-01-05,1388.5351762892633,1418.8999788505123,1388.07440470264,1412.31103515625,8895403
2024-01-08,1408.9934505703893,1415.4903752195028,1394.52526712299,1403.3260498046875,4440136
2024-01-09,1420.9275847658068,1431.1566925228285,1406.1367703448866,1409.316162109375,4412074
2024-01-10,1405.3072902245185,1414.983494047482,1386.9225479581153,1400.653564453125,4096845
2024-01-11,1405.261293276588,1405.3534251009314,1369.9661425866611,1376.9698486328125,11296088
2024-01-12,1439.450434041234,1491.056851650907,1433.368271607278,1486.21875,26754401
2024-01-15,1515.8923891628679,1534.3232525223632,1507.6446228067189,1522.4814453125,13228305
2024-01-16,1515.7542704008683,1519.1639351762556,1497.5076704042556,1503.5438232421875,6500917
2024-01-17,1493.130273985418,1518.2423245739706,1493.130273985418,1511.5150146484375,9209876
2024-01-18,1513.7729287969016,1519.6247054977496,1500.5026844916376,1513.726806640625,6375464
2024-01-19,1522.0207083253042,1534.830181149936,1515.1552565650597,1529.0244140625,4522736
2024-01-23,1520.638356967558,1543.3082963711743,1509.2111992011553,1513.3121337890625,9401255
2024-01-24,1529.6694507492252,1548.1924450033323,1515.9384357324295,1543.953369140625,8999681
2024-01-25,1541.6956238359799,1548.6994420250173,1527.9185982399085,1538.147705078125,8865304
2024-01-29,1534.5076571987393,1547.5935254301967,1518.3345293026832,1526.62841796875,4253785
2024-01-30,1532.0194213135253,1557.4079810311105,1518.9335530973535,1521.8824462890625,4995943
2024-01-31,1518.93352092331,1536.442841049227,1509.5798353047996,1530.591064453125,6763779
2024-02-01,1529.3471931576782,1545.4280783736983,1520.8689274978267,1527.0433349609375,5760011
2024-02-02,1535.3372961411437,1583.672198367883,1534.36963065611,1560.495361328125,7858483
2024-02-05,1561.785455468717,1567.3147150838886,1549.8975247974827,1554.8277587890625,3634135
2024-02-06,1554.4129683538292,1597.034340689009,1542.6171705805966,1593.7628173828125,7694265
2024-02-07,1593.3481668011993,1593.3481668011993,1554.5050990563916,1560.86376953125,4613877
2024-02-08,1564.7802667251876,1572.4751295193644,1550.7728558600897,1559.3431396484375,5919715
2024-02-09,1552.5238399589869,1560.080561966992,1529.577503446997,1538.378173828125,4600004
2024-02-12,1539.2996220000239,1560.1264752853303,1539.2996220000239,1548.28466796875,3555808
2024-02-13,1550.9571831806093,1556.5785741207376,1532.9870910403704,1552.3856201171875,2696481
2024-02-14,1529.9460822117326,1538.470357405494,1507.1840085834583,1535.475341796875,3768579
2024-02-15,1545.4277608582577,1555.3343490688874,1531.235974783489,1544.8287353515625,4834391
2024-02-16,1556.486498735968,1574.917363137815,1555.5188333576436,1568.14404296875,4880654
2024-02-19,1571.2312906913012,1577.221322004787,1555.2885469674084,1566.3931884765625,3690993
2024-02-20,1552.800375906301,1561.324650966914,1537.8252980971156,1553.03076171875,3706389
2024-02-21,1542.6633157025528,1542.6633157025528,1516.2150708785946,1525.660888671875,4300508
2024-02-22,1534.3694366019563,1552.4316609246032,1515.3856690741432,1549.4366455078125,5841277
2024-02-23,1563.8587905950133,1565.194983220865,1540.728079066558,1545.2896728515625,5373072
2024-02-26,1543.5385504820708,1543.5385504820708,1515.9383799895131,1529.8997802734375,2782438
2024-02-27,1530.683233844853,1539.9907975363865,1523.1266247075048,1533.0792236328125,5159088
2024-02-28,1538.9772213327412,1555.380736114235,1531.6509975218291,1540.129150390625,3188916
2024-02-29,1534.369531530479,1550.2661528030922,1523.5875203601972,1542.5712890625,7814722
2024-03-01,1538.0556768856939,1540.7741844629486,1521.4678984651173,1524.8775634765625,6387291
2024-03-04,1527.7803779385492,1533.8625405850848,1505.479077403563,1508.75048828125,4445156
2024-03-05,1505.8015436860508,1508.8886908149464,1476.3121621695554,1480.4591064453125,4596579
2024-03-06,1477.0495710017406,1493.0383239437163,1452.3521668225044,1490.642333984375,6420684
2024-03-07,1489.7667940250446,1500.6870590284748,1478.3396352373709,1489.6285400390625,6348359
2024-03-11,1481.9796685740168,1487.186409973432,1463.4105512344881,1475.02197265625,6752895
2024-03-12,1474.46925768503,1497.5078398363585,1472.3036534614205,1486.4031982421875,4614222
2024-03-13,1486.3570462420234,1497.046924837975,1473.1329238521018,1484.9747314453125,5688997
2024-03-14,1487.7394689212454,1527.6883469444472,1481.8415695289827,1523.5875244140625,8803799
2024-03-15,1512.344570167545,1516.6758908384104,1491.3794617139743,1505.8016357421875,11809997
2024-03-18,1502.11543929507,1504.5575513115562,1473.4093456712776,1476.9112548828125,4958904
2024-03-19,1467.4191867817187,1473.5474711208267,1435.764202630549,1438.9434814453125,6870411
2024-03-20,1440.371958643916,1451.3843544053573,1430.5575014942751,1432.9534912109375,4759059
2024-03-21,1441.2935411478331,1453.2274803947662,1422.3097740379771,1432.72314453125,11062497
2024-03-22,1401.6672315575609,1408.9474454626866,1380.6560012352104,1390.470458984375,14673890
2024-03-26,1374.9426003343697,1389.180399288322,1371.1642953119592,1375.5416259765625,8351081
2024-03-27,1378.628657389427,1381.3932870499673,1365.3124028550521,1367.431884765625,6857402
2024-03-28,1370.4729789851785,1393.189041141791,1370.4729789851785,1380.517822265625,12499530
2024-04-01,1405.3533500790074,1409.9149438246613,1375.6797046680076,1378.1217041015625,6580002
2024-04-02,1368.353462463362,1376.0023163808078,1364.6672894897633,1366.5103759765625,7279400
2024-04-03,1362.9624633692197,1377.799287158803,1359.2762903783632,1364.4830322265625,8736248
2024-04-04,1373.6062588459959,1378.3061066574217,1352.8254147328123,1370.0582275390625,11186915
2024-04-05,1363.93009899174,1370.0582714607572,1360.24392608138,1363.0545654296875,5072482
2024-04-08,1366.6485404880466,1373.9747637962018,1358.4467836601393,1360.8427734375,6610887
2024-04-09,1373.099263903387,1395.0320353978589,1370.6111424492417,1377.5687255859375,9423230
2024-04-10,1382.6372778632074,1391.3919380114644,1368.076963217734,1388.581298828125,6744595
2024-04-12,1386.0008129525172,1388.5811786121503,1363.4230071564157,1368.2611083984375,12275616
2024-04-15,1363.8838870765444,1374.8962829242955,1346.420689060188,1352.963623046875,8531224
2024-04-16,1337.159257468646,1340.983684459676,1302.1867360834249,1303.476806640625,16173541
2024-04-18,1309.6048566240418,1331.3532509485221,1297.071893156803,1307.9000244140625,22107945
2024-04-19,1276.3373231980736,1314.903883353496,1270.5776782377934,1300.52783203125,20603621
2024-04-22,1308.4991354557612,1324.1192467826613,1302.1865874045059,1320.3409423828125,5859087
2024-04-23,1329.786912241484,1333.334831262017,1320.571479724218,1329.2340087890625,4856174
2024-04-24,1330.985003306902,1330.985003306902,1315.0883817387778,1318.498046875,4268213
2024-04-25,1308.5913232271268,1331.5377710414832,1308.5913232271268,1325.59375,9089398
2024-04-26,1326.745647271391,1331.9985107982977,1315.042094094127,1318.037109375,8062444
2024-04-29,1317.7606297548816,1326.8379201034072,1316.1940513407444,1322.18408203125,5055957
2024-04-30,1322.1381364606618,1323.8430815716633,1306.3337587531646,1309.098388671875,6936588
2024-05-02,1302.1406139236367,1312.2775896866656,1301.08081668616,1303.476806640625,10076354
2024-05-03,1310.5266461015717,1313.0148803966708,1293.109456008172,1305.1817626953125,8842345
2024-05-06,1308.5913151241766,1332.2749298443393,1305.9188174045357,1314.0284423828125,6445422
2024-05-07,1313.1528923189749,1330.1093091097507,1304.5364861962978,1327.8975830078125,6080661
2024-05-08,1322.6448266752147,1326.791770914921,1313.751912640343,1315.318603515625,6234983
2024-05-09,1315.5489046143746,1336.1913801730982,1313.060670734901,1326.607421875,6088406
2024-05-10,1322.460619610937,1323.289918499904,1302.1405469699123,1313.10693359375,8777481
2024-05-13,1313.199189050727,1313.199189050727,1300.4818466437416,1311.770751953125,3735954
2024-05-14,1314.4891762078207,1321.2624958851497,1306.7943133773022,1312.9224853515625,3463230
2024-05-15,1314.1206697254095,1319.4656655532185,1307.2552175350827,1308.5452880859375,4327544
2024-05-16,1321.4468679639122,1341.5365553493355,1315.0421875208667,1339.3248291015625,9249145
2024-05-17,1342.6884167000094,1342.6884167000094,1326.3310252131012,1330.98486328125,7542860
2024-05-21,1317.8067987413262,1331.3534390178734,1316.332352094495,1321.6312255859375,6752663
2024-05-22,1316.6547668463822,1345.4068679388222,1315.9636094884577,1340.6610107421875,7173285
2024-05-23,1340.5688666610595,1362.17912249703,1336.2376585581328,1356.8802490234375,8641428
2024-05-24,1353.0557154211108,1359.7369031866842,1345.4529845154584,1350.15283203125,5277938
2024-05-27,1356.373369267408,1363.5153292403581,1345.6834903871545,1355.91259765625,5821844
2024-05-28,1359.7370687266528,1360.1978403527887,1345.7296562893546,1351.9500732421875,6186922
2024-05-29,1350.4295268928772,1350.521658721026,1336.237738072663,1337.1131591796875,7401634
2024-05-30,1329.6025651299135,1336.0993771509409,1310.0197722599248,1315.456787109375,9663150
2024-05-31,1325.18568552157,1350.5181357141773,1315.9738228639974,1322.459716796875,37113815
2024-06-03,1353.5732408404072,1353.5732408404072,1319.733909819397,1321.5198974609375,10589244
2024-06-04,1324.4338187795668,1330.0737072910483,1276.823736979712,1310.005126953125,13736134
2024-06-05,1316.1149378567663,1351.6932097544602,1316.1149378567663,1344.267333984375,9233424
2024-06-06,1358.2259161135482,1385.814458709679,1351.2231014159079,1383.887451171875,12660930
2024-06-07,1392.1123044504961,1447.2891608293014,1388.5873745776473,1441.5552978515625,24075302
2024-06-10,1433.7533821631996,1437.9832975983243,1407.4339083446464,1409.73681640625,6810606
2024-06-11,1410.0190163300265,1416.0348049461413,1404.2850385180848,1405.97705078125,4853054
2024-06-12,1416.5519427607585,1418.1969101793593,1393.7573942458623,1396.060302734375,9564320
2024-06-13,1405.2721826102318,1414.6719965407349,1399.961264790733,1404.28515625,7307565
2024-06-14,1413.4498626747718,1413.4498626747718,1396.8592841989566,1399.5382080078125,4237727
2024-06-18,1407.151975588544,1416.5517883847267,1405.6480284899164,1408.2799072265625,5420939
2024-06-19,1414.6718886285164,1424.6827126496337,1406.8699977638037,1420.6407470703125,5493456
2024-06-20,1425.2937600659554,1426.4216917830183,1409.1260120772156,1424.44775390625,7927010
2024-06-21,1452.2710438887668,1464.2558049305671,1432.2493971920012,1440.709228515625,17301941
2024-06-24,1433.0486251290843,1437.325471461373,1424.4477727552649,1435.4925537109375,5564989
2024-06-25,1434.411397588946,1451.2370850310506,1429.1004805403306,1449.404052734375,4551525
2024-06-26,1448.5112883548547,1455.89011914625,1442.8714001458156,1448.229248046875,4851004
2024-06-27,1446.1141853395814,1483.6665071274144,1440.0983968135813,1478.9195556640625,14757754
2024-06-28,1478.1676356666337,1493.1602914681441,1470.3657449978248,1472.7156982421875,8197544
2024-07-01,1465.900925341744,1503.8761950899986,1465.900925341744,1495.3223876953125,6801771
2024-07-02,1500.3980870491325,1535.7414752975033,1491.2803144467298,1523.7567138671875,10493173
2024-07-03,1527.4696078755678,1537.809402144264,1509.609963229638,1529.7255859375,7269965
2024-07-04,1530.4775505601317,1560.3690026530594,1530.2896001922775,1551.5802001953125,8008311
2024-07-05,1552.332191113537,1565.8679458210338,1535.3185512266714,1548.572265625,7065022
2024-07-08,1544.483343885064,1566.008939897241,1541.5694246287367,1561.9200439453125,5880533
2024-07-09,1560.2750121000736,1566.7138611771477,1551.9091554243114,1557.6900634765625,5191182
2024-07-10,1557.5490553427878,1573.5287378659184,1539.2664644712022,1549.32421875,9852770
2024-07-11,1556.6090643284788,1565.0688961998292,1543.4963708254108,1553.507080078125,8857679
2024-07-12,1579.1685341207829,1616.532789615605,1566.6198071109059,1609.012939453125,17078316
2024-07-15,1622.5957659620963,1624.2877782953476,1600.4592739409936,1604.59521484375,6942230
2024-07-16,1615.4519041715741,1633.593589888385,1597.9682742375035,1622.454833984375,6886281
2024-07-18,1615.827863817848,1659.4430193327232,1615.827863817848,1652.5341796875,11248896
2024-07-19,1733.3256958168,1733.3256958168,1679.2297205297605,1685.339599609375,29819116
2024-07-22,1692.1074068427617,1713.5859571917674,1685.3394724496927,1702.1651611328125,8462126
2024-07-23,1701.3662125939957,1729.5186076175692,1676.2217119382558,1726.6517333984375,7113056
2024-07-24,1727.2156416274588,1731.7745279912915,1710.3899533806657,1723.878662109375,6002845
2024-07-25,1710.7660645530111,1721.0118842620095,1703.246213719811,1715.324951171875,5815599
2024-07-26,1715.7949342558115,1769.9848820315087,1715.7949342558115,1766.1309814453125,11369047
2024-07-29,1779.9486525351583,1788.78450012986,1752.1252276626687,1758.799072265625,4635931
2024-07-30,1758.7990290172347,1767.1178407699306,1748.365259289592,1764.4859619140625,2721265
2024-07-31,1764.344953812893,1772.0058245898792,1753.1122228334534,1756.1201171875,5004209
2024-08-01,1744.699358548906,1755.7911843622094,1734.3595637121655,1741.409423828125,7475014
2024-08-02,1732.3855594141,1747.895251074617,1707.147084115294,1711.8939208984375,7400938
2024-08-05,1677.8196096487513,1689.6164211011132,1615.4049418548652,1646.7532958984375,10736703
2024-08-06,1654.5551502330297,1689.0994653436978,1640.126459251215,1646.0013427734375,7690163
2024-08-07,1688.206449501223,1689.9924369566963,1656.341059827465,1684.1175537109375,5094329
2024-08-08,1673.1198103688212,1673.1198103688212,1623.4418174161967,1638.528564453125,6227910
2024-08-09,1664.9420365933122,1673.8718597959298,1650.6073203996366,1664.4720458984375,4258524
2024-08-12,1666.6339385624474,1695.2563240862842,1661.9809621451984,1689.5224609375,4315329
2024-08-13,1701.3662700318037,1701.3662700318037,1681.6737063397366,1689.5694580078125,4176918
2024-08-14,1693.8464406687062,1715.4660123309595,1689.5694795075585,1713.821044921875,7450718
2024-08-16,1738.9655086594769,1750.1042647796944,1719.6958908608178,1747.3782958984375,7335657
2024-08-19,1748.3653628246682,1755.46226812506,1738.2135180462226,1752.8773193359375,2585989
2024-08-20,1767.165030694927,1772.5228787734409,1756.073204285589,1759.8331298828125,3870333
2024-08-21,1762.5589566406527,1766.2249067508462,1755.0391060531026,1760.302978515625,1966902
2024-08-22,1770.924710030664,1779.9955522213554,1757.4829319922503,1767.3997802734375,4300287
2024-08-23,1765.4729100507645,1769.6088509029312,1745.5453515046195,1750.3392333984375,5015935
2024-08-26,1757.7651122966831,1775.3897624868237,1752.125224235838,1763.5460205078125,3728589
2024-08-27,1763.54596510821,1788.5494451104064,1761.431007151832,1786.0584716796875,3830679
2024-08-28,1792.450420519267,1833.903574209478,1783.5205978872887,1822.7177734375,6514531
2024-08-29,1816.9838956969513,1833.4335688344042,1805.610144647818,1817.3128662109375,7228284
2024-08-30,1821.6839001205192,1832.9636765918535,1812.284086394407,1827.041748046875,13466759
2024-09-02,1826.7126342979332,1857.1680513315453,1826.1957134298164,1846.59326171875,5573739
2024-09-03,1848.9432889467964,1848.9432889467964,1820.2268132183985,1824.73876953125,4694322
2024-09-04,1805.7980647866775,1811.5319278069883,1786.0115271331308,1807.0670166015625,4778310
2024-09-05,1810.6391056280906,1823.563849406098,1794.9883929408672,1817.125,4081810
2024-09-06,1806.6440148254599,1820.273743345215,1783.0034627545024,1787.703369140625,5848106
2024-09-09,1776.564732765143,1805.5631341580754,1775.6247514250556,1780.9356689453125,4772612
2024-09-10,1790.5704823041315,1818.8638977650467,1782.2046254069915,1797.5263671875,6909600
2024-09-11,1799.7822173243185,1810.4040523138208,1790.6644442667855,1795.50537109375,5312946
2024-09-12,1809.463996501208,1838.9794321721197,1796.116307982983,1833.386474609375,8555092
2024-09-13,1833.3865832495185,1841.0474542218399,1819.4749280775688,1827.417724609375,3843127
2024-09-16,1828.9685705796433,1834.8434535636457,1817.0308542536736,1833.198486328125,1570181
2024-09-17,1830.8486394119768,1840.9063937669002,1825.584766901514,1835.360595703125,2793127
2024-09-18,1822.388800311061,1822.388800311061,1768.3869188956942,1778.585693359375,6385468
2024-09-19,1795.9282898631557,1809.370068657787,1766.036952686509,1780.5125732421875,7976570
2024-09-20,1790.664520804125,1800.0643345616268,1755.3212440246816,1791.3695068359375,15242974
2024-09-23,1794.4243751721033,1803.73021337189,1765.7078993837924,1782.6275634765625,3636672
2024-09-24,1774.6846588682515,1796.2102531560402,1759.0809925494216,1784.6484375,7277616
2024-09-25,1773.1337292502485,1787.4684442930745,1764.156976545127,1781.546630859375,4268341
2024-09-26,1783.896554606288,1802.8370859804254,1779.3845984749128,1786.199462890625,8952803
2024-09-27,1816.137952637302,1856.0871602157958,1789.0665584656958,1792.3094482421875,14908931
2024-09-30,1767.1648713969455,1787.1394743316184,1758.2350489085036,1763.0289306640625,6986955
2024-10-01,1762.4650370326212,1794.3773580722982,1762.4650370326212,1790.053466796875,4029072
2024-10-03,1776.0947919095763,1797.1033525009973,1768.104950294741,1779.7607421875,7503887
2024-10-04,1776.141704358394,1836.8174281895435,1772.8047248589348,1803.025146484375,10001483
2024-10-07,1807.7719266887534,1825.4436204048193,1801.051152425151,1818.205810546875,6112575
2024-10-08,1821.5897622643915,1840.4363182559603,1791.933306709296,1831.6005859375,5637391
2024-10-09,1835.3605115538048,1858.3430081700687,1828.3575821051584,1835.5484619140625,4857163
2024-10-10,1840.3895163779584,1846.1233796899428,1799.2182871655539,1803.82421875,4782119
2024-10-11,1802.8842276209207,1830.1436867455332,1795.4583520140732,1818.9578857421875,4709431
2024-10-14,1816.1849669571325,1851.2932470173037,1815.1979406537325,1841.3294677734375,3751378
2024-10-15,1842.3635074756771,1871.9258760220825,1834.6086610794148,1841.70556640625,5353705
2024-10-16,1837.6635261263593,1841.9404871358424,1801.3332242595482,1804.858154296875,3111512
2024-10-17,1819.0517651449982,1859.2830106666543,1814.304928428157,1849.9771728515625,8162822
2024-10-18,1780.1367445813487,1820.6028732629586,1757.0601563072833,1766.7889404296875,10526196
2024-10-21,1777.5986762175419,1784.8366013292746,1727.6856903747387,1741.5504150390625,4654601
2024-10-22,1746.6732140121014,1765.0969393741664,1736.098424337156,1740.4693603515625,4125240
2024-10-23,1734.500561986716,1772.804801466981,1733.3255853155424,1760.9610595703125,4311910
2024-10-24,1749.6813644323036,1770.9249206806642,1748.3653675509743,1751.5142822265625,2906475
2024-10-25,1751.60811836117,1763.7339001545147,1735.581505943881,1750.292236328125,4689120
2024-10-28,1748.0833692337449,1768.951025226307,1745.5454653432146,1753.394287109375,7018940
2024-10-29,1754.9627985871089,1760.2866061853301,1738.8011693476826,1748.59326171875,4621252
2024-10-30,1741.653136738328,1748.3079249245552,1707.76122797984,1713.2276611328125,5919715
2024-10-31,1699.728089871948,1699.728089871948,1660.3697457491953,1670.589599609375,7395236
2024-11-01,1677.4819828348002,1678.9080088899161,1665.6460129974564,1674.011962890625,371966
2024-11-04,1639.454765739415,1679.8588408591163,1633.2753189564019,1676.674072265625,7336722
2024-11-05,1673.2039554066878,1681.2371893406507,1658.9436944231081,1667.68994140625,3160880
2024-11-06,1677.0066599508023,1737.0898453384439,1675.723259696614,1733.762451171875,10421494
2024-11-07,1723.5426610222241,1735.6638830746192,1698.8724555004114,1714.1309814453125,4550965
2024-11-08,1728.3437169759088,1749.829154713953,1723.7329222391422,1739.704345703125,4210960
2024-11-11,1738.8011800020988,1775.8778590726738,1732.669314114394,1768.367431640625,3804234
2024-11-12,1778.8249314544848,1788.2367269114475,1769.223045604574,1776.638427734375,5012450
2024-11-13,1769.3181384269985,1780.8213927172376,1764.7549244206982,1776.2581787109375,4257495
2024-11-14,1773.5961711004963,1783.4833086013102,1764.469627272938,1772.5980224609375,4311431
2024-11-18,1758.0049000608628,1758.0049000608628,1706.4778709351956,1722.1165771484375,4839244
2024-11-19,1735.4737552340218,1767.987103735295,1730.7679155470983,1734.7607421875,4669769
2024-11-21,1751.16006482196,1774.9271666789355,1730.8154024223286,1743.6021728515625,5436504
2024-11-22,1762.6633798054363,1819.6569616576032,1743.554652462339,1808.4388427734375,6301486
2024-11-25,1821.5106048142616,1824.647908539123,1789.187347735094,1796.507568359375,12764638
2024-11-26,1811.00558516297,1842.9961275482167,1803.7329448177684,1829.2587890625,6850495
2024-11-27,1834.9153604909611,1845.6581372544963,1817.4703304442407,1829.591552734375,4447143
2024-11-28,1820.4649949645564,1820.4649949645564,1760.3342260139732,1765.087646484375,8468790
2024-11-29,1759.811276019277,1784.4340168837268,1754.0121263454853,1766.2283935546875,5244346
2024-12-02,1767.3216723437565,1789.9479994533772,1744.6953452341356,1787.095947265625,2868263
2024-12-03,1793.9408410909798,1806.0620629902432,1778.8725217831325,1798.789306640625,4715792
2024-12-04,1791.0888644737497,1819.56180716774,1782.5327074778559,1796.0799560546875,4705573
2024-12-05,1806.2997139926326,1853.7388717964993,1795.7946087095554,1839.4310302734375,9050038
2024-12-06,1837.4822303839658,1842.3781605401093,1818.088252003757,1827.5950927734375,3573331
2024-12-09,1829.3062538776032,1835.0103583375276,1803.6377838079438,1828.783447265625,4274645
2024-12-10,1843.3764867481466,1868.664660829215,1836.721697987323,1852.45556640625,6174921
2024-12-11,1858.5873457085745,1880.4530791874988,1855.7352935156714,1876.79296875,5025612
2024-12-12,1877.7911587179638,1900.2273959695365,1873.3705705619063,1889.00927734375,6462130
2024-12-13,1872.6100645470372,1907.5001256882165,1857.4466990978751,1901.0830078125,5362693
2024-12-16,1897.042541916786,1900.9879041439099,1880.0728539329739,1882.402099609375,3119221
2024-12-17,1870.9462106912868,1884.255787393359,1861.4393701898068,1879.1220703125,5811050
2024-12-18,1869.8054617493733,1887.060284654621,1864.8618349910091,1881.54638671875,3064095
2024-12-19,1838.623014099366,1863.1031292043601,1825.3134369549032,1850.2213134765625,5323592
2024-12-20,1877.7438033938301,1882.3070176382269,1816.9950636033855,1827.3575439453125,11056720
2024-12-23,1834.8678004850174,1844.3270603797318,1814.8558547757257,1829.4013671875,2781793
2024-12-24,1832.015755380025,1846.2284355881454,1749.2586619372746,1814.9034423828125,2360544
2024-12-26,1814.9034908105154,1825.0757640546135,1808.4863732653307,1813.3348388671875,3623321
2024-12-27,1815.236249934069,1829.25884045684,1810.007487366256,1822.2237548828125,3937500
2024-12-30,1821.2254956591669,1821.510747311123,1793.4655661808106,1812.00390625,7789055
2024-12-31,1798.9794709559926,1803.4476395627287,1754.0596496753712,1787.2860107421875,3613063
2025-01-01,1781.5819053214227,1799.5973216045268,1781.5819053214227,1789.6627197265625,1838368
2025-01-02,1793.9409285299619,1865.8602051810894,1792.3248119514092,1861.296875,7083645
2025-01-03,1856.6384617090841,1856.6384617090841,1827.214835312903,1843.1387939453125,6218003
2025-01-06,1855.7354066651392,1875.6997732327457,1832.9189877307317,1842.283203125,7164403
2025-01-07,1849.08049857111,1861.9623140172655,1828.7834170796311,1835.6282958984375,4294832
2025-01-08,1834.8202633622047,1842.9961231909604,1795.6045452981161,1837.81494140625,5482050
2025-01-09,1838.670663062687,1855.5927707165636,1816.3295863112587,1822.7467041015625,6833503
2025-01-10,1841.4749361612496,1880.262890374542,1836.9591870921913,1869.9478759765625,8036913
2025-01-13,1859.538056114521,1885.0164358188285,1852.8832675701437,1865.4322509765625,5804152
2025-01-14,1871.7543886244132,1874.5589763818855,1835.8660634362316,1844.374755859375,5792162
2025-01-15,1850.981884706997,1861.4869901029845,1841.5700892018165,1853.501220703125,2985439
2025-01-16,1868.9973329214629,1869.948017007702,1822.3187674971882,1833.3466796875,7533579
2025-01-17,1759.7161759087412,1766.3709642563163,1722.6394979722525,1725.9193115234375,16409953
2025-01-20,1733.0494968108637,1737.8029172097529,1704.7191808636662,1723.87548828125,4333011
2025-01-21,1729.3418737355341,1741.3204695981628,1704.6240883474466,1711.896728515625,7169109
2025-01-22,1718.2664752007781,1773.7864501626696,1716.1274359637641,1764.8974609375,8373913
2025-01-23,1766.3710631349807,1786.8583519719805,1761.3323909696403,1773.45361328125,5907471
2025-01-24,1773.501188842313,1801.4513245969808,1772.312833717117,1782.96044921875,4887027
2025-01-27,1757.577160982871,1771.1244088768565,1722.6395216773292,1732.1463623046875,7652371
2025-01-28,1739.7519532584283,1771.5998715284597,1734.9034874184256,1739.5142822265625,6999495
2025-01-29,1754.0120684956396,1795.5094503993766,1749.7339902797964,1788.474365234375,5145155
2025-01-30,1780.7739533235829,1794.1309953598945,1753.0614884709362,1768.224853515625,7336056
2025-01-31,1778.729881094765,1803.875428129993,1778.729881094765,1787.095947265625,5820470
2025-02-01,1787.571323971164,1797.3633003755383,1754.9628135718901,1760.0489501953125,1701402
2025-02-03,1745.4559465267448,1784.0062318529979,1742.0335070965566,1771.40966796875,4823228
2025-02-04,1795.8421853594061,1816.947325024505,1782.5326085489075,1805.158935546875,7334787
2025-02-05,1812.0038151596648,1825.0281403385413,1800.88085809743,1803.4952392578125,4996744
2025-02-06,1822.4615009681065,1829.1162899648602,1806.2998705474192,1821.1781005859375,4765255
2025-02-07,1824.648004479721,1828.8309215990796,1796.2699917999128,1809.769775390625,4126260
2025-02-10,1811.0531389851265,1811.0531389851265,1785.9550565261386,1787.5712890625,3828734
2025-02-11,1790.2333073638108,1809.1519452403381,1777.7793681552455,1783.1507568359375,4411601
2025-02-12,1792.0395140512057,1801.1660581275596,1755.9135185424811,1771.26708984375,5633947
2025-02-13,1776.3532848619434,1781.106705479717,1745.1233346132335,1752.3485107421875,5237744
2025-02-14,1762.5681886374266,1767.606860408019,1738.1831200991312,1764.849853515625,5292961
2025-02-17,1747.880247229523,1761.3799146336082,1732.2890052365772,1751.4453125,4428956
2025-02-18,1751.445375977347,1769.8410902296603,1746.977091046225,1760.619384765625,4365260
2025-02-19,1756.2937934312417,1758.004955145868,1716.840404092615,1721.498779296875,4611411
2025-02-20,1716.5077280780874,1740.7025920720746,1716.5077280780874,1735.14111328125,2218020
2025-02-21,1731.9563977351202,1739.6093353659326,1717.125632438778,1725.49169921875,3379879
2025-02-24,1711.2788452920981,1718.8367369576058,1663.9347338827708,1677.1016845703125,7594720
2025-02-25,1659.0863139546623,1690.744023588038,1659.0863139546623,1680.524169921875,5092963
2025-02-27,1668.640552657757,1688.2722009652173,1664.7427713690586,1677.2918701171875,5757079
2025-02-28,1668.4981483304996,1668.5456129045258,1599.478390980019,1604.469482421875,12182167
2025-03-03,1608.8426647276233,1643.3524261230082,1608.8426647276233,1624.3387451171875,7504969
2025-03-04,1611.4094536632444,1615.212189837081,1587.642352576766,1605.0399169921875,6759673
2025-03-05,1608.9852468032536,1647.4879525703643,1608.9852468032536,1627.0958251953125,8180782
2025-03-06,1630.4231429408271,1637.3631829139892,1607.7017709749155,1631.231201171875,10610547
2025-03-07,1619.109945155919,1620.9162680194895,1592.8710891886537,1602.853271484375,8019331
2025-03-10,1602.8533592169706,1634.225933863566,1593.5366088108908,1617.5413818359375,7558981
2025-03-11,1597.1492261839649,1597.1492261839649,1556.3173920894415,1579.6566162109375,12671234
2025-03-12,1556.174926049121,1556.174926049121,1486.679937103563,1512.3958740234375,14870008
2025-03-13,1520.3814033600804,1526.846101049761,1492.859147684044,1501.9381103515625,7822888
2025-03-17,1468.949515897204,1515.3904095675546,1468.949515897204,1511.63525390625,7526032
2025-03-18,1511.63525390625,1511.63525390625,1511.63525390625,1511.63525390625,0
2025-03-19,1523.9465678973438,1523.9465678973438,1495.2359553339961,1508.307861328125,7387068
2025-03-20,1513.4890294263832,1551.4213467784741,1513.4890294263832,1535.877685546875,7186750
2025-03-21,1500.131882621123,1524.8022038807094,1486.5371700431922,1514.011962890625,10074677
2025-03-24,1519.1456594946171,1527.844442496362,1495.140885206093,1514.2021484375,8857726
2025-03-25,1525.84798372026,1555.46181670782,1525.84798372026,1548.1414794921875,9890140
2025-03-26,1545.8122407498795,1556.9827781599724,1516.3410356679321,1520.571533203125,6651302
2025-03-27,1516.8640098840594,1540.0606082841557,1507.7849306219216,1524.469482421875,9426573
2025-03-28,1511.5877308709687,1519.620965158934,1483.0672076469882,1493.1920166015625,6799047
2025-04-01,1463.3404602190724,1471.0885586286036,1442.9957978349414,1451.21923828125,12680733
2025-04-02,1459.4902057913214,1478.9317655581158,1459.4902057913214,1473.7030029296875,6193478
2025-04-03,1458.9673514518697,1458.9673514518697,1411.8134441365378,1422.69873046875,10459504
2025-04-04,1388.4742004590178,1399.4070681791675,1376.5906485892897,1380.0606689453125,9590254
2025-04-07,1285.3249277060586,1336.5668248830998,1242.5441423903983,1327.8680419921875,21715252
2025-04-08,1360.4289830692378,1384.671428260199,1345.218037067066,1358.3375244140625,12805001
2025-04-09,1335.7586139092537,1339.9415307106342,1313.7502558802394,1334.47509765625,8546854
2025-04-11,1341.652928180614,1367.844321400648,1328.1532604606723,1339.941650390625,12567440
2025-04-15,1374.3089224037624,1376.3053358191778,1339.513907284088,1355.675537109375,10178530
2025-04-16,1354.724784610381,1357.10149475882,1327.915540556106,1343.41162109375,12022740
2025-04-17,1329.0563853909828,1359.2881865002564,1310.327954849587,1349.49609375,14264227
2025-04-21,1340.4645789137878,1399.2169026224717,1340.4645789137878,1379.442626953125,15648970
2025-04-22,1368.9850198763202,1368.9850198763202,1349.3059066357173,1352.63330078125,9399738
2025-04-23,1374.6891479419496,1414.4277879886072,1368.6047467603623,1402.1639404296875,11136642
2025-04-24,1397.4105217628291,1409.7694145318515,1389.4247524558623,1398.8365478515625,7114292
2025-04-25,1402.7343459374797,1427.642222162945,1391.3261370921732,1407.2025146484375,8329979
2025-04-28,1407.2024661808139,1416.1389193452367,1393.0373668593481,1409.0087890625,5886253
2025-04-29,1408.9138107783806,1435.3428747016321,1401.4033833138335,1423.6494140625,8056743
2025-04-30,1422.9840278751349,1434.3922372400868,1409.4842438297574,1426.1212158203125,7704183
2025-05-02,1425.7408206525301,1448.081895785028,1422.4134264838601,1432.5858154296875,7402310
2025-05-05,1440.2864278864722,1447.8919007730015,1428.6881281546378,1434.2020263671875,4282493
2025-05-06,1431.7302219442606,1440.856765886036,1425.170478593818,1436.958984375,4270530
2025-05-07,1426.0260242923393,1443.8989302169214,1422.7936754272177,1433.916748046875,5691799
2025-05-08,1433.6315426322524,1441.7123570303784,1427.166844693632,1436.8638916015625,8424409
2025-05-09,1426.6915991963783,1436.8639888159648,1420.4171072727893,1433.2513427734375,4478653
2025-05-12,1461.2014458755218,1551.516434397431,1456.4480254270004,1546.66796875,11372857
2025-05-13,1529.6507024801845,1532.6928451513845,1487.4403056280353,1491.2430419921875,12846210
2025-05-14,1496.3767741072957,1516.3411402167324,1492.0986956552736,1513.869384765625,4870057
2025-05-15,1511.3976659657826,1538.7772990924948,1493.524758023796,1533.4534912109375,11151167
2025-05-16,1533.0731584594146,1533.0731584594146,1503.5069061207216,1511.49267578125,4576751
2025-05-19,1498.7534529196623,1506.8342676039738,1478.9791776249906,1482.8770751953125,8855798
2025-05-20,1492.573904126385,1505.4081383338412,1481.1656959419795,1483.637451171875,7143998
2025-05-21,1490.577561992386,1493.5246593705174,1475.556707413097,1491.14794921875,4157309
2025-05-22,1478.789066286349,1483.8277382618005,1464.0534632471729,1471.18359375,6158990
2025-05-23,1473.560201459695,1508.9255998746105,1473.560201459695,1487.63037109375,5038421
2025-05-26,1489.3416207391451,1505.693456152503,1485.6339297061554,1502.55615234375,3170102
2025-05-27,1501.985817890451,1504.8378701621398,1479.6447417622219,1492.6690673828125,7775714
2025-05-28,1503.0315254066693,1509.4010623010483,1492.5740005619675,1494.2852783203125,3623370
2025-05-29,1510.6370121874,1529.555648703017,1498.8485063145804,1507.4046630859375,8609500
2025-05-30,1514.5387348868949,1515.5027951891782,1499.2101525439637,1506.5369873046875,13148092
2025-06-02,1503.9340358386107,1503.9340358386107,1483.6887699715526,1497.9569091796875,4374509
2025-06-03,1502.9700087561519,1510.9717563250315,1480.410974183671,1487.5450439453125,6853403
2025-06-04,1487.545069852834,1501.3311794658816,1486.0025968815146,1495.4503173828125,4548307
2025-06-05,1492.2689554139665,1511.3572786610305,1486.195328477135,1498.43896484375,6948539
2025-06-06,1498.8244913615613,1512.5142181403369,1487.641415492617,1507.5975341796875,3960020
2025-06-09,1521.2871674371763,1530.9277705261318,1514.5387452749073,1516.3704833984375,2903202
2025-06-10,1527.0715350387688,1549.726952383094,1520.8051430073597,1538.6402587890625,8591925
2025-06-11,1532.9522867625028,1575.8529708756475,1532.9522867625028,1572.478759765625,10597410
2025-06-12,1558.8854834598367,1569.4901466126246,1540.6647205061456,1550.787353515625,10483574
2025-06-13,1519.3589933969258,1551.1729824718614,1513.7673967286814,1544.424560546875,6968315
2025-06-16,1542.4964798976407,1576.0458254086714,1539.7006814911979,1565.441162109375,5591842
2025-06-17,1562.45249586964,1588.192976732241,1557.5358118299073,1580.9625244140625,7622083
2025-06-18,1562.7417700471647,1585.589952431105,1562.7417700471647,1574.214111328125,5629707
2025-06-19,1565.5375611980423,1571.4183055533617,1553.5831898154863,1560.2352294921875,5147760
2025-06-20,1560.8136276168789,1572.0930860674746,1551.076642111549,1564.573486328125,9202821
2025-06-23,1543.4605584963404,1543.4605584963404,1518.7806380620095,1527.071533203125,7943676
2025-06-24,1543.4604830931148,1551.172965207259,1519.9373891083474,1524.7576904296875,8083992
2025-06-25,1532.8558375256184,1561.6812632899293,1528.1319186406413,1556.8609619140625,7813533
2025-06-26,1550.9801998907828,1565.6338688312192,1548.8591966999713,1557.92138671875,6519233
2025-06-27,1560.8136478253264,1571.0326636135578,1544.8102701550988,1550.208984375,8912268
2025-06-30,1556.9573602116636,1556.9573602116636,1536.8084767193552,1544.2318115234375,6294505
2025-07-01,1551.1731318297038,1559.5604099565173,1542.9786187031953,1549.05224609375,4178937
2025-07-02,1559.8495930029494,1589.735462831807,1545.7743359105034,1552.619140625,8653641
2025-07-03,1560.331649069145,1573.7321112354073,1556.9574379034102,1560.5244140625,5259695
2025-07-04,1566.5979433677658,1584.3366759246808,1554.3544249759318,1581.733642578125,4411273
2025-07-07,1581.0590301119776,1584.915271648836,1564.670003580329,1568.5262451171875,3294523
2025-07-08,1569.490144015709,1587.035994129852,1563.2237521630664,1579.8055419921875,4590681
2025-07-09,1578.9380931561673,1579.1308581535004,1565.2483655342028,1574.9853515625,4580828
2025-07-10,1579.9985303020203,1579.9985303020203,1549.3413641152463,1557.728759765625,5330179
2025-07-11,1522.3475129338776,1549.341199857552,1506.826166489392,1537.5797119140625,11391755
2025-07-14,1534.5911874414394,1534.5911874414394,1503.7412587495296,1513.8638916015625,9173426
2025-07-15,1508.8507771918205,1545.967099361679,1507.790334380739,1528.614013671875,7614807
2025-07-16,1522.2513030563432,1554.0652948238287,1521.769272878048,1550.1126708984375,6223491
2025-07-17,1540.5684750083872,1552.1371994765352,1523.3117708067696,1526.589599609375,7374814
2025-07-18,1534.8803087969368,1541.821613244393,1523.2152032454187,1529.095947265625,5161833
2025-07-21,1523.2153333190533,1531.8918763569468,1510.4897839367352,1527.36083984375,3682661
2025-07-22,1508.7544033781517,1528.806905141675,1508.7544033781517,1514.4423828125,8473741
2025-07-23,1519.648319505044,1534.6876368616054,1494.2934861823694,1517.9129638671875,8035026
2025-07-24,1523.21527148752,1525.14339208434,1492.558106924831,1496.70361328125,14169664
2025-07-25,1487.930738061539,1493.8114825426642,1456.9844249801497,1461.2261962890625,10851259
2025-07-28,1459.4908778130184,1464.6968268487494,1429.2193615593824,1461.515380859375,6439855
2025-07-29,1458.5267960319763,1462.6721845547067,1442.3305365336291,1459.2979736328125,7070448
2025-07-30,1465.2753927209724,1467.0106307922656,1451.8749299240865,1464.40771484375,5719051
2025-07-31,1455.4418850255533,1472.21655890233,1443.198365471235,1454.76708984375,6851407
2025-08-01,1440.2096707795008,1444.8370894973941,1412.83033538686,1416.782958984375,8702978
2025-08-04,1408.9741142502269,1429.5086455065348,1398.8514812022438,1427.291259765625,8610216
2025-08-05,1425.5558755811649,1425.5558755811649,1402.7076942328947,1407.8172607421875,10213323
2025-08-06,1399.8155998166778,1403.768223634903,1378.895537719122,1385.0654296875,10566934
2025-08-07,1378.60613953599,1390.1748623852432,1363.3739407112198,1385.2581787109375,9892020
2025-08-08,1373.785961785155,1381.6912093691872,1366.169861688454,1371.9542236328125,10048009
2025-08-11,1368.8692198674414,1381.884033692687,1363.1812406590395,1376.870849609375,6625368
2025-08-12,1376.8709588997938,1389.2109785794498,1369.9297713819558,1372.9183349609375,9899184
2025-08-13,1373.7860181657672,1382.462561438393,1371.279484756972,1375.3284912109375,10318063
2025-08-14,1374.9427475738962,1417.1686356270611,1374.9427475738962,1395.6700439453125,12902347
2025-08-18,1412.0590009823861,1412.0590009823861,1378.2205097468736,1384.19775390625,7254561
2025-08-19,1381.2092603896435,1397.309139357621,1381.2092603896435,1388.2469482421875,3986094
2025-08-20,1388.921654258322,1445.1264179190935,1388.921654258322,1442.427001953125,10413061
2025-08-21,1453.802949118853,1453.802949118853,1430.9547668193538,1442.619873046875,6565539
2025-08-22,1444.258688328196,1450.2359327005538,1432.6899649169563,1434.0396728515625,5543397
2025-08-25,1452.549588321255,1483.6887826854402,1452.549588321255,1477.0367431640625,10694531
2025-08-26,1468.2638125760993,1483.1103644867733,1464.021923789744,1474.6265869140625,15994798
2025-08-28,1474.6266696224122,1474.6266696224122,1444.162386475055,1446.1868896484375,5443364
2025-08-29,1447.922152992462,1447.922152992462,1414.951220922169,1416.782958984375,8169075
2025-09-01,1423.6278448203498,1449.368326287933,1423.1458146544753,1445.5120849609375,4546057
2025-09-02,1445.5120710387366,1458.4305028963795,1432.8829043510907,1444.837158203125,5218763
2025-09-03,1446.0904115917858,1447.9221496497632,1420.0607841831338,1425.9415283203125,4623483
2025-09-04,1430.665555379037,1430.665555379037,1407.6244895421655,1410.4202880859375,5787724
2025-09-05,1417.1685500698275,1419.771465639559,1381.4983212585462,1392.681396484375,5466487
2025-09-08,1398.8515684147906,1405.5999908675153,1376.967445534214,1381.402099609375,3811567
2025-09-09,1427.7733097648295,1453.0316426482493,1419.5787971834648,1450.2359619140625,13072640
2025-09-10,1455.8274419814547,1479.7361846012639,1455.056264347903,1477.518798828125,7281071
2025-09-11,1469.1314991861996,1472.6020926929066,1452.3568266067848,1455.4417724609375,8003662
2025-09-12,1481.7606968153777,1487.4486761823323,1466.4321143461764,1470.7703857421875,12856963
2025-09-15,1470.7703889313757,1472.6021270614033,1447.2472937742573,1454.1885986328125,6167414
2025-09-16,1454.18869843609,1459.5874130189484,1449.4647790449067,1456.9844970703125,8923112
2025-09-17,1462.3832147820146,1471.830935901443,1459.58741614181,1467.685546875,4795698
2025-09-18,1494.2935138953433,1499.1138155530703,1483.2068200825713,1485.2313232421875,9331945
2025-09-19,1489.0875921991392,1495.546867150236,1465.4681136380061,1484.845703125,12988129
2025-09-22,1429.4121385641438,1460.2620677071914,1428.7373434373958,1445.6083984375,15655204
2025-09-23,1439.3420265057648,1458.6232324870878,1439.3420265057648,1443.6802978515625,9832164
2025-09-24,1433.7504516255494,1442.909024606748,1429.4121802134027,1440.884521484375,4937004
2025-09-25,1435.4857737282794,1448.6933526456728,1423.4350200871756,1431.436767578125,9491867
2025-09-26,1421.9889772759154,1425.555953399892,1389.4036912657584,1396.8270263671875,8597058
2025-09-29,1407.5280279964163,1412.3483294621576,1384.872611107433,1389.982177734375,10513117
2025-09-30,1391.1390030128964,1400.0083106366037,1386.4150840398418,1389.982177734375,7556305
2025-10-01,1394.031143886091,1397.405354815276,1376.099646484765,1393.83837890625,6250692
2025-10-03,1387.282784330546,1396.2485922754322,1381.6911874663804,1394.609619140625,6877533
2025-10-06,1394.6096065704758,1425.6524188431904,1390.4642178899833,1422.9530029296875,4630590
2025-10-07,1424.5918193613172,1429.6050033943986,1401.743637948074,1406.0819091796875,5570320
2025-10-08,1404.6358503769075,1444.1623224877194,1402.707729786136,1441.2701416015625,4657192
2025-10-09,1448.0185870707542,1459.5873108023447,1433.557682406266,1455.0562744140625,7028753
2025-10-10,1455.7310370996563,1467.0104954131987,1444.933608930849,1460.4549560546875,3738353
2025-10-13,1443.1982662450723,1450.6214834671307,1430.087069727637,1439.5347900390625,5859355
2025-10-14,1445.1264411305913,1459.9729938155936,1433.075686951717,1436.353515625,5600789
2025-10-15,1430.569218120133,1435.1002548224249,1414.7586043879573,1421.41064453125,6986098
2025-10-16,1420.9285143742625,1421.5069270236047,1408.0100826842827,1418.61474609375,8005748
2025-10-17,1402.6114532010124,1405.9856644896408,1382.4625679694304,1389.307373046875,16959378
2025-10-20,1401.4544470050912,1414.276496397426,1397.8874708768014,1408.395751953125,6994246
2025-10-21,1424.881136066363,1432.5936185349226,1417.1686535978035,1419.482421875,1698704
2025-10-23,1455.7310466373283,1490.4372172856354,1451.8748054541832,1473.566162109375,20358624
2025-10-24,1484.1708637038648,1487.5450748262833,1463.4435668090073,1470.57763671875,8652257
2025-10-27,1478.0165606695539,1483.2043487095048,1466.3685916918344,1472.633056640625,7273211
2025-10-28,1467.9347848431598,1474.5908017388306,1458.9296979699484,1468.4241943359375,8211019
2025-10-29,1468.4241778932897,1488.0005573851865,1465.1941469679696,1478.408203125,4884976
2025-10-30,1475.0801523386458,1476.2546872805226,1457.5592692997866,1462.1597900390625,5608867
2025-10-31,1458.4403008415877,1465.3898918009988,1449.3372364048548,1450.9034423828125,4819814
2025-11-03,1450.9033496746388,1459.8105780526128,1442.974820743242,1454.0355224609375,5470600
2025-11-04,1448.3583414401685,1450.511814804534,1431.9142548968182,1436.808349609375,8691330
2025-11-06,1447.2816360762577,1451.58846323567,1430.9354078512456,1435.6336669921875,7944752
2025-11-07,1438.8638806951196,1449.533031326473,1418.4065403991735,1445.5198974609375,8765759
2025-11-10,1458.5381171839108,1487.8048281611332,1458.4402591842686,1481.4425048828125,9787975
2025-11-11,1492.6989304110698,1500.9210336624128,1479.0933228205395,1497.88671875,13692989
2025-11-12,1507.3812396717751,1526.1745164244364,1505.5214596999074,1518.8333740234375,14635417
2025-11-13,1524.1189242683809,1524.5104757353395,1497.8866487683968,1509.14306640625,19655689
2025-11-14,1487.8047537888665,1497.59294295853,1457.2656513734084,1470.9691162109375,9739549
2025-11-17,1464.3132041198487,1478.212385937251,1460.8873376663598,1475.66748046875,7910354
2025-11-18,1474.1013313334302,1474.1013313334302,1451.784211591062,1454.91650390625,7525119
2025-11-19,1458.9296699222182,1510.317665675936,1458.9296699222182,1508.4578857421875,10981126
2025-11-20,1522.0634729079381,1522.0634729079381,1501.5082748815287,1503.955322265625,7387584
2025-11-21,1498.5718033380108,1518.6375916910017,1493.9714020948772,1512.2752685546875,9186302
2025-11-24,1530.4813442936104,1551.4280945139647,1508.3600590826622,1515.2117919921875,19270381
2025-11-25,1516.1905908718425,1517.7566773334454,1493.5798964672151,1498.1802978515625,8107952
2025-11-26,1499.6485223505715,1527.251289037942,1499.6485223505715,1524.902099609375,7575038
2025-11-27,1530.8728564928056,1540.954739594805,1519.3227449478784,1533.2220458984375,7552252
2025-11-28,1531.8516566735827,1535.179665000364,1524.0211050739736,1527.055419921875,4453221
2025-12-01,1529.4045743430058,1540.6609920101703,1523.042251313739,1530.872802734375,5341800
2025-12-02,1533.8093151456649,1546.4361036663386,1523.1401645511503,1527.9364013671875,6335969
2025-12-03,1522.1613705980963,1552.406900951154,1521.182551618934,1545.261474609375,12895312
2025-12-04,1534.7880917871573,1565.1314788059085,1534.7880917871573,1563.7611083984375,12609619
2025-12-05,1575.8985332981872,1597.2368345243183,1566.1103436503722,1581.9671630859375,10344725
2025-12-08,1582.8481284293375,1595.4749170068917,1566.306063981828,1576.681640625,7550413
2025-12-09,1567.2848235795727,1572.8641631737528,1548.883099378693,1565.1314697265625,6957599
2025-12-10,1573.9408513587562,1573.9408513587562,1549.2746619298632,1551.2322998046875,5116140
2025-12-11,1564.1527099609375,1573.3536321517727,1547.023378030827,1564.1527099609375,5159319
2025-12-12,1567.4806809838458,1567.8722324584342,1549.0788370408115,1564.348388671875,4633912
2025-12-15,1551.4280562362142,1576.6816332735752,1551.4280562362142,1572.766357421875,4190558
2025-12-16,1566.1103574156468,1569.0468143358012,1552.0153403019585,1559.1607666015625,5499258
2025-12-17,1553.5814245843821,1572.8642300238714,1552.4068896118622,1568.0679931640625,4817628
2025-12-18,1576.3879761796316,1595.4749463972676,1572.6684162407605,1592.3427734375,6577293
2025-12-19,1615.0513027562847,1619.847539612933,1595.2792073285575,1603.9906005859375,13149023
2025-12-22,1628.7547583833573,1657.3362243784013,1628.7547583833573,1653.8125,23098923
2025-12-23,1643.4370603643276,1643.4370603643276,1621.3157754082474,1632.9637451171875,6593060
2025-12-24,1625.8182910699556,1632.2784723030877,1617.4983299175808,1628.16748046875,4271167
2025-12-26,1628.167521100225,1633.453167508233,1616.7152673020842,1621.0220947265625,2006491
2025-12-29,1622.8818655924697,1637.6620082639456,1602.4245250544589,1609.863525390625,4062817
2025-12-30,1612.1148331917736,1612.9957941560388,1582.554548282334,1587.2528076171875,9395937
2025-12-31,1586.6655664923117,1594.1045668429529,1575.1154547350545,1581.1842041015625,6538656
2026-01-01,1581.184158007412,1604.8715288376811,1579.9116455766828,1595.2791748046875,3658165
2026-01-02,1601.2499777187402,1608.6889779975038,1593.0278744696911,1605.6546630859375,2524526
2026-01-05,1602.3265912739637,1602.3265912739637,1549.568226955718,1572.374755859375,5917885
2026-01-06,1566.2081943610224,1585.5888575673962,1565.1315174017209,1578.0518798828125,4466729
2026-01-07,1580.7926463324388,1607.2207586859843,1580.7926463324388,1604.2843017578125,4508079
2026-01-08,1604.186403368615,1609.472049603195,1574.5281413468902,1579.128662109375,3942131
2026-01-09,1575.898487352098,1596.747378487979,1572.9620305433675,1579.91162109375,6816681
2026-01-12,1575.996349102621,1579.1286413969012,1558.867017677559,1562.09716796875,6985362
2026-01-13,1583.7290294043642,1583.7290294043642,1552.7983751003353,1565.1314697265625,8080618
2026-01-14,1554.3644397699236,1582.7501883551427,1549.5682031809922,1565.91455078125,7557157
2026-01-15,1565.91455078125,1565.91455078125,1565.91455078125,1565.91455078125,0
2026-01-16,1628.461030733189,1658.119292555676,1618.3792672921977,1654.00830078125,19335957
2026-01-19,1649.309891747184,1649.309891747184,1631.201741600405,1645.59033203125,5104958
2026-01-20,1637.5641409981627,1644.6115898062917,1617.889903547792,1623.7628173828125,6406503
2026-01-21,1616.0301458476063,1621.9030597634667,1596.6494821313709,1619.358154296875,6224582
2026-01-22,1630.712428320841,1635.8022392467942,1618.7708845027832,1628.265380859375,6228892
2026-01-23,1631.8869227568262,1640.2068839190629,1626.9928279555104,1635.4107666015625,5869137
2026-01-27,1650.0930280724322,1653.6167523834592,1625.9161283991023,1647.05859375,10673087
2026-01-28,1644.4158380681818,1653.029492632909,1615.05126953125,1631.2017822265625,8588664
2026-01-29,1622.8818691859371,1631.2018305177105,1607.318623503672,1624.35009765625,4749582
2026-01-30,1619.9454090553113,1619.9454090553113,1583.8269648597889,1606.241943359375,9207926
2026-02-02,1626.7970461591942,1626.7970461591942,1583.7290136495644,1594.8875732421875,6784887
2026-02-03,1690.616056346825,1691.3991593070652,1617.9877374621406,1620.9241943359375,8805868
2026-02-04,1540.66097646391,1551.3301265638145,1478.1144237257668,1503.2701416015625,28828622
2026-02-05,1501.5082372972433,1518.1481590925844,1483.5958031001303,1488.00048828125,10628127
2026-02-06,1489.86026239605,1492.6988611765453,1448.6520095352703,1475.177978515625,13900866
2026-02-09,1489.8602864300617,1495.6353420798034,1461.376679139494,1465.4876708984375,8294615
2026-02-10,1468.2284271414342,1483.7916723660803,1459.4190565785855,1466.0750732421875,8657000
2026-02-11,1469.4029562852068,1474.003477029586,1437.885033967625,1440.7236328125,7934411
2026-02-12,1398.6344233110094,1405.2903204885395,1351.259562174479,1356.64306640625,26048896
2026-02-13,1266.493817560756,1348.1273389393946,1254.3564391221673,1340.1009521484375,45785709
2026-02-16,1344.6035807140283,1346.854912154694,1309.953484521095,1336.6751708984375,14621891
2026-02-17,1340.9819956812096,1400.6899531531467,1338.0455387563604,1361.73291015625,25347684
2026-02-18,1361.4392729027982,1371.3253201935424,1316.805153615715,1344.603515625,20241373
2026-02-19,1355.6643110050506,1372.3042339560152,1334.326009074035,1341.471435546875,14574228
2026-02-20,1330.4106332686276,1336.0878308198503,1309.8554358713993,1324.5377197265625,12633552
2026-02-23,1323.3632672728343,1323.3632672728343,1290.0834217940796,1299.3822021484375,12887826
2026-02-24,1273.4434027288626,1275.988307999553,1237.3249610296912,1248.4835205078125,27839061
2026-02-25,1258.9568742250233,1295.564726518415,1258.9568742250233,1262.7742919921875,16669618
2026-02-26,1277.848187510079,1286.168148899459,1259.054910753846,1261.7955322265625,11493914
2026-02-27,1298.207628321947,1306.723305439908,1266.7874442662774,1272.5625,23141724
2026-03-02,1263.6552272829085,1271.290062662244,1246.0364867011174,1261.5997314453125,9700361
2026-03-04,1264.6340504084835,1289.104523520103,1264.6340504084835,1279.7078857421875,15154950
2026-03-05,1292.0410271405913,1292.0410271405913,1262.7743163409898,1278.141845703125,10362147
2026-03-06,1275.4011212294208,1299.0884925711757,1275.4011212294208,1280.686767578125,8724291
2026-03-09,1262.676497890922,1290.0834296280893,1255.3353554613236,1287.14697265625,10068514
2026-03-10,1292.0410437407636,1293.0198627132945,1256.9014187299574,1268.1578369140625,9600171
2026-03-11,1260.7188580118502,1271.975276386956,1244.3726286871142,1249.2667236328125,7868891
2026-03-12,1245.5471752363726,1251.5179472285731,1231.3542997621664,1238.9891357421875,7599940
2026-03-13,1224.5025045780033,1242.7085131232232,1216.280401513626,1221.8597412109375,7366098
2026-03-16,1213.931245180508,1227.7326883178384,1198.2701415781937,1223.3280029296875,12314450
2026-03-17,1218.6295738865974,1218.6295738865974,1189.3628638376754,1206.785888671875,11223276
2026-03-18,1211.7778669014497,1263.459555545422,1208.7435520363658,1240.261474609375,12365381
2026-03-19,1217.846529327881,1228.4178221249233,1189.3629208552388,1194.9422607421875,9156461
2026-03-20,1215.6930991638783,1238.0102183433878,1203.1641691885866,1229.2987060546875,27299975
2026-03-23,1211.9735596886824,1234.3885372371806,1201.4023868626336,1230.1796875,12420293
2026-03-24,1242.1213008151199,1269.5282325903943,1224.5025589595862,1251.224365234375,13613495
2026-03-25,1243.100095463166,1263.263742406015,1230.4733068170258,1252.00732421875,10824030
2026-03-27,1257.9780904958054,1267.3748481809973,1236.444073189259,1242.806396484375,13092541
2026-03-30,1223.5236944376795,1238.6953882487069,1216.6719617488286,1224.1109619140625,14108486
2026-04-01,1262.6764804554484,1275.4011271577126,1242.610691424955,1248.6793212890625,8137156
2026-04-02,1233.3119397486187,1277.7503462365091,1233.116223742555,1273.247802734375,12873492
2026-04-06,1273.8350657038357,1292.041075138383,1271.4858762157266,1278.5333251953125,10208682
2026-04-07,1274.4222980187042,1316.609371698259,1266.1023367797188,1311.0301513671875,15355792
2026-04-08,1320.4267760360608,1347.7358488962445,1302.8080347694565,1317.68603515625,16030133
2026-04-09,1301.7313192842819,1309.170319257509,1286.1680743957882,1303.395263671875,14894607
2026-04-10,1290.0834192154255,1290.9643801968148,1256.1184483091881,1265.12353515625,19233369
2026-04-13,1245.0577246851824,1261.6976471062894,1238.8911174058185,1249.756103515625,10366082
2026-04-15,1278.631284802942,1294.4881045276459,1272.9540869097948,1277.6524658203125,12098912
2026-04-16,1294.0965334739733,1302.808046184627,1281.2740288923192,1291.2579345703125,18527029
2026-04-17,1285.1893342368037,1300.165312581974,1278.4354593069281,1290.7685546875,12064048
2026-04-20,1292.0410136169874,1296.8372503675125,1280.3930442184933,1284.7977294921875,7172300
2026-04-21,1282.2528368892558,1296.9351212811175,1271.7795218169556,1285.385009765625,10057440
2026-04-22,1267.5705813427946,1270.2133447995752,1229.2987830540255,1241.729736328125,20088378
2026-04-23,1227.438951608261,1238.891085420282,1200.0320212693207,1214.32275390625,14792854
2026-04-24,1174.5826894228176,1197.9764852174349,1127.7950978335834,1130.144287109375,42078914
2026-04-27,1130.1443119385692,1154.9084786451926,1130.04645394258,1145.5118408203125,19579883
2026-04-28,1138.0727223885278,1144.6308809119316,1125.4460537763027,1127.697265625,12720276
2026-04-29,1133.961747660014,1153.2444330805374,1132.2978032475876,1142.7711181640625,8303109
2026-04-30,1142.7711514334947,1164.5988623339997,1135.0384576467616,1156.768310546875,12205669
2026-05-01,1156.768310546875,1156.768310546875,1156.768310546875,1156.768310546875,0
2026-05-04,1169.6886601132755,1169.6886601132755,1140.5198072387318,1143.652099609375,7735811
2026-05-05,1144.728787187228,1160.0961972461241,1135.5278649580357,1153.1466064453125,8164108
2026-05-06,1161.8580797644604,1166.2627649868193,1139.443102180398,1142.4774169921875,9856963
2026-05-07,1148.1546369607545,1150.5038263553197,1134.6468875555572,1138.07275390625,12013987
2026-05-08,1136.4088093734103,1158.4322359116547,1134.2554554613432,1154.2232666015625,7582770
2026-05-11,1151.0911273032605,1161.8581361470833,1147.2737093616843,1152.0699462890625,7336288
2026-05-12,1137.3876630949442,1137.3876630949442,1099.2137225952,1116.1473388671875,16891948
2026-05-13,1112.5255790772605,1118.398492694932,1097.2560275682617,1099.3115234375,6664111
2026-05-14,1096.0815207310736,1098.137016652994,1065.933848927119,1071.8067626953125,16914842
2026-05-15,1078.658538900176,1109.1976439317652,1078.266987402901,1095.2984619140625,17482450
2026-05-18,1095.2984136735845,1121.8243835304838,1094.319594715878,1118.3006591796875,12096377
2026-05-19,1137.3876555901809,1173.0166903851343,1137.3876555901809,1171.5484619140625,32175705
2026-05-20,1161.8580984968487,1181.3366195800531,1159.802602590221,1168.4161376953125,15121010
2026-05-21,1170.7653346096859,1176.3446743746752,1152.0699163634372,1156.180908203125,10021033
2026-05-22,1157.4533539662823,1166.5564175672662,1147.6651649263981,1149.622802734375,8803066
2026-05-25,1157.9428754813864,1159.900513478819,1141.4008105061328,1143.75,5856136
2026-05-26,1141.5965459846338,1155.6914427435413,1138.2685377836078,1142.966796875,8005767
2026-05-27,1136.4088302961693,1142.5754376343073,1130.5359164445094,1135.3321533203125,6371871
2026-05-28,1135.3321533203125,1135.3321533203125,1135.3321533203125,1135.3321533203125,0
2026-05-29,1156.96396849116,1184.370898370815,1129.1654871448488,1136.3109130859375,69085430
2026-06-01,1150.1122640819906,1191.222659904496,1148.8397516554953,1177.02978515625,19439331
2026-06-02,1206.3943648530496,1251.811588367994,1206.3943648530496,1243.8831787109375,36032600
2026-06-03,1215.7909483013548,1223.425783618914,1190.2437985614154,1196.7039794921875,18534303
2026-06-04,1182.4132636253246,1189.4607121046952,1170.8631524946943,1175.855224609375,12755957
2026-06-05,1194.159169493737,1197.8787294549086,1169.0035692089534,1172.1357421875,8692290
2026-06-08,1152.559265415463,1175.26781631171,1151.5804465064052,1162.4453125,8631711
2026-06-09,1168.3182691086097,1168.3182691086097,1142.5754025403635,1155.300048828125,10984054
2026-06-10,1160.0999755859375,1171.4000244140625,1143.300048828125,1145.300048828125,8887626
2026-06-11,1129.699951171875,1133.699951171875,1109.0,1114.5999755859375,9372176
2026-06-12,1120.0,1123.300048828125,1111.5,1116.4000244140625,8075333
2026-06-15,1130.0,1151.0,1123.0,1134.9000244140625,7856192
2026-06-16,1136.9000244140625,1153.800048828125,1123.199951171875,1143.5999755859375,10456090
2026-06-17,1149.0,1162.5,1148.0,1157.699951171875,5995119
2026-06-18,1142.9000244140625,1142.9000244140625,1125.300048828125,1127.5,16781447
2026-06-19,1062.300048828125,1066.0,1030.0,1051.4000244140625,45665442
2026-06-22,1055.0,1080.300048828125,1055.0,1065.4000244140625,10178505
2026-06-23,1053.800048828125,1055.300048828125,1026.0,1029.300048828125,19323064
2026-06-24,1040.9000244140625,1065.5,1037.699951171875,1056.5999755859375,12346266
2026-06-25,1065.0,1068.0,1039.0999755859375,1041.199951171875,15866779
2026-06-26,1041.199951171875,1041.199951171875,1041.199951171875,1041.199951171875,0
2026-06-29,1037.0999755859375,1046.5999755859375,1029.0999755859375,1036.699951171875,15080892
2026-06-30,1030.0,1030.4000244140625,996.0,1000.4000244140625,24128263
2026-07-01,1006.0,1014.0,982.4000244140625,985.2999877929688,13037982
2026-07-02,1006.4000244140625,1045.0,1006.0,1040.9000244140625,18741111
2026-07-03,1063.0,1068.699951171875,1042.0,1047.199951171875,11653534
2026-07-06,1050.0999755859375,1053.0,1033.0,1042.199951171875,5559747
2026-07-07,1040.5999755859375,1087.5,1040.5999755859375,1071.800048828125,18866296
2026-07-08,1071.9000244140625,1079.699951171875,1064.4000244140625,1069.300048828125,13022221
2026-07-09,1062.699951171875,1062.699951171875,1040.4000244140625,1050.800048828125,9003333
2026-07-10,1075.0,1091.300048828125,1064.699951171875,1068.0,9747266
2026-07-13,1057.0999755859375,1114.9000244140625,1057.0999755859375,1102.5999755859375,20994760
2026-07-14,1107.800048828125,1113.5,1090.0,1092.9000244140625,14819413
2026-07-15,1079.0,1088.0999755859375,1073.0,1076.300048828125,8501933
2026-07-16,1082.5,1097.300048828125,1077.9000244140625,1082.4000244140625,8592146
2026-07-17,1105.0,1116.800048828125,1092.0,1096.5,12547728
2026-07-20,1102.0,1103.800048828125,1083.199951171875,1087.0999755859375,6372645
2026-07-21,1080.0,1094.5,1067.199951171875,1073.5,9485229
2026-07-22,1064.0,1069.300048828125,1046.199951171875,1052.0999755859375,7517203
2026-07-23,1046.9000244140625,1058.5,1032.0,1047.4000244140625,13794578
2026-07-24,1028.0,1043.4000244140625,1013.9000244140625,1040.9000244140625,29036900
2026-07-27,1065.0,1082.0,1057.4000244140625,1079.199951171875,15956349
2026-07-28,1097.0,1118.5,1097.0,1105.699951171875,28100895
2026-07-29,1147.0,1164.5,1128.4000244140625,1155.5999755859375,34400369
2026-07-30,1168.0,1187.699951171875,1151.300048828125,1155.0999755859375,22630218
2026-07-31,1118.9000244140625,1139.300048828125,1107.199951171875,1130.0999755859375,14367075
2026-08-03,1145.0999755859375,1180.0,1138.0999755859375,1180.0,8582270
2026-08-04,1168.0,1175.699951171875,1153.300048828125,1167.5,9243589
2026-08-05,1174.699951171875,1177.5,1162.300048828125,1174.0,9964155
2026-08-06,1174.0999755859375,1185.800048828125,1163.0,1165.0,8521064
2026-08-07,1160.0,1183.0,1155.5999755859375,1175.0999755859375,7581410
2026-08-10,1178.0999755859375,1195.0,1175.199951171875,1183.0,9377001
2026-08-11,1188.0,1193.5,1182.0,1190.699951171875,10160091
2026-08-12,1185.5999755859375,1190.4000244140625,1163.300048828125,1176.0999755859375,7529777
2026-08-13,1170.0,1175.0,1157.0,1175.0,6234215
2026-08-14,1170.4000244140625,1174.0999755859375,1158.9000244140625,1169.199951171875,5844763
2026-08-17,1163.9000244140625,1166.5,1129.699951171875,1139.9000244140625,5817153
2026-08-18,1124.5,1131.9000244140625,1112.5,1115.0,8851110
2026-08-19,1125.5999755859375,1134.699951171875,1113.800048828125,1119.800048828125,8408573
2026-08-20,1143.0,1144.699951171875,1125.699951171875,1130.0,8559841
2026-08-21,1133.0,1133.5,1118.0,1121.0,6094967
2026-08-24,1126.5,1144.5,1122.0,1130.0,8565354
2026-08-25,1132.0,1144.0,1119.9000244140625,1144.0,8121237
2026-08-26,1142.0,1142.0,1118.300048828125,1120.0,6323984
2026-08-27,1120.0,1130.699951171875,1107.199951171875,1110.800048828125,6933998
2026-08-28,1123.5999755859375,1145.0,1123.300048828125,1144.0,9621969
2026-08-31,1138.5999755859375,1143.9000244140625,1111.0999755859375,1133.800048828125,8808120
2026-09-01,1128.0,1156.0,1125.5999755859375,1156.0,13516123
2026-09-02,1137.699951171875,1147.800048828125,1118.5999755859375,1140.0,8564358
2026-09-03,1144.0,1144.0,1122.5,1130.300048828125,5786250
2026-09-04,1133.0,1146.699951171875,1125.4000244140625,1130.0,5881388
2026-09-07,1109.5,1109.9000244140625,1085.0,1087.5,7668346
2026-09-08,1095.0,1095.0,1078.9000244140625,1082.0,6269037
2026-09-09,1059.0,1059.0,1026.5,1035.0,13530457
2026-09-10,1039.5999755859375,1046.5999755859375,1027.300048828125,1036.5,8998529
2026-09-11,1032.0,1047.300048828125,1029.699951171875,1037.699951171875,6168088
2026-09-14,1037.699951171875,1037.699951171875,1037.699951171875,1037.699951171875,0
2026-09-15,1085.0,1097.699951171875,1071.699951171875,1077.0,14816117
2026-09-16,1082.5,1085.0999755859375,1053.5,1060.0,6230590
2026-09-17,1054.9000244140625,1063.5999755859375,1048.5999755859375,1058.5999755859375,5469865
2026-09-18,1061.9000244140625,1061.9000244140625,1038.0,1051.4000244140625,22124953
2026-09-21,1041.5,1044.5,1030.300048828125,1038.5,6074358
2026-09-22,1037.699951171875,1041.0,1019.2000122070312,1029.4000244140625,9341109
2026-09-23,1021.7999877929688,1029.4000244140625,1015.0999755859375,1020.5,5108734
2026-09-24,1015.0,1022.7999877929688,1005.2000122070312,1014.5,6891893
2026-09-25,999.5,1004.2000122070312,991.5999755859375,1000.2000122070312,10240700
2026-09-28,1002.0,1004.2000122070312,989.2999877929688,993.4000244140625,1997624
